ID	LABEL	Type
http://www.ifomis.org/bfo/1.1/span#TimeInstant	Time_Instant	Class
http://www.ifomis.org/bfo/1.1/span#TimeInterval	Time_Interval	Class
http://www.modiag.it#ADAS	Alzheimer’s_Disease_Assessment_Scale	Class
http://www.modiag.it#APOEGenotyping	Apolipoprotein_E_Genotyping	Class
http://www.modiag.it#AttentionAndCalculationItem	Attention_and_Calculation_Item	Class
http://www.modiag.it#BehaviouralAssessment	Behavioural_Assessment	Class
http://www.modiag.it#CCI	Cognitive_Change_Index	Class
http://www.modiag.it#CDR	Clinical_Dementia_Rating_Scale	Class
http://www.modiag.it#CDRItem	CDR_Item	Class
http://www.modiag.it#CDR_CommunityAffairsItem	CDR_Community_Affairs_Item	Class
http://www.modiag.it#CDR_HomeAndHobbiesItem	CDR_Home_and_Hobbies_Item	Class
http://www.modiag.it#CDR_JudgementAndProblemSolvingItem	CDR_Judgement_and_Problem_Solving_Item	Class
http://www.modiag.it#CDR_MemoryItem	CDR_Memory_Item	Class
http://www.modiag.it#CDR_OrientationItem	CDR_Orientation_Item	Class
http://www.modiag.it#CDR_PersonalCareItem	CDR_Personal_Care_Item	Class
http://www.modiag.it#CheckItem	Check_Item	Class
http://www.modiag.it#ClinicalExam	Clinical_Exam	Class
http://www.modiag.it#CognitiveAssessment	Cognitive_Assessment	Class
http://www.modiag.it#CopyingItem	Copying_Item	Class
http://www.modiag.it#DNA_MethylationProfiling	DNA_Methylation_Profiling	Class
http://www.modiag.it#DailyFunctioningItem	Daily_Functioning_Item	Class
http://www.modiag.it#DepressionItem	Depression_Item	Class
http://www.modiag.it#ECG	Electrocardiography	Class
http://www.modiag.it#EatingItem	Eating_Item	Class
http://www.modiag.it#EvaluationItem	Evaluation_Item	Class
http://www.modiag.it#Examination	Examination	Class
http://www.modiag.it#FAQ	Functional_Activities_Questionnaire	Class
http://www.modiag.it#FAQItem	FAQ_Item	Class
http://www.modiag.it#FAQ_BeveragesItem	FAQ_Beverages_Item	Class
http://www.modiag.it#FAQ_EventsItem	FAQ_Events_Item	Class
http://www.modiag.it#FAQ_FinancesItem	FAQ_Finances_Item	Class
http://www.modiag.it#FAQ_FormsItem	FAQ_Forms_Item	Class
http://www.modiag.it#FAQ_GamesItem	FAQ_Games_Item	Class
http://www.modiag.it#FAQ_MealItem	FAQ_Meal_Item	Class
http://www.modiag.it#FAQ_MemoryItem	FAQ_Memory_Item	Class
http://www.modiag.it#FAQ_ShopItem	FAQ_Shop_Item	Class
http://www.modiag.it#FAQ_TelevisionItem	FAQ_Television_Item	Class
http://www.modiag.it#FAQ_TravelItem	FAQ_Travel_Item	Class
http://www.modiag.it#FCI-SF	Financial_Capacity_Instrument_Short_Form	Class
http://www.modiag.it#FunctionalAssessment	Functional_Assessment	Class
http://www.modiag.it#GDS	Geriatric_Depression_Scale	Class
http://www.modiag.it#GDSItem	GDS_Item	Class
http://www.modiag.it#GDS_AliveFeelingItem	GDS_Alive_Feeling_Item	Class
http://www.modiag.it#GDS_BoredomeItem	GDS_Boredome_Item	Class
http://www.modiag.it#GDS_DroppingItem	GDS_Dropping_Item	Class
http://www.modiag.it#GDS_EmptinessItem	GDS_Emptiness_Item	Class
http://www.modiag.it#GDS_EnergyItem	GDS_Energy_Item	Class
http://www.modiag.it#GDS_FearItem	GDS_Fear_Item	Class
http://www.modiag.it#GDS_GoodSpiritItem	GDS_Good_Spirit_Item	Class
http://www.modiag.it#GDS_HappinessItem	GDS_Happiness_Item	Class
http://www.modiag.it#GDS_HelplessnessItem	GDS_Helplessness_Item	Class
http://www.modiag.it#GDS_HomeStayingItem	GDS_Home_Staying_Item	Class
http://www.modiag.it#GDS_HopeItem	GDS_Hope_Item	Class
http://www.modiag.it#GDS_MemoryItem	GDS_Memory_Item	Class
http://www.modiag.it#GDS_PeopleItem	GDS_People_Item	Class
http://www.modiag.it#GDS_SatisfactionItem	GDS_Satisfaction_Item	Class
http://www.modiag.it#GDS_WorthlessItem	GDS_Worthless_Item	Class
http://www.modiag.it#GeneExpression	Gene_Expression	Class
http://www.modiag.it#GeneticExam	Genetic_Exam	Class
http://www.modiag.it#Genotyping	Genotyping	Class
http://www.modiag.it#LanguageItem	Language_Item	Class
http://www.modiag.it#MHIS	Modified_Hachinski_Ischemia_Scale	Class
http://www.modiag.it#MMSE	Mini-Mental_State_Examination	Class
http://www.modiag.it#MMSEItem	MMSE_Item	Class
http://www.modiag.it#MMSE_AttentionAndCalculationItem_1	MMSE_Attention_and_Calculation_Item_1	Class
http://www.modiag.it#MMSE_AttentionAndCalculationItem_2	MMSE_Attention_and_Calculation_Item_2	Class
http://www.modiag.it#MMSE_AttentionAndCalculationItem_3	MMSE_Attention_and_Calculation_Item_3	Class
http://www.modiag.it#MMSE_AttentionAndCalculationItem_4	MMSE_Attention_and_Calculation_Item_4	Class
http://www.modiag.it#MMSE_AttentionAndCalculationItem_5	MMSE_Attention_and_Calculation_Item_5	Class
http://www.modiag.it#MMSE_LanguageItem_1	MMSE_Language_Item_1	Class
http://www.modiag.it#MMSE_LanguageItem_2	MMSE_Language_Item_2	Class
http://www.modiag.it#MMSE_LanguageItem_3	MMSE_Language_Item_3	Class
http://www.modiag.it#MMSE_LanguageItem_4	MMSE_Language_Item_4	Class
http://www.modiag.it#MMSE_LanguageItem_5	MMSE_Language_Item_5	Class
http://www.modiag.it#MMSE_LanguageItem_6	MMSE_Language_Item_6	Class
http://www.modiag.it#MMSE_LanguageItem_7	MMSE_Language_Item_7	Class
http://www.modiag.it#MMSE_LanguageItem_8	MMSE_Language_Item_8	Class
http://www.modiag.it#MMSE_LanguageItem_9	MMSE_Language_Item_9	Class
http://www.modiag.it#MMSE_OrientationItem_1	MMSE_Orientation_Item_1	Class
http://www.modiag.it#MMSE_OrientationItem_10	MMSE_Orientation_Item_10	Class
http://www.modiag.it#MMSE_OrientationItem_2	MMSE_Orientation_Item_2	Class
http://www.modiag.it#MMSE_OrientationItem_3	MMSE_Orientation_Item_3	Class
http://www.modiag.it#MMSE_OrientationItem_4	MMSE_Orientation_Item_4	Class
http://www.modiag.it#MMSE_OrientationItem_5	MMSE_Orientation_Item_5	Class
http://www.modiag.it#MMSE_OrientationItem_6	MMSE_Orientation_Item_6	Class
http://www.modiag.it#MMSE_OrientationItem_7	MMSE_Orientation_Item_7	Class
http://www.modiag.it#MMSE_OrientationItem_8	MMSE_Orientation_Item_8	Class
http://www.modiag.it#MMSE_OrientationItem_9	MMSE_Orientation_Item_9	Class
http://www.modiag.it#MMSE_OrientationItem_V_1	MMSE_Orientation_Item_V_1	Class
http://www.modiag.it#MMSE_OrientationItem_V_10	MMSE_Orientation_Item_V_10	Class
http://www.modiag.it#MMSE_OrientationItem_V_2	MMSE_Orientation_Item_V_2	Class
http://www.modiag.it#MMSE_OrientationItem_V_3	MMSE_Orientation_Item_V_3	Class
http://www.modiag.it#MMSE_OrientationItem_V_4	MMSE_Orientation_Item_V_4	Class
http://www.modiag.it#MMSE_OrientationItem_V_5	MMSE_Orientation_Item_V_5	Class
http://www.modiag.it#MMSE_OrientationItem_V_6	MMSE_Orientation_Item_V_6	Class
http://www.modiag.it#MMSE_OrientationItem_V_7	MMSE_Orientation_Item_V_7	Class
http://www.modiag.it#MMSE_OrientationItem_V_8	MMSE_Orientation_Item_V_8	Class
http://www.modiag.it#MMSE_OrientationItem_V_9	MMSE_Orientation_Item_V_9	Class
http://www.modiag.it#MMSE_RecallItem_1	MMSE_Recall_Item_1	Class
http://www.modiag.it#MMSE_RecallItem_2	MMSE_Recall_Item_2	Class
http://www.modiag.it#MMSE_RecallItem_3	MMSE_Recall_Item_3	Class
http://www.modiag.it#MMSE_RegistrationItem_1	MMSE_Registration_Item_1	Class
http://www.modiag.it#MMSE_RegistrationItem_2	MMSE_Registration_Item_2	Class
http://www.modiag.it#MMSE_RegistrationItem_3	MMSE_Registration_Item_3	Class
http://www.modiag.it#MMSE_RegistrationItem_4	MMSE_Registration_Item_4	Class
http://www.modiag.it#MemoryItem	Memory_Item	Class
http://www.modiag.it#MoCA	Montreal_Cognitive_Assessment	Class
http://www.modiag.it#NB_AmericanNationalAdultReadingTestItem_1	NB_American_National_Adult_Reading_Test_Item_1	Class
http://www.modiag.it#NB_AmericanNationalAdultReadingTestItem_2	NB_American_National_Adult_Reading_Test_Item_2	Class
http://www.modiag.it#NB_BostonNamingTestItem_1	NB_Boston_Naming_Test_Item_1	Class
http://www.modiag.it#NB_BostonNamingTestItem_2	NB_Boston_Naming_Test_Item_2	Class
http://www.modiag.it#NB_BostonNamingTestItem_3	NB_Boston_Naming_Test_Item_3	Class
http://www.modiag.it#NB_BostonNamingTestItem_4	NB_Boston_Naming_Test_Item_4	Class
http://www.modiag.it#NB_BostonNamingTestItem_5	NB_Boston_Naming_Test_Item_5	Class
http://www.modiag.it#NB_BostonNamingTestItem_6	NB_Boston_Naming_Test_Item_6	Class
http://www.modiag.it#NB_CategoryFluencyTestItem_1	NB_Category_Fluency_Test_Item_1	Class
http://www.modiag.it#NB_CategoryFluencyTestItem_2	NB_Category_Fluency_Test_Item_2	Class
http://www.modiag.it#NB_CategoryFluencyTestItem_3	NB_Category_Fluency_Test_Item_3	Class
http://www.modiag.it#NB_CategoryFluencyTestVegetablesItem_1	NB_Category_Fluency_Test_Vegetables_Item_1	Class
http://www.modiag.it#NB_CategoryFluencyTestVegetablesItem_2	NB_Category_Fluency_Test_Vegetables_Item_2	Class
http://www.modiag.it#NB_CategoryFluencyTestVegetablesItem_3	NB_Category_Fluency_Test_Vegetables_Item_3	Class
http://www.modiag.it#NB_ClockCopyingItem_1	NB_Clock_Copying_Item_1	Class
http://www.modiag.it#NB_ClockCopyingItem_2	NB_Clock_Copying_Item_2	Class
http://www.modiag.it#NB_ClockCopyingItem_3	NB_Clock_Copying_Item_3	Class
http://www.modiag.it#NB_ClockCopyingItem_4	NB_Clock_Copying_Item_4	Class
http://www.modiag.it#NB_ClockCopyingItem_5	NB_Clock_Copying_Item_5	Class
http://www.modiag.it#NB_ClockCopyingItem_6	NB_Clock_Copying_Item_6	Class
http://www.modiag.it#NB_ClockDrawingTestItem_1	NB_Clock_Drawing_Test_Item_1	Class
http://www.modiag.it#NB_ClockDrawingTestItem_2	NB_Clock_Drawing_Test_Item_2	Class
http://www.modiag.it#NB_ClockDrawingTestItem_3	NB_Clock_Drawing_Test_Item_3	Class
http://www.modiag.it#NB_ClockDrawingTestItem_4	NB_Clock_Drawing_Test_Item_4	Class
http://www.modiag.it#NB_ClockDrawingTestItem_5	NB_Clock_Drawing_Test_Item_5	Class
http://www.modiag.it#NB_ClockDrawingTestItem_6	NB_Clock_Drawing_Test_Item_6	Class
http://www.modiag.it#NB_DigitSpanBackwardItem_1	NB_Digit_Span_Backward_Item_1	Class
http://www.modiag.it#NB_DigitSpanBackwardItem_2	NB_Digit_Span_Backward_Item_2	Class
http://www.modiag.it#NB_DigitSpanForwardItem_1	NB_Digit_Span_Forward_Item_1	Class
http://www.modiag.it#NB_DigitSpanForwardItem_2	NB_Digit_Span_Forward_Item_2	Class
http://www.modiag.it#NB_DigitSymbolSubstitutionItem_1	NB_Digit_Symbol_Substitution_Item_1	Class
http://www.modiag.it#NB_LogicalMemoryTestItem_1	NB_Logical_Memory_Test_Item_1	Class
http://www.modiag.it#NB_LogicalMemoryTestItem_2	NB_Logical_Memory_Test_Item_2	Class
http://www.modiag.it#NB_LogicalMemoryTestItem_3	NB_Logical_Memory_Test_Item_3	Class
http://www.modiag.it#NB_LogicalMemoryTestItem_4	NB_Logical_Memory_Test_Item_4	Class
http://www.modiag.it#NB_LogicalMemoryTestItem_5	NB_Logical_Memory_Test_Item_5	Class
http://www.modiag.it#NB_LogicalMemoryTestItem_6	NB_Logical_Memory_Test_Item_6	Class
http://www.modiag.it#NB_MultilingualNamingTestItem_1	NB_Multilingual_Naming_Test_Item_1	Class
http://www.modiag.it#NB_MultilingualNamingTestItem_2	NB_Multilingual_Naming_Test_Item_2	Class
http://www.modiag.it#NB_MultilingualNamingTestItem_3	NB_Multilingual_Naming_Test_Item_3	Class
http://www.modiag.it#NB_ReyAuditoryLearningTestItem_1	NB_Rey_Auditory_Learning_Test_Item_1	Class
http://www.modiag.it#NB_ReyAuditoryLearningTestItem_2	NB_Rey_Auditory_Learning_Test_Item_2	Class
http://www.modiag.it#NB_ReyAuditoryLearningTestItem_3	NB_Rey_Auditory_Learning_Test_Item_3	Class
http://www.modiag.it#NB_ReyAuditoryLearningTestItem_4	NB_Rey_Auditory_Learning_Test_Item_4	Class
http://www.modiag.it#NB_ReyAuditoryVerbalLearningTestItem_1	NB_Rey_Auditory_Verbal_Learning_Test_Item_1	Class
http://www.modiag.it#NB_ReyAuditoryVerbalLearningTestItem_10	NB_Rey_Auditory_Verbal_Learning_Test_Item_10	Class
http://www.modiag.it#NB_ReyAuditoryVerbalLearningTestItem_11	NB_Rey_Auditory_Verbal_Learning_Test_Item_11	Class
http://www.modiag.it#NB_ReyAuditoryVerbalLearningTestItem_12	NB_Rey_Auditory_Verbal_Learning_Test_Item_12	Class
http://www.modiag.it#NB_ReyAuditoryVerbalLearningTestItem_13	NB_Rey_Auditory_Verbal_Learning_Test_Item_13	Class
http://www.modiag.it#NB_ReyAuditoryVerbalLearningTestItem_14	NB_Rey_Auditory_Verbal_Learning_Test_Item_14	Class
http://www.modiag.it#NB_ReyAuditoryVerbalLearningTestItem_15	NB_Rey_Auditory_Verbal_Learning_Test_Item_15	Class
http://www.modiag.it#NB_ReyAuditoryVerbalLearningTestItem_16	NB_Rey_Auditory_Verbal_Learning_Test_Item_16	Class
http://www.modiag.it#NB_ReyAuditoryVerbalLearningTestItem_17	NB_Rey_Auditory_Verbal_Learning_Test_Item_17	Class
http://www.modiag.it#NB_ReyAuditoryVerbalLearningTestItem_18	NB_Rey_Auditory_Verbal_Learning_Test_Item_18	Class
http://www.modiag.it#NB_ReyAuditoryVerbalLearningTestItem_19	NB_Rey_Auditory_Verbal_Learning_Test_Item_19	Class
http://www.modiag.it#NB_ReyAuditoryVerbalLearningTestItem_2	NB_Rey_Auditory_Verbal_Learning_Test_Item_2	Class
http://www.modiag.it#NB_ReyAuditoryVerbalLearningTestItem_3	NB_Rey_Auditory_Verbal_Learning_Test_Item_3	Class
http://www.modiag.it#NB_ReyAuditoryVerbalLearningTestItem_4	NB_Rey_Auditory_Verbal_Learning_Test_Item_4	Class
http://www.modiag.it#NB_ReyAuditoryVerbalLearningTestItem_5	NB_Rey_Auditory_Verbal_Learning_Test_Item_5	Class
http://www.modiag.it#NB_ReyAuditoryVerbalLearningTestItem_6	NB_Rey_Auditory_Verbal_Learning_Test_Item_6	Class
http://www.modiag.it#NB_ReyAuditoryVerbalLearningTestItem_7	NB_Rey_Auditory_Verbal_Learning_Test_Item_7	Class
http://www.modiag.it#NB_ReyAuditoryVerbalLearningTestItem_8	NB_Rey_Auditory_Verbal_Learning_Test_Item_8	Class
http://www.modiag.it#NB_ReyAuditoryVerbalLearningTestItem_9	NB_Rey_Auditory_Verbal_Learning_Test_Item_9	Class
http://www.modiag.it#NB_TrailMakingTestAItem_1	NB_Trail_Making_Test_Item_1	Class
http://www.modiag.it#NB_TrailMakingTestAItem_2	NB_Trail_Making_Test_Item_2	Class
http://www.modiag.it#NB_TrailMakingTestAItem_3	NB_Trail_Making_Test_Item_3	Class
http://www.modiag.it#NB_TrailMakingTestBItem_1	NB_Trail_Making_Test_Item_1	Class
http://www.modiag.it#NB_TrailMakingTestBItem_2	NB_Trail_Making_Test_Item_2	Class
http://www.modiag.it#NB_TrailMakingTestBItem_3	NB_Trail_Making_Test_Item_3	Class
http://www.modiag.it#NPI	Neuropsychiatric_Inventory	Class
http://www.modiag.it#NPI-Q	Neuropsychiatric_Inventory–questionnaire	Class
http://www.modiag.it#NPIItem	NPI_Item	Class
http://www.modiag.it#NPIQItem	NPIQ_Item	Class
http://www.modiag.it#NPIQ_PresenceOfAberrantMotorBehaviorItem	NPIQ_Presence_of_Aberrant_Motor_Behavior_Item	Class
http://www.modiag.it#NPIQ_PresenceOfAgitationAggressionItem	NPIQ_Presence_of_Agitation_Aggression_Item	Class
http://www.modiag.it#NPIQ_PresenceOfAnxietyItem	NPIQ_Presence_of_Anxiety_Item	Class
http://www.modiag.it#NPIQ_PresenceOfApathyIndifferenceItem	NPIQ_Presence_of_Apathy_Indifference_Item	Class
http://www.modiag.it#NPIQ_PresenceOfAppetiteDisordersItem	NPIQ_Presence_of_Appetite_Disorders_Item	Class
http://www.modiag.it#NPIQ_PresenceOfDelusionsItem	NPIQ_Presence_of_Delusions_Item	Class
http://www.modiag.it#NPIQ_PresenceOfDepressionDysphoriaItem	NPIQ_Presence_of_Depression_Dysphoria_Item	Class
http://www.modiag.it#NPIQ_PresenceOfDishinibitionItem	NPIQ_Presence_of_Dishinibition_Item	Class
http://www.modiag.it#NPIQ_PresenceOfElationEuphoriaItem	NPIQ_Presence_of_Elation_Euphoria_Item	Class
http://www.modiag.it#NPIQ_PresenceOfHallucinationsItem	NPIQ_Presence_of_Hallucinations_Item	Class
http://www.modiag.it#NPIQ_PresenceOfIrritabilityLabilityItem	NPIQ_Presence_of_Irritability_Lability_Item	Class
http://www.modiag.it#NPIQ_PresenceOfSleepDisordersItem	NPIQ_Presence_of_Sleep_Disorders_Item	Class
http://www.modiag.it#NPIQ_SeverityOfSymptomItem	NPIQ_Severity_of_Symptom_Item	Class
http://www.modiag.it#NPI_AberrantMotorBehaviourQuestionItem_1	NPI_Aberrant_Motor_Behaviour_Question_Item_1	Class
http://www.modiag.it#NPI_AberrantMotorBehaviourQuestionItem_10	NPI_Aberrant_Motor_Behaviour_Question_Item_10	Class
http://www.modiag.it#NPI_AberrantMotorBehaviourQuestionItem_2	NPI_Aberrant_Motor_Behaviour_Question_Item_2	Class
http://www.modiag.it#NPI_AberrantMotorBehaviourQuestionItem_3	NPI_Aberrant_Motor_Behaviour_Question_Item_3	Class
http://www.modiag.it#NPI_AberrantMotorBehaviourQuestionItem_4	NPI_Aberrant_Motor_Behaviour_Question_Item_4	Class
http://www.modiag.it#NPI_AberrantMotorBehaviourQuestionItem_5	NPI_Aberrant_Motor_Behaviour_Question_Item_5	Class
http://www.modiag.it#NPI_AberrantMotorBehaviourQuestionItem_6	NPI_Aberrant_Motor_Behaviour_Question_Item_6	Class
http://www.modiag.it#NPI_AberrantMotorBehaviourQuestionItem_7	NPI_Aberrant_Motor_Behaviour_Question_Item_7	Class
http://www.modiag.it#NPI_AberrantMotorBehaviourQuestionItem_8	NPI_Aberrant_Motor_Behaviour_Question_Item_8	Class
http://www.modiag.it#NPI_AberrantMotorBehaviourQuestionItem_9	NPI_Aberrant_Motor_Behaviour_Question_Item_9	Class
http://www.modiag.it#NPI_AgitationAggressionCaregiverDistress	NPI_Agitation_Aggression_Caregiver_Distress	Class
http://www.modiag.it#NPI_AgitationAggressionFrequency	NPI_Agitation_Aggression_Frequency	Class
http://www.modiag.it#NPI_AgitationAggressionQuestionItem_1	NPI_Agitation_Aggression_Question_Item_1	Class
http://www.modiag.it#NPI_AgitationAggressionQuestionItem_2	NPI_Agitation_Aggression_Question_Item_2	Class
http://www.modiag.it#NPI_AgitationAggressionQuestionItem_3	NPI_Agitation_Aggression_Question_Item_3	Class
http://www.modiag.it#NPI_AgitationAggressionQuestionItem_4	NPI_Agitation_Aggression_Question_Item_4	Class
http://www.modiag.it#NPI_AgitationAggressionQuestionItem_5	NPI_Agitation_Aggression_Question_Item_5	Class
http://www.modiag.it#NPI_AgitationAggressionQuestionItem_6	NPI_Agitation_Aggression_Question_Item_6	Class
http://www.modiag.it#NPI_AgitationAggressionQuestionItem_7	NPI_Agitation_Aggression_Question_Item_7	Class
http://www.modiag.it#NPI_AgitationAggressionQuestionItem_8	NPI_Agitation_Aggression_Question_Item_8	Class
http://www.modiag.it#NPI_AgitationAggressionSeverity	NPI_Agitation_Aggression_Severity	Class
http://www.modiag.it#NPI_AnxietyDistressItem	NPI_Anxiety_Distress_Item	Class
http://www.modiag.it#NPI_AnxietyFrequencyItem	NPI_Anxiety_Frequency_Item	Class
http://www.modiag.it#NPI_AnxietyQuestionItem_1	NPI_Anxiety_Question_Item_1	Class
http://www.modiag.it#NPI_AnxietyQuestionItem_2	NPI_Anxiety_Question_Item_2	Class
http://www.modiag.it#NPI_AnxietyQuestionItem_3	NPI_Anxiety_Question_Item_3	Class
http://www.modiag.it#NPI_AnxietyQuestionItem_4	NPI_Anxiety_Question_Item_4	Class
http://www.modiag.it#NPI_AnxietyQuestionItem_5	NPI_Anxiety_Question_Item_5	Class
http://www.modiag.it#NPI_AnxietyQuestionItem_6	NPI_Anxiety_Question_Item_6	Class
http://www.modiag.it#NPI_AnxietyQuestionItem_7	NPI_Anxiety_Question_Item_7	Class
http://www.modiag.it#NPI_AnxietySeverityItem	NPI_Anxiety_Severity_Item	Class
http://www.modiag.it#NPI_ApathyIndifferenceQuestionItem_1	NPI_Apathy_Indifference_Question_Item_1	Class
http://www.modiag.it#NPI_ApathyIndifferenceQuestionItem_2	NPI_Apathy_Indifference_Question_Item_2	Class
http://www.modiag.it#NPI_ApathyIndifferenceQuestionItem_3	NPI_Apathy_Indifference_Question_Item_3	Class
http://www.modiag.it#NPI_ApathyIndifferenceQuestionItem_4	NPI_Apathy_Indifference_Question_Item_4	Class
http://www.modiag.it#NPI_ApathyIndifferenceQuestionItem_5	NPI_Apathy_Indifference_Question_Item_5	Class
http://www.modiag.it#NPI_ApathyIndifferenceQuestionItem_6	NPI_Apathy_Indifference_Question_Item_6	Class
http://www.modiag.it#NPI_ApathyIndifferenceQuestionItem_7	NPI_Apathy_Indifference_Question_Item_7	Class
http://www.modiag.it#NPI_ApathyIndifferenceQuestionItem_8	NPI_Apathy_Indifference_Question_Item_8	Class
http://www.modiag.it#NPI_DelusionsCaregiverDistressItem	NPI_Delusions_Caregiver_Distress_Item	Class
http://www.modiag.it#NPI_DelusionsFrequencyItem	NPI_Delusions_Frequency_Item	Class
http://www.modiag.it#NPI_DelusionsQuestionItem_1	NPI_Delusions_Question_Item_1	Class
http://www.modiag.it#NPI_DelusionsQuestionItem_2	NPI_Delusions_Question_Item_2	Class
http://www.modiag.it#NPI_DelusionsQuestionItem_3	NPI_Delusions_Question_Item_3	Class
http://www.modiag.it#NPI_DelusionsQuestionItem_4	NPI_Delusions_Question_Item_4	Class
http://www.modiag.it#NPI_DelusionsQuestionItem_5	NPI_Delusions_Question_Item_5	Class
http://www.modiag.it#NPI_DelusionsQuestionItem_6	NPI_Delusions_Question_Item_6	Class
http://www.modiag.it#NPI_DelusionsQuestionItem_7	NPI_Delusions_Question_Item_7	Class
http://www.modiag.it#NPI_DelusionsQuestionItem_8	NPI_Delusions_Question_Item_8	Class
http://www.modiag.it#NPI_DelusionsQuestionItem_9	NPI_Delusions_Question_Item_9	Class
http://www.modiag.it#NPI_DelusionsSeverityItem	NPI_Delusions_Severity_Item	Class
http://www.modiag.it#NPI_DepressionDysphoriaDistressItem	NPI_Depression_Dysphoria_Distress_Item	Class
http://www.modiag.it#NPI_DepressionDysphoriaFrequencyItem	NPI_Depression_Dysphoria_Frequency_Item	Class
http://www.modiag.it#NPI_DepressionDysphoriaQuestionItem_1	NPI_Depression_Dysphoria_Question_Item_1	Class
http://www.modiag.it#NPI_DepressionDysphoriaQuestionItem_2	NPI_Depression_Dysphoria_Question_Item_2	Class
http://www.modiag.it#NPI_DepressionDysphoriaQuestionItem_3	NPI_Depression_Dysphoria_Question_Item_3	Class
http://www.modiag.it#NPI_DepressionDysphoriaQuestionItem_4	NPI_Depression_Dysphoria_Question_Item_4	Class
http://www.modiag.it#NPI_DepressionDysphoriaQuestionItem_5	NPI_Depression_Dysphoria_Question_Item_5	Class
http://www.modiag.it#NPI_DepressionDysphoriaQuestionItem_6	NPI_Depression_Dysphoria_Question_Item_6	Class
http://www.modiag.it#NPI_DepressionDysphoriaQuestionItem_7	NPI_Depression_Dysphoria_Question_Item_7	Class
http://www.modiag.it#NPI_DepressionDysphoriaQuestionItem_8	NPI_Depression_Dysphoria_Question_Item_8	Class
http://www.modiag.it#NPI_DepressionDysphoriaSeverityItem	NPI_Depression_Dysphoria_Severity_Item	Class
http://www.modiag.it#NPI_DisinhibitionDistressItem	NPI_Disinhibition_Distress_Item	Class
http://www.modiag.it#NPI_DisinhibitionFrequencyItem	NPI_Disinhibition_Frequency_Item	Class
http://www.modiag.it#NPI_DisinhibitionQuestionItem_1	NPI_Disinhibition_Question_Item_1	Class
http://www.modiag.it#NPI_DisinhibitionQuestionItem_2	NPI_Disinhibition_Question_Item_2	Class
http://www.modiag.it#NPI_DisinhibitionQuestionItem_3	NPI_Disinhibition_Question_Item_3	Class
http://www.modiag.it#NPI_DisinhibitionQuestionItem_4	NPI_Disinhibition_Question_Item_4	Class
http://www.modiag.it#NPI_DisinhibitionQuestionItem_5	NPI_Disinhibition_Question_Item_5	Class
http://www.modiag.it#NPI_DisinhibitionQuestionItem_6	NPI_Disinhibition_Question_Item_6	Class
http://www.modiag.it#NPI_DisinhibitionQuestionItem_7	NPI_Disinhibition_Question_Item_7	Class
http://www.modiag.it#NPI_DisinhibitionSeverityItem	NPI_Disinhibition_Severity_Item	Class
http://www.modiag.it#NPI_EatingDisordersDistressItem	NPI_Eating_Disorders_Distress_Item	Class
http://www.modiag.it#NPI_EatingDisordersFrequencyItem	NPI_Eating_Disorders_Frequency_Item	Class
http://www.modiag.it#NPI_EatingDisordersQuestionItem_1	NPI_Eating_Disorders_Question_Item_1	Class
http://www.modiag.it#NPI_EatingDisordersQuestionItem_2	NPI_Eating_Disorders_Question_Item_2	Class
http://www.modiag.it#NPI_EatingDisordersQuestionItem_3	NPI_Eating_Disorders_Question_Item_3	Class
http://www.modiag.it#NPI_EatingDisordersQuestionItem_4	NPI_Eating_Disorders_Question_Item_4	Class
http://www.modiag.it#NPI_EatingDisordersQuestionItem_5	NPI_Eating_Disorders_Question_Item_5	Class
http://www.modiag.it#NPI_EatingDisordersQuestionItem_6	NPI_Eating_Disorders_Question_Item_6	Class
http://www.modiag.it#NPI_EatingDisordersQuestionItem_7	NPI_Eating_Disorders_Question_Item_7	Class
http://www.modiag.it#NPI_EatingDisordersQuestionItem_8	NPI_Eating_Disorders_Question_Item_8	Class
http://www.modiag.it#NPI_EatingDisordersSeverityItem	NPI_Eating_Disorders_Severity_Item	Class
http://www.modiag.it#NPI_ElationEuphoriaDistressItem	NPI_Elation_Euphoria_Distress_Item	Class
http://www.modiag.it#NPI_ElationEuphoriaQuestionItem_1	NPI_Elation_Euphoria_Question_Item_1	Class
http://www.modiag.it#NPI_ElationEuphoriaQuestionItem_2	NPI_Elation_Euphoria_Question_Item_2	Class
http://www.modiag.it#NPI_ElationEuphoriaQuestionItem_3	NPI_Elation_Euphoria_Question_Item_3	Class
http://www.modiag.it#NPI_ElationEuphoriaQuestionItem_4	NPI_Elation_Euphoria_Question_Item_4	Class
http://www.modiag.it#NPI_ElationEuphoriaQuestionItem_5	NPI_Elation_Euphoria_Question_Item_5	Class
http://www.modiag.it#NPI_ElationEuphoriaQuestionItem_6	NPI_Elation_Euphoria_Question_Item_6	Class
http://www.modiag.it#NPI_ElationEuphoriaQuestionItem_7	NPI_Elation_Euphoria_Question_Item_7	Class
http://www.modiag.it#NPI_HallucinationsCaregiverDistressItem	NPI_Hallucinations_Caregiver_Distress_Item	Class
http://www.modiag.it#NPI_HallucinationsFrequencyItem	NPI_Hallucinations_Frequency_Item	Class
http://www.modiag.it#NPI_HallucinationsQuestionItem_1	NPI_Hallucinations_Question_Item_1	Class
http://www.modiag.it#NPI_HallucinationsQuestionItem_2	NPI_Hallucinations_Question_Item_2	Class
http://www.modiag.it#NPI_HallucinationsQuestionItem_3	NPI_Hallucinations_Question_Item_3	Class
http://www.modiag.it#NPI_HallucinationsQuestionItem_4	NPI_Hallucinations_Question_Item_4	Class
http://www.modiag.it#NPI_HallucinationsQuestionItem_5	NPI_Hallucinations_Question_Item_5	Class
http://www.modiag.it#NPI_HallucinationsQuestionItem_6	NPI_Hallucinations_Question_Item_6	Class
http://www.modiag.it#NPI_HallucinationsQuestionItem_7	NPI_Hallucinations_Question_Item_7	Class
http://www.modiag.it#NPI_HallucinationsSeverityItem	NPI_Hallucinations_Severity_Item	Class
http://www.modiag.it#NPI_IrritabilityLabilityDistress	NPI_Irritability_Lability_Distress	Class
http://www.modiag.it#NPI_IrritabilityLabilityFrequency	NPI_Irritability_Lability_Frequency	Class
http://www.modiag.it#NPI_IrritabilityLabilityQuestionItem_1	NPI_Irritability_Lability_Question_Item_1	Class
http://www.modiag.it#NPI_IrritabilityLabilityQuestionItem_2	NPI_Irritability_Lability_Question_Item_2	Class
http://www.modiag.it#NPI_IrritabilityLabilityQuestionItem_3	NPI_Irritability_Lability_Question_Item_3	Class
http://www.modiag.it#NPI_IrritabilityLabilityQuestionItem_4	NPI_Irritability_Lability_Question_Item_4	Class
http://www.modiag.it#NPI_IrritabilityLabilityQuestionItem_5	NPI_Irritability_Lability_Question_Item_5	Class
http://www.modiag.it#NPI_IrritabilityLabilityQuestionItem_6	NPI_Irritability_Lability_Question_Item_6	Class
http://www.modiag.it#NPI_IrritabilityLabilityQuestionItem_7	NPI_Irritability_Lability_Question_Item_7	Class
http://www.modiag.it#NPI_IrritabilityLabilitySeverity	NPI_Irritability_Lability_Severity	Class
http://www.modiag.it#NPI_PresenceOfAberrantMotorBehaviourItem	NPI_Presence_of_Aberrant_Motor_Behaviour_Item	Class
http://www.modiag.it#NPI_PresenceOfAgitationAggression	NPI_Presence_of_Agitation_Aggression	Class
http://www.modiag.it#NPI_PresenceOfAnxietyItem	NPI_Presence_of_Anxiety_Item	Class
http://www.modiag.it#NPI_PresenceOfDelusionsItem	NPI_Presence_of_Delusions_Item	Class
http://www.modiag.it#NPI_PresenceOfDepressionOrDysphoriaItem	NPI_Presence_of_Depression_or_Dysphoria_Item	Class
http://www.modiag.it#NPI_PresenceOfDisinhibitionItem	NPI_Presence_of_Disinhibition_Item	Class
http://www.modiag.it#NPI_PresenceOfEatingDisordersItem	NPI_Presence_of_Eating_Disorders_Item	Class
http://www.modiag.it#NPI_PresenceOfElationEuphoriaItem	NPI_Presence_of_Elation_Euphoria_Item	Class
http://www.modiag.it#NPI_PresenceOfHallucinationsItem	NPI_Presence_of_Hallucinations_Item	Class
http://www.modiag.it#NPI_PresenceOfIrritabilityLabilityItem	NPI_Presence_of_Irritability_Lability_Item	Class
http://www.modiag.it#NPI_SleepDistressItem	NPI_Sleep_Distress_Item	Class
http://www.modiag.it#NPI_SleepQuestionItem_1	NPI_Sleep_Question_Item_1	Class
http://www.modiag.it#NPI_SleepQuestionItem_2	NPI_Sleep_Question_Item_2	Class
http://www.modiag.it#NPI_SleepQuestionItem_3	NPI_Sleep_Question_Item_3	Class
http://www.modiag.it#NPI_SleepQuestionItem_4	NPI_Sleep_Question_Item_4	Class
http://www.modiag.it#NPI_SleepQuestionItem_5	NPI_Sleep_Question_Item_5	Class
http://www.modiag.it#NPI_SleepQuestionItem_6	NPI_Sleep_Question_Item_6	Class
http://www.modiag.it#NPI_SleepQuestionItem_7	NPI_Sleep_Question_Item_7	Class
http://www.modiag.it#NPI_SleepQuestionItem_8	NPI_Sleep_Question_Item_8	Class
http://www.modiag.it#NPI_SleepSeverityItem	NPI_Sleep_Severity_Item	Class
http://www.modiag.it#NPI_SleepTotalItem	NPI_Sleep_Total_Item	Class
http://www.modiag.it#NamingItem	Naming_Item	Class
http://www.modiag.it#NeurologicalExam	Neurological_Exam	Class
http://www.modiag.it#NeuropshychologicalAssessment	Neuropshychological_Assessment	Class
http://www.modiag.it#NeuropsychologicalBattery	Neuropsychological_Battery	Class
http://www.modiag.it#NeuropsychologicalBatteryItem	Neuropsychological_Battery_Item	Class
http://www.modiag.it#OrientationItem	Orientation_Item	Class
http://www.modiag.it#PhysicalExam	Physical_Exam	Class
http://www.modiag.it#QuestionItem	Question_Item	Class
http://www.modiag.it#ReadingItem	Reading_Item	Class
http://www.modiag.it#RegistrationItem	Registration_Item	Class
http://www.modiag.it#RepetitionItem	Repetition_Item	Class
http://www.modiag.it#SAItemByEvaluatedFeature	SA_Item_by_Evaluated_Feature	Class
http://www.modiag.it#SAItemByTest	SA_Item_by_Test	Class
http://www.modiag.it#ScoringItem	Scoring_Item	Class
http://www.modiag.it#Sequencing	Sequencing	Class
http://www.modiag.it#SleepItem	Sleep_Item	Class
http://www.modiag.it#StandardizedAssessment	Standardized_Assessment	Class
http://www.modiag.it#StandardizedAssessmentItem	Standardized_Assessment_Item	Class
http://www.modiag.it#TOMM40PolyTVariantGenotyping	Translocase_of_Outer_Mitochondrial_Membrane_40_Poly-T_Variant_Genotyping	Class
http://www.modiag.it#VascularRiskAssessment	Vascular_Risk_Assessment	Class
http://www.modiag.it#VitalSign	Vital_Sign	Class
http://www.modiag.it#WGSSNP	Wide_Genome_Sequencing_Single-Nucleotide_Polymorphism	Class
http://www.modiag.it#WGS_Assembly	WGS_Assembly	Class
http://www.modiag.it#WritingItem	Writing_Item	Class
http://www.semanticweb.org/fangli/ontologies/2019/2/untitled-ontology-107#2',3'-cyclic_nucleotide_3'_phosphodiesterase	2',3'-cyclic_Nucleotide_3'_Phosphodiesterase	Class
http://www.semanticweb.org/fangli/ontologies/2019/2/untitled-ontology-107#24-dehydrocholesterol_reductase	24-dehydrocholesterol_Reductase	Class
http://www.semanticweb.org/fangli/ontologies/2019/2/untitled-ontology-107#6-phosphogluconolactonase	6-phosphogluconolactonase	Class
http://www.semanticweb.org/fangli/ontologies/2019/2/untitled-ontology-107#A2M	A2M	Class
http://www.semanticweb.org/fangli/ontologies/2019/2/untitled-ontology-107#ABI_family_member_3	ABI_Family_Member_3	Class
http://www.semanticweb.org/fangli/ontologies/2019/2/untitled-ontology-107#AD10	AD10	Class
http://www.semanticweb.org/fangli/ontologies/2019/2/untitled-ontology-107#AD11	AD11	Class
http://www.semanticweb.org/fangli/ontologies/2019/2/untitled-ontology-107#AD12	AD12	Class
http://www.semanticweb.org/fangli/ontologies/2019/2/untitled-ontology-107#AD13	AD13	Class
http://www.semanticweb.org/fangli/ontologies/2019/2/untitled-ontology-107#AD14	AD14	Class
http://www.semanticweb.org/fangli/ontologies/2019/2/untitled-ontology-107#AD15	AD15	Class
http://www.semanticweb.org/fangli/ontologies/2019/2/untitled-ontology-107#AD16	AD16	Class
http://www.semanticweb.org/fangli/ontologies/2019/2/untitled-ontology-107#AD17	AD17	Class
http://www.semanticweb.org/fangli/ontologies/2019/2/untitled-ontology-107#AD5	AD5	Class
http://www.semanticweb.org/fangli/ontologies/2019/2/untitled-ontology-107#AD6	AD6	Class
http://www.semanticweb.org/fangli/ontologies/2019/2/untitled-ontology-107#AD7	AD7	Class
http://www.semanticweb.org/fangli/ontologies/2019/2/untitled-ontology-107#AD8	AD8	Class
http://www.semanticweb.org/fangli/ontologies/2019/2/untitled-ontology-107#ADAM10	ADAM10	Class
http://www.semanticweb.org/fangli/ontologies/2019/2/untitled-ontology-107#ADAM_metallopeptidase_domain_9	ADAM_Metallopeptidase_Domain_9	Class
http://www.semanticweb.org/fangli/ontologies/2019/2/untitled-ontology-107#ADAM_metallopeptidase_with_thrombospondin_type_1_motif_4	ADAM_Metallopeptidase_with_Thrombospondin_Type_1_Motif_4	Class
http://www.semanticweb.org/fangli/ontologies/2019/2/untitled-ontology-107#ADH1C	ADH1C	Class
http://www.semanticweb.org/fangli/ontologies/2019/2/untitled-ontology-107#AD_Stage	AD_Stage	Class
http://www.semanticweb.org/fangli/ontologies/2019/2/untitled-ontology-107#AD_Subtype	AD_Subtype	Class
http://www.semanticweb.org/fangli/ontologies/2019/2/untitled-ontology-107#AIDS_Dementia_Complex	AIDS_Dementia_Complex	Class
http://www.semanticweb.org/fangli/ontologies/2019/2/untitled-ontology-107#AKT_serine/threonine_kinase_1	AKT_Serine/threonine_Kinase_1	Class
http://www.semanticweb.org/fangli/ontologies/2019/2/untitled-ontology-107#ALK_receptor_tyrosine_kinase	ALK_Receptor_Tyrosine_Kinase	Class
http://www.semanticweb.org/fangli/ontologies/2019/2/untitled-ontology-107#APBA1	APBA1	Class
http://www.semanticweb.org/fangli/ontologies/2019/2/untitled-ontology-107#APBA2	APBA2	Class
http://www.semanticweb.org/fangli/ontologies/2019/2/untitled-ontology-107#APBA3	APBA3	Class
http://www.semanticweb.org/fangli/ontologies/2019/2/untitled-ontology-107#APBB3	APBB3	Class
http://www.semanticweb.org/fangli/ontologies/2019/2/untitled-ontology-107#APCS	APCS	Class
http://www.semanticweb.org/fangli/ontologies/2019/2/untitled-ontology-107#APLP1	APLP1	Class
http://www.semanticweb.org/fangli/ontologies/2019/2/untitled-ontology-107#APLP2	APLP2	Class
http://www.semanticweb.org/fangli/ontologies/2019/2/untitled-ontology-107#APOE-Cholesterol_metabolism	Apoe-cholesterol_Metabolism	Class
http://www.semanticweb.org/fangli/ontologies/2019/2/untitled-ontology-107#APP	APP	Class
http://www.semanticweb.org/fangli/ontologies/2019/2/untitled-ontology-107#ATCAY,_caytaxin	Atcay,_Caytaxin	Class
http://www.semanticweb.org/fangli/ontologies/2019/2/untitled-ontology-107#ATP_binding_cassette_subfamily_A_member_7	ATP_Binding_Cassette_Subfamily_A_Member_7	Class
http://www.semanticweb.org/fangli/ontologies/2019/2/untitled-ontology-107#ATP_metabolic_process	ATP_Metabolic_Process	Class
http://www.semanticweb.org/fangli/ontologies/2019/2/untitled-ontology-107#ATP_synthase_peripheral_stalk_subunit_OSCP	ATP_Synthase_Peripheral_Stalk_Subunit_OSCP	Class
http://www.semanticweb.org/fangli/ontologies/2019/2/untitled-ontology-107#ATXN2	ATXN2	Class
http://www.semanticweb.org/fangli/ontologies/2019/2/untitled-ontology-107#ATXN8OS	ATXN8OS	Class
http://www.semanticweb.org/fangli/ontologies/2019/2/untitled-ontology-107#Abducens_nucleus	Abducens_Nucleus	Class
http://www.semanticweb.org/fangli/ontologies/2019/2/untitled-ontology-107#Abnormal_spindle_microtubule_assembly	Abnormal_Spindle_Microtubule_Assembly	Class
http://www.semanticweb.org/fangli/ontologies/2019/2/untitled-ontology-107#Acidic_nuclear_phosphoprotein_32_family_member_B	Acidic_Nuclear_Phosphoprotein_32_Family_Member_B	Class
http://www.semanticweb.org/fangli/ontologies/2019/2/untitled-ontology-107#Aconitase_2	Aconitase_2	Class
http://www.semanticweb.org/fangli/ontologies/2019/2/untitled-ontology-107#Actinin_alpha_1	Actinin_Alpha_1	Class
http://www.semanticweb.org/fangli/ontologies/2019/2/untitled-ontology-107#Actinin_alpha_2	Actinin_Alpha_2	Class
http://www.semanticweb.org/fangli/ontologies/2019/2/untitled-ontology-107#Acute_Febrile_Encephalopathy	Acute_Febrile_Encephalopathy	Class
http://www.semanticweb.org/fangli/ontologies/2019/2/untitled-ontology-107#Acyl-coa_synthetase_long_chain_family_member_1	Acyl-coa_Synthetase_Long_Chain_Family_Member_1	Class
http://www.semanticweb.org/fangli/ontologies/2019/2/untitled-ontology-107#Adaptive_thermogenesis	Adaptive_Thermogenesis	Class
http://www.semanticweb.org/fangli/ontologies/2019/2/untitled-ontology-107#Adaptor_related_protein_complex_2_subunit_alpha_1	Adaptor_Related_Protein_Complex_2_Subunit_Alpha_1	Class
http://www.semanticweb.org/fangli/ontologies/2019/2/untitled-ontology-107#Adaptor_related_protein_complex_3_subunit_beta_2	Adaptor_Related_Protein_Complex_3_Subunit_Beta_2	Class
http://www.semanticweb.org/fangli/ontologies/2019/2/untitled-ontology-107#Adaptor_related_protein_complex_3_subunit_delta_1	Adaptor_Related_Protein_Complex_3_Subunit_Delta_1	Class
http://www.semanticweb.org/fangli/ontologies/2019/2/untitled-ontology-107#Adenylate_kinase_1	Adenylate_Kinase_1	Class
http://www.semanticweb.org/fangli/ontologies/2019/2/untitled-ontology-107#Adenylate_kinase_4	Adenylate_Kinase_4	Class
http://www.semanticweb.org/fangli/ontologies/2019/2/untitled-ontology-107#Aggression	Aggression	Class
http://www.semanticweb.org/fangli/ontologies/2019/2/untitled-ontology-107#Agitation	Agitation	Class
http://www.semanticweb.org/fangli/ontologies/2019/2/untitled-ontology-107#Akinetic_Mutism	Akinetic_Mutism	Class
http://www.semanticweb.org/fangli/ontologies/2019/2/untitled-ontology-107#Alzheimer's_Disease	Alzheimer's_Disease	Class
http://www.semanticweb.org/fangli/ontologies/2019/2/untitled-ontology-107#Alzheimer_Disease_10	Alzheimer_Disease_10	Class
http://www.semanticweb.org/fangli/ontologies/2019/2/untitled-ontology-107#Alzheimer_Disease_11	Alzheimer_Disease_11	Class
http://www.semanticweb.org/fangli/ontologies/2019/2/untitled-ontology-107#Alzheimer_Disease_12	Alzheimer_Disease_12	Class
http://www.semanticweb.org/fangli/ontologies/2019/2/untitled-ontology-107#Alzheimer_Disease_13	Alzheimer_Disease_13	Class
http://www.semanticweb.org/fangli/ontologies/2019/2/untitled-ontology-107#Alzheimer_Disease_14	Alzheimer_Disease_14	Class
http://www.semanticweb.org/fangli/ontologies/2019/2/untitled-ontology-107#Alzheimer_Disease_15	Alzheimer_Disease_15	Class
http://www.semanticweb.org/fangli/ontologies/2019/2/untitled-ontology-107#Alzheimer_Disease_16	Alzheimer_Disease_16	Class
http://www.semanticweb.org/fangli/ontologies/2019/2/untitled-ontology-107#Alzheimer_Disease_5	Alzheimer_Disease_5	Class
http://www.semanticweb.org/fangli/ontologies/2019/2/untitled-ontology-107#Alzheimer_Disease_6	Alzheimer_Disease_6	Class
http://www.semanticweb.org/fangli/ontologies/2019/2/untitled-ontology-107#Alzheimer_Disease_7	Alzheimer_Disease_7	Class
http://www.semanticweb.org/fangli/ontologies/2019/2/untitled-ontology-107#Alzheimer_Disease_8	Alzheimer_Disease_8	Class
http://www.semanticweb.org/fangli/ontologies/2019/2/untitled-ontology-107#Alzheimer_Disease_9	Alzheimer_Disease_9	Class
http://www.semanticweb.org/fangli/ontologies/2019/2/untitled-ontology-107#Alzheimer_disease		Named individual
http://www.semanticweb.org/fangli/ontologies/2019/2/untitled-ontology-107#Alzheimer_disease_familial_type_3	Alzheimer_Disease_Familial_Type_3	Class
http://www.semanticweb.org/fangli/ontologies/2019/2/untitled-ontology-107#Alzheimer_disease_type_1	Alzheimer_Disease_Type_1	Class
http://www.semanticweb.org/fangli/ontologies/2019/2/untitled-ontology-107#Alzheimer_disease_type_2	Alzheimer_Disease_Type_2	Class
http://www.semanticweb.org/fangli/ontologies/2019/2/untitled-ontology-107#Alzheimer_disease_type_4	Alzheimer_Disease_Type_4	Class
http://www.semanticweb.org/fangli/ontologies/2019/2/untitled-ontology-107#Amantadine	Amantadine	Class
http://www.semanticweb.org/fangli/ontologies/2019/2/untitled-ontology-107#Amblyopia	Amblyopia	Class
http://www.semanticweb.org/fangli/ontologies/2019/2/untitled-ontology-107#Aminoadipate_aminotransferase	Aminoadipate_Aminotransferase	Class
http://www.semanticweb.org/fangli/ontologies/2019/2/untitled-ontology-107#Amygdala	Amygdala	Class
http://www.semanticweb.org/fangli/ontologies/2019/2/untitled-ontology-107#Amyloid_deposition	Amyloid_Deposition	Class
http://www.semanticweb.org/fangli/ontologies/2019/2/untitled-ontology-107#Amyloid_pathology	Amyloid_Pathology	Class
http://www.semanticweb.org/fangli/ontologies/2019/2/untitled-ontology-107#Amyloid_plaque	Amyloid_Plaque	Class
http://www.semanticweb.org/fangli/ontologies/2019/2/untitled-ontology-107#Anatomical_part	Anatomical_Part	Class
http://www.semanticweb.org/fangli/ontologies/2019/2/untitled-ontology-107#Angiotensin_I_converting_enzyme	Angiotensin_I_Converting_Enzyme	Class
http://www.semanticweb.org/fangli/ontologies/2019/2/untitled-ontology-107#Ankyrin_repeat_and_sterile_alpha_motif_domain_containing_1B	Ankyrin_Repeat_and_Sterile_Alpha_Motif_Domain_Containing_1B	Class
http://www.semanticweb.org/fangli/ontologies/2019/2/untitled-ontology-107#Annexin_A5	Annexin_A5	Class
http://www.semanticweb.org/fangli/ontologies/2019/2/untitled-ontology-107#Anoctamin_6	Anoctamin_6	Class
http://www.semanticweb.org/fangli/ontologies/2019/2/untitled-ontology-107#Anterior_cerebellar_commissure	Anterior_Cerebellar_Commissure	Class
http://www.semanticweb.org/fangli/ontologies/2019/2/untitled-ontology-107#Anterior_horn_cell	Anterior_Horn_Cell	Class
http://www.semanticweb.org/fangli/ontologies/2019/2/untitled-ontology-107#Anterior_hypothalamic_nucleus	Anterior_Hypothalamic_Nucleus	Class
http://www.semanticweb.org/fangli/ontologies/2019/2/untitled-ontology-107#Anterior_hypothalamus	Anterior_Hypothalamus	Class
http://www.semanticweb.org/fangli/ontologies/2019/2/untitled-ontology-107#Anterior_pituitary_gland	Anterior_Pituitary_Gland	Class
http://www.semanticweb.org/fangli/ontologies/2019/2/untitled-ontology-107#Anterior_thalamic_nucleus	Anterior_Thalamic_Nucleus	Class
http://www.semanticweb.org/fangli/ontologies/2019/2/untitled-ontology-107#Anti-Anxiety_Agent	Anti-anxiety_Agent	Class
http://www.semanticweb.org/fangli/ontologies/2019/2/untitled-ontology-107#Anti-aggregation_drug	Anti-aggregation_Drug	Class
http://www.semanticweb.org/fangli/ontologies/2019/2/untitled-ontology-107#Anti-amyloid_drug	Anti-amyloid_Drug	Class
http://www.semanticweb.org/fangli/ontologies/2019/2/untitled-ontology-107#Anti-inflammatory_agent	Anti-inflammatory_Agent	Class
http://www.semanticweb.org/fangli/ontologies/2019/2/untitled-ontology-107#Anti-tau_drug	Anti-tau_Drug	Class
http://www.semanticweb.org/fangli/ontologies/2019/2/untitled-ontology-107#Anticonvulsant	Anticonvulsant	Class
http://www.semanticweb.org/fangli/ontologies/2019/2/untitled-ontology-107#Antidepressive_agent	Antidepressive_Agent	Class
http://www.semanticweb.org/fangli/ontologies/2019/2/untitled-ontology-107#Antioxidant_activity	Antioxidant_Activity	Class
http://www.semanticweb.org/fangli/ontologies/2019/2/untitled-ontology-107#Antipsychotic_agent	Antipsychotic_Agent	Class
http://www.semanticweb.org/fangli/ontologies/2019/2/untitled-ontology-107#Anxiety	Anxiety	Class
http://www.semanticweb.org/fangli/ontologies/2019/2/untitled-ontology-107#Apathy	Apathy	Class
http://www.semanticweb.org/fangli/ontologies/2019/2/untitled-ontology-107#Apolipoprotein_C1	Apolipoprotein_C1	Class
http://www.semanticweb.org/fangli/ontologies/2019/2/untitled-ontology-107#Apolipoprotein_D	Apolipoprotein_D	Class
http://www.semanticweb.org/fangli/ontologies/2019/2/untitled-ontology-107#Apolipoprotein_E	Apolipoprotein_E	Class
http://www.semanticweb.org/fangli/ontologies/2019/2/untitled-ontology-107#Apoptosis_inducing_factor_mitochondria_associated_1	Apoptosis_Inducing_Factor_Mitochondria_Associated_1	Class
http://www.semanticweb.org/fangli/ontologies/2019/2/untitled-ontology-107#Arachnoid	Arachnoid	Class
http://www.semanticweb.org/fangli/ontologies/2019/2/untitled-ontology-107#Arcuate_nucleus_of_hypothalamus	Arcuate_Nucleus_of_Hypothalamus	Class
http://www.semanticweb.org/fangli/ontologies/2019/2/untitled-ontology-107#Area_postrema	Area_Postrema	Class
http://www.semanticweb.org/fangli/ontologies/2019/2/untitled-ontology-107#Aripiprazole	Aripiprazole	Class
http://www.semanticweb.org/fangli/ontologies/2019/2/untitled-ontology-107#Asymptomatic_at_risk	Asymptomatic_at_Risk	Class
http://www.semanticweb.org/fangli/ontologies/2019/2/untitled-ontology-107#Atpase_H+_transporting_V0_subunit_a1	Atpase_H+_Transporting_V0_Subunit_A1	Class
http://www.semanticweb.org/fangli/ontologies/2019/2/untitled-ontology-107#Atpase_H+_transporting_V0_subunit_d1	Atpase_H+_Transporting_V0_Subunit_D1	Class
http://www.semanticweb.org/fangli/ontologies/2019/2/untitled-ontology-107#Atpase_H+_transporting_V1_subunit_A	Atpase_H+_Transporting_V1_Subunit_A	Class
http://www.semanticweb.org/fangli/ontologies/2019/2/untitled-ontology-107#Atpase_H+_transporting_V1_subunit_B2	Atpase_H+_Transporting_V1_Subunit_B2	Class
http://www.semanticweb.org/fangli/ontologies/2019/2/untitled-ontology-107#Atpase_H+_transporting_V1_subunit_E1	Atpase_H+_Transporting_V1_Subunit_E1	Class
http://www.semanticweb.org/fangli/ontologies/2019/2/untitled-ontology-107#Atpase_H+_transporting_V1_subunit_H	Atpase_H+_Transporting_V1_Subunit_H	Class
http://www.semanticweb.org/fangli/ontologies/2019/2/untitled-ontology-107#Atpase_Na+/K+_transporting_subunit_alpha_3	Atpase_Na+/k+_Transporting_Subunit_Alpha_3	Class
http://www.semanticweb.org/fangli/ontologies/2019/2/untitled-ontology-107#Atpase_Na+/K+_transporting_subunit_beta_1	Atpase_Na+/k+_Transporting_Subunit_Beta_1	Class
http://www.semanticweb.org/fangli/ontologies/2019/2/untitled-ontology-107#Atpase_plasma_membrane_Ca2+_transporting_1	Atpase_Plasma_Membrane_Ca2+_Transporting_1	Class
http://www.semanticweb.org/fangli/ontologies/2019/2/untitled-ontology-107#Atpase_plasma_membrane_Ca2+_transporting_2	Atpase_Plasma_Membrane_Ca2+_Transporting_2	Class
http://www.semanticweb.org/fangli/ontologies/2019/2/untitled-ontology-107#Atpase_sarcoplasmic/endoplasmic_reticulum_Ca2+_transporting_2	Atpase_Sarcoplasmic/endoplasmic_Reticulum_Ca2+_Transporting_2	Class
http://www.semanticweb.org/fangli/ontologies/2019/2/untitled-ontology-107#Auditory_cortex	Auditory_Cortex	Class
http://www.semanticweb.org/fangli/ontologies/2019/2/untitled-ontology-107#Autoimmune_Diseases_of_the_Nervous_System	Autoimmune_Diseases_of_the_Nervous_System	Class
http://www.semanticweb.org/fangli/ontologies/2019/2/untitled-ontology-107#Autonomic_Nervous_System_Diseases	Autonomic_Nervous_System_Diseases	Class
http://www.semanticweb.org/fangli/ontologies/2019/2/untitled-ontology-107#Autosomal_dominant_AD	Autosomal_Dominant_AD	Class
http://www.semanticweb.org/fangli/ontologies/2019/2/untitled-ontology-107#Aβ_clearance	Aβ_Clearance	Class
http://www.semanticweb.org/fangli/ontologies/2019/2/untitled-ontology-107#Aβ_cleavage	Aβ_Cleavage	Class
http://www.semanticweb.org/fangli/ontologies/2019/2/untitled-ontology-107#Aβ_metabolism	Aβ_Metabolism	Class
http://www.semanticweb.org/fangli/ontologies/2019/2/untitled-ontology-107#BACE1	BACE1	Class
http://www.semanticweb.org/fangli/ontologies/2019/2/untitled-ontology-107#BACE2	BACE2	Class
http://www.semanticweb.org/fangli/ontologies/2019/2/untitled-ontology-107#BAI1_associated_protein_2	BAI1_Associated_Protein_2	Class
http://www.semanticweb.org/fangli/ontologies/2019/2/untitled-ontology-107#BCL2,_apoptosis_regulator	Bcl2,_Apoptosis_Regulator	Class
http://www.semanticweb.org/fangli/ontologies/2019/2/untitled-ontology-107#BCL2_associated_athanogene_4	BCL2_Associated_Athanogene_4	Class
http://www.semanticweb.org/fangli/ontologies/2019/2/untitled-ontology-107#BPTF	BPTF	Class
http://www.semanticweb.org/fangli/ontologies/2019/2/untitled-ontology-107#Barrington's_nucleus	Barrington's_Nucleus	Class
http://www.semanticweb.org/fangli/ontologies/2019/2/untitled-ontology-107#Basal_Ganglia	Basal_Ganglia	Class
http://www.semanticweb.org/fangli/ontologies/2019/2/untitled-ontology-107#Basal_Ganglia_Diseases	Basal_Ganglia_Diseases	Class
http://www.semanticweb.org/fangli/ontologies/2019/2/untitled-ontology-107#Basal_forebrain	Basal_Forebrain	Class
http://www.semanticweb.org/fangli/ontologies/2019/2/untitled-ontology-107#Basolateral_nuclear_complex	Basolateral_Nuclear_Complex	Class
http://www.semanticweb.org/fangli/ontologies/2019/2/untitled-ontology-107#Bassoon_presynaptic_cytomatrix_protein	Bassoon_Presynaptic_Cytomatrix_Protein	Class
http://www.semanticweb.org/fangli/ontologies/2019/2/untitled-ontology-107#Behavioral_symptom	Behavioral_Symptom	Class
http://www.semanticweb.org/fangli/ontologies/2019/2/untitled-ontology-107#Benzazepine	Benzazepine	Class
http://www.semanticweb.org/fangli/ontologies/2019/2/untitled-ontology-107#Binding	Binding	Class
http://www.semanticweb.org/fangli/ontologies/2019/2/untitled-ontology-107#Biological_process	Biological_Process	Class
http://www.semanticweb.org/fangli/ontologies/2019/2/untitled-ontology-107#Biological_regulation	Biological_Regulation	Class
http://www.semanticweb.org/fangli/ontologies/2019/2/untitled-ontology-107#Biosynthetic_process	Biosynthetic_Process	Class
http://www.semanticweb.org/fangli/ontologies/2019/2/untitled-ontology-107#Blood-brain_barrier	Blood-brain_Barrier	Class
http://www.semanticweb.org/fangli/ontologies/2019/2/untitled-ontology-107#Brain	Brain	Class
http://www.semanticweb.org/fangli/ontologies/2019/2/untitled-ontology-107#Brain_Abscess	Brain_Abscess	Class
http://www.semanticweb.org/fangli/ontologies/2019/2/untitled-ontology-107#Brain_Death	Brain_Death	Class
http://www.semanticweb.org/fangli/ontologies/2019/2/untitled-ontology-107#Brain_Diseases	Brain_Diseases	Class
http://www.semanticweb.org/fangli/ontologies/2019/2/untitled-ontology-107#Brain_Edema	Brain_Edema	Class
http://www.semanticweb.org/fangli/ontologies/2019/2/untitled-ontology-107#Brain_Hypoxia	Brain_Hypoxia	Class
http://www.semanticweb.org/fangli/ontologies/2019/2/untitled-ontology-107#Brain_Injuries	Brain_Injuries	Class
http://www.semanticweb.org/fangli/ontologies/2019/2/untitled-ontology-107#Brain_Neoplasms	Brain_Neoplasms	Class
http://www.semanticweb.org/fangli/ontologies/2019/2/untitled-ontology-107#Brain_derived_neurotrophic_factor	Brain_Derived_Neurotrophic_Factor	Class
http://www.semanticweb.org/fangli/ontologies/2019/2/untitled-ontology-107#Brain_fornix	Brain_Fornix	Class
http://www.semanticweb.org/fangli/ontologies/2019/2/untitled-ontology-107#Brain_shrinkage_from_cell_loss	Brain_Shrinkage_from_Cell_Loss	Class
http://www.semanticweb.org/fangli/ontologies/2019/2/untitled-ontology-107#Brain_stem	Brain_Stem	Class
http://www.semanticweb.org/fangli/ontologies/2019/2/untitled-ontology-107#Breast_carcinoma_amplified_sequence_1	Breast_Carcinoma_Amplified_Sequence_1	Class
http://www.semanticweb.org/fangli/ontologies/2019/2/untitled-ontology-107#Bridging_integrator_1	Bridging_Integrator_1	Class
http://www.semanticweb.org/fangli/ontologies/2019/2/untitled-ontology-107#Broca_area	Broca_Area	Class
http://www.semanticweb.org/fangli/ontologies/2019/2/untitled-ontology-107#C-X-C_motif_chemokine_ligand_10	C-x-c_Motif_Chemokine_Ligand_10	Class
http://www.semanticweb.org/fangli/ontologies/2019/2/untitled-ontology-107#C-X3-C_motif_chemokine_ligand_1	C-x3-c_Motif_Chemokine_Ligand_1	Class
http://www.semanticweb.org/fangli/ontologies/2019/2/untitled-ontology-107#C-X3-C_motif_chemokine_receptor_1	C-x3-c_Motif_Chemokine_Receptor_1	Class
http://www.semanticweb.org/fangli/ontologies/2019/2/untitled-ontology-107#C1q_and_TNF_related_4	C1q_and_TNF_Related_4	Class
http://www.semanticweb.org/fangli/ontologies/2019/2/untitled-ontology-107#C9orf72	C9orf72	Class
http://www.semanticweb.org/fangli/ontologies/2019/2/untitled-ontology-107#CASS4	CASS4	Class
http://www.semanticweb.org/fangli/ontologies/2019/2/untitled-ontology-107#CD2AP	CD2AP	Class
http://www.semanticweb.org/fangli/ontologies/2019/2/untitled-ontology-107#CD33_molecule	CD33_Molecule	Class
http://www.semanticweb.org/fangli/ontologies/2019/2/untitled-ontology-107#CD44_molecule_(Indian_blood_group)	CD44_Molecule_(indian_Blood_Group)	Class
http://www.semanticweb.org/fangli/ontologies/2019/2/untitled-ontology-107#CD55_protein	CD55_Protein	Class
http://www.semanticweb.org/fangli/ontologies/2019/2/untitled-ontology-107#CDGSH_iron_sulfur_domain_1	CDGSH_Iron_Sulfur_Domain_1	Class
http://www.semanticweb.org/fangli/ontologies/2019/2/untitled-ontology-107#CELF1	CELF1	Class
http://www.semanticweb.org/fangli/ontologies/2019/2/untitled-ontology-107#CHMP2B	CHMP2B	Class
http://www.semanticweb.org/fangli/ontologies/2019/2/untitled-ontology-107#CREB_signalling	CREB_Signalling	Class
http://www.semanticweb.org/fangli/ontologies/2019/2/untitled-ontology-107#CST3	CST3	Class
http://www.semanticweb.org/fangli/ontologies/2019/2/untitled-ontology-107#CUB_and_Sushi_multiple_domains_1	CUB_and_Sushi_Multiple_Domains_1	Class
http://www.semanticweb.org/fangli/ontologies/2019/2/untitled-ontology-107#Cadherin_22	Cadherin_22	Class
http://www.semanticweb.org/fangli/ontologies/2019/2/untitled-ontology-107#Calcium/calmodulin_dependent_protein_kinase_kinase_2	Calcium/calmodulin_Dependent_Protein_Kinase_Kinase_2	Class
http://www.semanticweb.org/fangli/ontologies/2019/2/untitled-ontology-107#Calcium_dependent_secretion_activator	Calcium_Dependent_Secretion_Activator	Class
http://www.semanticweb.org/fangli/ontologies/2019/2/untitled-ontology-107#Calcium_signalling	Calcium_Signalling	Class
http://www.semanticweb.org/fangli/ontologies/2019/2/untitled-ontology-107#Calcium_voltage-gated_channel_auxiliary_subunit_beta_4	Calcium_Voltage-gated_Channel_Auxiliary_Subunit_Beta_4	Class
http://www.semanticweb.org/fangli/ontologies/2019/2/untitled-ontology-107#Calpain_2	Calpain_2	Class
http://www.semanticweb.org/fangli/ontologies/2019/2/untitled-ontology-107#Carbamate	Carbamate	Class
http://www.semanticweb.org/fangli/ontologies/2019/2/untitled-ontology-107#Carbamazepine	Carbamazepine	Class
http://www.semanticweb.org/fangli/ontologies/2019/2/untitled-ontology-107#Cargo_adaptor_activity	Cargo_Adaptor_Activity	Class
http://www.semanticweb.org/fangli/ontologies/2019/2/untitled-ontology-107#Cargo_receptor_activity	Cargo_Receptor_Activity	Class
http://www.semanticweb.org/fangli/ontologies/2019/2/untitled-ontology-107#Catabolic_process	Catabolic_Process	Class
http://www.semanticweb.org/fangli/ontologies/2019/2/untitled-ontology-107#Catalytic_activity	Catalytic_Activity	Class
http://www.semanticweb.org/fangli/ontologies/2019/2/untitled-ontology-107#Caudate_nucleus	Caudate_Nucleus	Class
http://www.semanticweb.org/fangli/ontologies/2019/2/untitled-ontology-107#Cbl_proto-oncogene	Cbl_Proto-oncogene	Class
http://www.semanticweb.org/fangli/ontologies/2019/2/untitled-ontology-107#Cell-cell_signaling	Cell-cell_Signaling	Class
http://www.semanticweb.org/fangli/ontologies/2019/2/untitled-ontology-107#Cell_adhesion_and_endocytosis	Cell_Adhesion_and_Endocytosis	Class
http://www.semanticweb.org/fangli/ontologies/2019/2/untitled-ontology-107#Cell_division_cycle_associated_7	Cell_Division_Cycle_Associated_7	Class
http://www.semanticweb.org/fangli/ontologies/2019/2/untitled-ontology-107#Cell_migration	Cell_Migration	Class
http://www.semanticweb.org/fangli/ontologies/2019/2/untitled-ontology-107#Cellular_metabolic_process	Cellular_Metabolic_Process	Class
http://www.semanticweb.org/fangli/ontologies/2019/2/untitled-ontology-107#Cellular_process	Cellular_Process	Class
http://www.semanticweb.org/fangli/ontologies/2019/2/untitled-ontology-107#Central_Auditory_Diseases	Central_Auditory_Diseases	Class
http://www.semanticweb.org/fangli/ontologies/2019/2/untitled-ontology-107#Central_Nervous_System_Diseases	Central_Nervous_System_Diseases	Class
http://www.semanticweb.org/fangli/ontologies/2019/2/untitled-ontology-107#Central_Nervous_System_Infections	Central_Nervous_System_Infections	Class
http://www.semanticweb.org/fangli/ontologies/2019/2/untitled-ontology-107#Central_amygdaloid_nucleus	Central_Amygdaloid_Nucleus	Class
http://www.semanticweb.org/fangli/ontologies/2019/2/untitled-ontology-107#Central_nervous_system	Central_Nervous_System	Class
http://www.semanticweb.org/fangli/ontologies/2019/2/untitled-ontology-107#Cerebellar_Diseases	Cerebellar_Diseases	Class
http://www.semanticweb.org/fangli/ontologies/2019/2/untitled-ontology-107#Cerebellar_cortex	Cerebellar_Cortex	Class
http://www.semanticweb.org/fangli/ontologies/2019/2/untitled-ontology-107#Cerebellar_nuclei	Cerebellar_Nuclei	Class
http://www.semanticweb.org/fangli/ontologies/2019/2/untitled-ontology-107#Cerebellar_vermis	Cerebellar_Vermis	Class
http://www.semanticweb.org/fangli/ontologies/2019/2/untitled-ontology-107#Cerebellopontine_angle	Cerebellopontine_Angle	Class
http://www.semanticweb.org/fangli/ontologies/2019/2/untitled-ontology-107#Cerebellum	Cerebellum	Class
http://www.semanticweb.org/fangli/ontologies/2019/2/untitled-ontology-107#Cerebral_Cortex	Cerebral_Cortex	Class
http://www.semanticweb.org/fangli/ontologies/2019/2/untitled-ontology-107#Cerebral_amyloid_angiopathy	Cerebral_Amyloid_Angiopathy	Class
http://www.semanticweb.org/fangli/ontologies/2019/2/untitled-ontology-107#Cerebral_aqueduct	Cerebral_Aqueduct	Class
http://www.semanticweb.org/fangli/ontologies/2019/2/untitled-ontology-107#Cerebral_cortical_atrophy	Cerebral_Cortical_Atrophy	Class
http://www.semanticweb.org/fangli/ontologies/2019/2/untitled-ontology-107#Cerebral_crus	Cerebral_Crus	Class
http://www.semanticweb.org/fangli/ontologies/2019/2/untitled-ontology-107#Cerebral_endothelial_cell_adhesion_molecule	Cerebral_Endothelial_Cell_Adhesion_Molecule	Class
http://www.semanticweb.org/fangli/ontologies/2019/2/untitled-ontology-107#Cerebral_peduncle	Cerebral_Peduncle	Class
http://www.semanticweb.org/fangli/ontologies/2019/2/untitled-ontology-107#Cerebral_ventricle	Cerebral_Ventricle	Class
http://www.semanticweb.org/fangli/ontologies/2019/2/untitled-ontology-107#Cerebrovascular_Disorders	Cerebrovascular_Disorders	Class
http://www.semanticweb.org/fangli/ontologies/2019/2/untitled-ontology-107#Cerebrum	Cerebrum	Class
http://www.semanticweb.org/fangli/ontologies/2019/2/untitled-ontology-107#Cervical_cord	Cervical_Cord	Class
http://www.semanticweb.org/fangli/ontologies/2019/2/untitled-ontology-107#Change_in_episodic_memory	Change_in_Episodic_Memory	Class
http://www.semanticweb.org/fangli/ontologies/2019/2/untitled-ontology-107#Chaperonin_containing_TCP1_subunit_6B	Chaperonin_Containing_TCP1_Subunit_6B	Class
http://www.semanticweb.org/fangli/ontologies/2019/2/untitled-ontology-107#Chloride_intracellular_channel_1	Chloride_Intracellular_Channel_1	Class
http://www.semanticweb.org/fangli/ontologies/2019/2/untitled-ontology-107#Cholesterol_metabolism	Cholesterol_Metabolism	Class
http://www.semanticweb.org/fangli/ontologies/2019/2/untitled-ontology-107#Cholesteryl_ester_transfer_protein	Cholesteryl_Ester_Transfer_Protein	Class
http://www.semanticweb.org/fangli/ontologies/2019/2/untitled-ontology-107#Cholinesterase_inhibitor	Cholinesterase_Inhibitor	Class
http://www.semanticweb.org/fangli/ontologies/2019/2/untitled-ontology-107#Chondroadherin_like	Chondroadherin_Like	Class
http://www.semanticweb.org/fangli/ontologies/2019/2/untitled-ontology-107#Choroid_plexus	Choroid_Plexus	Class
http://www.semanticweb.org/fangli/ontologies/2019/2/untitled-ontology-107#Chromodomain_Y_like	Chromodomain_Y_Like	Class
http://www.semanticweb.org/fangli/ontologies/2019/2/untitled-ontology-107#Chronic_Brain_Damage	Chronic_Brain_Damage	Class
http://www.semanticweb.org/fangli/ontologies/2019/2/untitled-ontology-107#Chronobiology_Disorders	Chronobiology_Disorders	Class
http://www.semanticweb.org/fangli/ontologies/2019/2/untitled-ontology-107#Cisterna_magna	Cisterna_Magna	Class
http://www.semanticweb.org/fangli/ontologies/2019/2/untitled-ontology-107#Citalopram	Citalopram	Class
http://www.semanticweb.org/fangli/ontologies/2019/2/untitled-ontology-107#Citrate_synthase	Citrate_Synthase	Class
http://www.semanticweb.org/fangli/ontologies/2019/2/untitled-ontology-107#Clozapine	Clozapine	Class
http://www.semanticweb.org/fangli/ontologies/2019/2/untitled-ontology-107#Clusterin	Clusterin	Class
http://www.semanticweb.org/fangli/ontologies/2019/2/untitled-ontology-107#Cochlear_nucleus	Cochlear_Nucleus	Class
http://www.semanticweb.org/fangli/ontologies/2019/2/untitled-ontology-107#Cognitive_dysfunction	Cognitive_Dysfunction	Class
http://www.semanticweb.org/fangli/ontologies/2019/2/untitled-ontology-107#Coiled-coil-helix-coiled-coil-helix_domain_containing_3	Coiled-coil-helix-coiled-coil-helix_Domain_Containing_3	Class
http://www.semanticweb.org/fangli/ontologies/2019/2/untitled-ontology-107#Cold_inducible_RNA_binding_protein	Cold_Inducible_RNA_Binding_Protein	Class
http://www.semanticweb.org/fangli/ontologies/2019/2/untitled-ontology-107#Collagen_metabolic_process	Collagen_Metabolic_Process	Class
http://www.semanticweb.org/fangli/ontologies/2019/2/untitled-ontology-107#Collagen_type_I_alpha_2_chain	Collagen_Type_I_Alpha_2_Chain	Class
http://www.semanticweb.org/fangli/ontologies/2019/2/untitled-ontology-107#Collagen_type_XXV_alpha_1_chain	Collagen_Type_XXV_Alpha_1_Chain	Class
http://www.semanticweb.org/fangli/ontologies/2019/2/untitled-ontology-107#Colony_stimulating_factor_1	Colony_Stimulating_Factor_1	Class
http://www.semanticweb.org/fangli/ontologies/2019/2/untitled-ontology-107#Colony_stimulating_factor_1_receptor	Colony_Stimulating_Factor_1_Receptor	Class
http://www.semanticweb.org/fangli/ontologies/2019/2/untitled-ontology-107#Complement_c3b/C4b_receptor_1_(Knops_blood_group)	Complement_C3b/c4b_Receptor_1_(knops_Blood_Group)	Class
http://www.semanticweb.org/fangli/ontologies/2019/2/untitled-ontology-107#Complement_factor_H	Complement_Factor_H	Class
http://www.semanticweb.org/fangli/ontologies/2019/2/untitled-ontology-107#Complement_factor_I	Complement_Factor_I	Class
http://www.semanticweb.org/fangli/ontologies/2019/2/untitled-ontology-107#Complexin_1	Complexin_1	Class
http://www.semanticweb.org/fangli/ontologies/2019/2/untitled-ontology-107#Connector_enhancer_of_kinase_suppressor_of_Ras_2	Connector_Enhancer_of_Kinase_Suppressor_of_Ras_2	Class
http://www.semanticweb.org/fangli/ontologies/2019/2/untitled-ontology-107#Contactin_associated_protein_like_2	Contactin_Associated_Protein_Like_2	Class
http://www.semanticweb.org/fangli/ontologies/2019/2/untitled-ontology-107#Corpus_callosum	Corpus_Callosum	Class
http://www.semanticweb.org/fangli/ontologies/2019/2/untitled-ontology-107#Corpus_striatum	Corpus_Striatum	Class
http://www.semanticweb.org/fangli/ontologies/2019/2/untitled-ontology-107#Corticomedial_nuclear_complex	Corticomedial_Nuclear_Complex	Class
http://www.semanticweb.org/fangli/ontologies/2019/2/untitled-ontology-107#Corticotroph	Corticotroph	Class
http://www.semanticweb.org/fangli/ontologies/2019/2/untitled-ontology-107#Corticotropin_releasing_hormone	Corticotropin_Releasing_Hormone	Class
http://www.semanticweb.org/fangli/ontologies/2019/2/untitled-ontology-107#Corticotropin_releasing_hormone_receptor_1	Corticotropin_Releasing_Hormone_Receptor_1	Class
http://www.semanticweb.org/fangli/ontologies/2019/2/untitled-ontology-107#Cranial_Nerve_Diseases	Cranial_Nerve_Diseases	Class
http://www.semanticweb.org/fangli/ontologies/2019/2/untitled-ontology-107#Creutzfeldt-Jakob_Syndrome	Creutzfeldt-jakob_Syndrome	Class
http://www.semanticweb.org/fangli/ontologies/2019/2/untitled-ontology-107#Cyclin_dependent_kinase_18	Cyclin_Dependent_Kinase_18	Class
http://www.semanticweb.org/fangli/ontologies/2019/2/untitled-ontology-107#Cysteine_and_glycine_rich_protein_1	Cysteine_and_Glycine_Rich_Protein_1	Class
http://www.semanticweb.org/fangli/ontologies/2019/2/untitled-ontology-107#Cytochrome_P450_family_19_subfamily_A_member_1	Cytochrome_P450_Family_19_Subfamily_A_Member_1	Class
http://www.semanticweb.org/fangli/ontologies/2019/2/untitled-ontology-107#Cytochrome_P450_family_27_subfamily_A_member_1	Cytochrome_P450_Family_27_Subfamily_A_Member_1	Class
http://www.semanticweb.org/fangli/ontologies/2019/2/untitled-ontology-107#Cytochrome_P450_family_3_subfamily_A_member_43	Cytochrome_P450_Family_3_Subfamily_A_Member_43	Class
http://www.semanticweb.org/fangli/ontologies/2019/2/untitled-ontology-107#Cytochrome_b-245_alpha_chain	Cytochrome_B-245_Alpha_Chain	Class
http://www.semanticweb.org/fangli/ontologies/2019/2/untitled-ontology-107#Cytochrome_c_oxidase_subunit_5B	Cytochrome_C_Oxidase_Subunit_5B	Class
http://www.semanticweb.org/fangli/ontologies/2019/2/untitled-ontology-107#Cytochrome_c_oxidase_subunit_6B1	Cytochrome_C_Oxidase_Subunit_6B1	Class
http://www.semanticweb.org/fangli/ontologies/2019/2/untitled-ontology-107#Cytoplasmic_FMR1_interacting_protein_2	Cytoplasmic_FMR1_Interacting_Protein_2	Class
http://www.semanticweb.org/fangli/ontologies/2019/2/untitled-ontology-107#Cytoskeleton_and_axonal_transport	Cytoskeleton_and_Axonal_Transport	Class
http://www.semanticweb.org/fangli/ontologies/2019/2/untitled-ontology-107#Cytotoxic_T-lymphocyte_associated_protein_4	Cytotoxic_T-lymphocyte_Associated_Protein_4	Class
http://www.semanticweb.org/fangli/ontologies/2019/2/untitled-ontology-107#DCR	DCR	Class
http://www.semanticweb.org/fangli/ontologies/2019/2/untitled-ontology-107#DDB1_and_CUL4_associated_factor_12	DDB1_and_CUL4_Associated_Factor_12	Class
http://www.semanticweb.org/fangli/ontologies/2019/2/untitled-ontology-107#DIRAS_family_gtpase_1	DIRAS_Family_Gtpase_1	Class
http://www.semanticweb.org/fangli/ontologies/2019/2/untitled-ontology-107#DLG_associated_protein_1	DLG_Associated_Protein_1	Class
http://www.semanticweb.org/fangli/ontologies/2019/2/untitled-ontology-107#DND_microrna-mediated_repression_inhibitor_1	DND_Microrna-mediated_Repression_Inhibitor_1	Class
http://www.semanticweb.org/fangli/ontologies/2019/2/untitled-ontology-107#DSG2	DSG2	Class
http://www.semanticweb.org/fangli/ontologies/2019/2/untitled-ontology-107#Death_associated_protein_3	Death_Associated_Protein_3	Class
http://www.semanticweb.org/fangli/ontologies/2019/2/untitled-ontology-107#Decorin	Decorin	Class
http://www.semanticweb.org/fangli/ontologies/2019/2/untitled-ontology-107#Dedicator_of_cytokinesis_1	Dedicator_of_Cytokinesis_1	Class
http://www.semanticweb.org/fangli/ontologies/2019/2/untitled-ontology-107#Dedicator_of_cytokinesis_2	Dedicator_of_Cytokinesis_2	Class
http://www.semanticweb.org/fangli/ontologies/2019/2/untitled-ontology-107#Dedicator_of_cytokinesis_3	Dedicator_of_Cytokinesis_3	Class
http://www.semanticweb.org/fangli/ontologies/2019/2/untitled-ontology-107#Dedicator_of_cytokinesis_4	Dedicator_of_Cytokinesis_4	Class
http://www.semanticweb.org/fangli/ontologies/2019/2/untitled-ontology-107#Dehydrogenase/reductase_11	Dehydrogenase/reductase_11	Class
http://www.semanticweb.org/fangli/ontologies/2019/2/untitled-ontology-107#Dehydrogenase_E1_and_transketolase_domain_containing_1	Dehydrogenase_E1_and_Transketolase_Domain_Containing_1	Class
http://www.semanticweb.org/fangli/ontologies/2019/2/untitled-ontology-107#Deltex_E3_ubiquitin_ligase_3L	Deltex_E3_Ubiquitin_Ligase_3L	Class
http://www.semanticweb.org/fangli/ontologies/2019/2/untitled-ontology-107#Delusion	Delusion	Class
http://www.semanticweb.org/fangli/ontologies/2019/2/untitled-ontology-107#Dementia	Dementia	Class
http://www.semanticweb.org/fangli/ontologies/2019/2/untitled-ontology-107#Dementia_due_to_AD	Dementia_Due_to_AD	Class
http://www.semanticweb.org/fangli/ontologies/2019/2/untitled-ontology-107#Demethylation	Demethylation	Class
http://www.semanticweb.org/fangli/ontologies/2019/2/untitled-ontology-107#Demyelinating_Diseases	Demyelinating_Diseases	Class
http://www.semanticweb.org/fangli/ontologies/2019/2/untitled-ontology-107#Dentate_gyrus	Dentate_Gyrus	Class
http://www.semanticweb.org/fangli/ontologies/2019/2/untitled-ontology-107#Depressive_symptom	Depressive_Symptom	Class
http://www.semanticweb.org/fangli/ontologies/2019/2/untitled-ontology-107#Desumoylating_isopeptidase_1	Desumoylating_Isopeptidase_1	Class
http://www.semanticweb.org/fangli/ontologies/2019/2/untitled-ontology-107#Diagonal_band_of_broca	Diagonal_Band_of_Broca	Class
http://www.semanticweb.org/fangli/ontologies/2019/2/untitled-ontology-107#Diazepam_binding_inhibitor,_acyl-coa_binding_protein	Diazepam_Binding_Inhibitor,_Acyl-coa_Binding_Protein	Class
http://www.semanticweb.org/fangli/ontologies/2019/2/untitled-ontology-107#Diencephalon	Diencephalon	Class
http://www.semanticweb.org/fangli/ontologies/2019/2/untitled-ontology-107#Difficulty_learning_new_task	Difficulty_Learning_New_Task	Class
http://www.semanticweb.org/fangli/ontologies/2019/2/untitled-ontology-107#Difficulty_recognizing_face	Difficulty_Recognizing_Face	Class
http://www.semanticweb.org/fangli/ontologies/2019/2/untitled-ontology-107#Difficulty_speaking	Difficulty_Speaking	Class
http://www.semanticweb.org/fangli/ontologies/2019/2/untitled-ontology-107#Difficulty_swallowing	Difficulty_Swallowing	Class
http://www.semanticweb.org/fangli/ontologies/2019/2/untitled-ontology-107#Difficulty_walking	Difficulty_Walking	Class
http://www.semanticweb.org/fangli/ontologies/2019/2/untitled-ontology-107#Diffuse_Cerebral_Sclerosis_of_Schilder	Diffuse_Cerebral_Sclerosis_of_Schilder	Class
http://www.semanticweb.org/fangli/ontologies/2019/2/untitled-ontology-107#Diffuse_Neurofibrillary_Tangles_with_Calcification	Diffuse_Neurofibrillary_Tangles_with_Calcification	Class
http://www.semanticweb.org/fangli/ontologies/2019/2/untitled-ontology-107#Dihydrolipoamide_branched_chain_transacylase_E2	Dihydrolipoamide_Branched_Chain_Transacylase_E2	Class
http://www.semanticweb.org/fangli/ontologies/2019/2/untitled-ontology-107#Dihydrolipoamide_dehydrogenase	Dihydrolipoamide_Dehydrogenase	Class
http://www.semanticweb.org/fangli/ontologies/2019/2/untitled-ontology-107#Dihydropyrimidinase_like_3	Dihydropyrimidinase_Like_3	Class
http://www.semanticweb.org/fangli/ontologies/2019/2/untitled-ontology-107#Dimethylarginine_dimethylaminohydrolase_2	Dimethylarginine_Dimethylaminohydrolase_2	Class
http://www.semanticweb.org/fangli/ontologies/2019/2/untitled-ontology-107#Dipeptidyl_peptidase_like_10	Dipeptidyl_Peptidase_Like_10	Class
http://www.semanticweb.org/fangli/ontologies/2019/2/untitled-ontology-107#Dipeptidyl_peptidase_like_6	Dipeptidyl_Peptidase_Like_6	Class
http://www.semanticweb.org/fangli/ontologies/2019/2/untitled-ontology-107#Discs_large_MAGUK_scaffold_protein_2	Discs_Large_MAGUK_Scaffold_Protein_2	Class
http://www.semanticweb.org/fangli/ontologies/2019/2/untitled-ontology-107#Discs_large_MAGUK_scaffold_protein_4	Discs_Large_MAGUK_Scaffold_Protein_4	Class
http://www.semanticweb.org/fangli/ontologies/2019/2/untitled-ontology-107#Disease	Disease	Class
http://www.semanticweb.org/fangli/ontologies/2019/2/untitled-ontology-107#Dishevelled_associated_activator_of_morphogenesis_2	Dishevelled_Associated_Activator_of_Morphogenesis_2	Class
http://www.semanticweb.org/fangli/ontologies/2019/2/untitled-ontology-107#Disinhibited_behavior	Disinhibited_Behavior	Class
http://www.semanticweb.org/fangli/ontologies/2019/2/untitled-ontology-107#Disorientation	Disorientation	Class
http://www.semanticweb.org/fangli/ontologies/2019/2/untitled-ontology-107#Dmx_like_2	Dmx_Like_2	Class
http://www.semanticweb.org/fangli/ontologies/2019/2/untitled-ontology-107#Dnaj_heat_shock_protein_family_(Hsp40)_member_C6	Dnaj_Heat_Shock_Protein_Family_(hsp40)_Member_C6	Class
http://www.semanticweb.org/fangli/ontologies/2019/2/untitled-ontology-107#Donepezil	Donepezil	Class
http://www.semanticweb.org/fangli/ontologies/2019/2/untitled-ontology-107#Dorsomedial_hypothalamic_nucleus	Dorsomedial_Hypothalamic_Nucleus	Class
http://www.semanticweb.org/fangli/ontologies/2019/2/untitled-ontology-107#Doublecortin_like_kinase_1	Doublecortin_Like_Kinase_1	Class
http://www.semanticweb.org/fangli/ontologies/2019/2/untitled-ontology-107#Dpy-30,_histone_methyltransferase_complex_regulatory_subunit	Dpy-30,_Histone_Methyltransferase_Complex_Regulatory_Subunit	Class
http://www.semanticweb.org/fangli/ontologies/2019/2/untitled-ontology-107#Drug	Drug	Class
http://www.semanticweb.org/fangli/ontologies/2019/2/untitled-ontology-107#Drug_classified_by_chemical_structure	Drug_Classified_by_Chemical_Structure	Class
http://www.semanticweb.org/fangli/ontologies/2019/2/untitled-ontology-107#Drug_classified_by_development_state	Drug_Classified_by_Development_State	Class
http://www.semanticweb.org/fangli/ontologies/2019/2/untitled-ontology-107#Drug_classified_by_mechanism	Drug_Classified_by_Mechanism	Class
http://www.semanticweb.org/fangli/ontologies/2019/2/untitled-ontology-107#Drug_in_phase_III_clinical_trial	Drug_in_Phase_III_Clinical_Trial	Class
http://www.semanticweb.org/fangli/ontologies/2019/2/untitled-ontology-107#Drug_in_phase_II_clinical_trial	Drug_in_Phase_II_Clinical_Trial	Class
http://www.semanticweb.org/fangli/ontologies/2019/2/untitled-ontology-107#Drug_in_phase_IV_clinical_trial	Drug_in_Phase_IV_Clinical_Trial	Class
http://www.semanticweb.org/fangli/ontologies/2019/2/untitled-ontology-107#Drug_in_phase_I_clinical_trial	Drug_in_Phase_I_Clinical_Trial	Class
http://www.semanticweb.org/fangli/ontologies/2019/2/untitled-ontology-107#Drug_target	Drug_Target	Class
http://www.semanticweb.org/fangli/ontologies/2019/2/untitled-ontology-107#Dura_mater	Dura_Mater	Class
http://www.semanticweb.org/fangli/ontologies/2019/2/untitled-ontology-107#Dynactin_subunit_1	Dynactin_Subunit_1	Class
http://www.semanticweb.org/fangli/ontologies/2019/2/untitled-ontology-107#Dynamin_1	Dynamin_1	Class
http://www.semanticweb.org/fangli/ontologies/2019/2/untitled-ontology-107#Dynamin_2	Dynamin_2	Class
http://www.semanticweb.org/fangli/ontologies/2019/2/untitled-ontology-107#Dynamin_3	Dynamin_3	Class
http://www.semanticweb.org/fangli/ontologies/2019/2/untitled-ontology-107#Dynein_cytoplasmic_1_intermediate_chain_1	Dynein_Cytoplasmic_1_Intermediate_Chain_1	Class
http://www.semanticweb.org/fangli/ontologies/2019/2/untitled-ontology-107#Dynein_cytoplasmic_2_light_intermediate_chain_1	Dynein_Cytoplasmic_2_Light_Intermediate_Chain_1	Class
http://www.semanticweb.org/fangli/ontologies/2019/2/untitled-ontology-107#ELAV_like_RNA_binding_protein_2	ELAV_Like_RNA_Binding_Protein_2	Class
http://www.semanticweb.org/fangli/ontologies/2019/2/untitled-ontology-107#ELAV_like_RNA_binding_protein_4	ELAV_Like_RNA_Binding_Protein_4	Class
http://www.semanticweb.org/fangli/ontologies/2019/2/untitled-ontology-107#ELKS/RAB6-interacting/CAST_family_member_2	Elks/rab6-interacting/cast_Family_Member_2	Class
http://www.semanticweb.org/fangli/ontologies/2019/2/untitled-ontology-107#EPH_receptor_A1	EPH_Receptor_A1	Class
http://www.semanticweb.org/fangli/ontologies/2019/2/untitled-ontology-107#EPH_receptor_A5	EPH_Receptor_A5	Class
http://www.semanticweb.org/fangli/ontologies/2019/2/untitled-ontology-107#Ectodermal-neural_cortex_1	Ectodermal-neural_Cortex_1	Class
http://www.semanticweb.org/fangli/ontologies/2019/2/untitled-ontology-107#Edinger-westphal_nucleus	Edinger-westphal_Nucleus	Class
http://www.semanticweb.org/fangli/ontologies/2019/2/untitled-ontology-107#Electron_transfer_flavoprotein_subunit_alpha	Electron_Transfer_Flavoprotein_Subunit_Alpha	Class
http://www.semanticweb.org/fangli/ontologies/2019/2/untitled-ontology-107#Encephalitis	Encephalitis	Class
http://www.semanticweb.org/fangli/ontologies/2019/2/untitled-ontology-107#Encephalomalacia	Encephalomalacia	Class
http://www.semanticweb.org/fangli/ontologies/2019/2/untitled-ontology-107#Encephalomyelitis	Encephalomyelitis	Class
http://www.semanticweb.org/fangli/ontologies/2019/2/untitled-ontology-107#Endocytosis	Endocytosis	Class
http://www.semanticweb.org/fangli/ontologies/2019/2/untitled-ontology-107#Enolase_1	Enolase_1	Class
http://www.semanticweb.org/fangli/ontologies/2019/2/untitled-ontology-107#Entopeduncular_nucleus	Entopeduncular_Nucleus	Class
http://www.semanticweb.org/fangli/ontologies/2019/2/untitled-ontology-107#Entorhinal_cortex	Entorhinal_Cortex	Class
http://www.semanticweb.org/fangli/ontologies/2019/2/untitled-ontology-107#Ependyma	Ependyma	Class
http://www.semanticweb.org/fangli/ontologies/2019/2/untitled-ontology-107#Ephrin_A1	Ephrin_A1	Class
http://www.semanticweb.org/fangli/ontologies/2019/2/untitled-ontology-107#Ephrin_A5	Ephrin_A5	Class
http://www.semanticweb.org/fangli/ontologies/2019/2/untitled-ontology-107#Epigenetic_regulation	Epigenetic_Regulation	Class
http://www.semanticweb.org/fangli/ontologies/2019/2/untitled-ontology-107#Epilepsy	Epilepsy	Class
http://www.semanticweb.org/fangli/ontologies/2019/2/untitled-ontology-107#Epithalamus	Epithalamus	Class
http://www.semanticweb.org/fangli/ontologies/2019/2/untitled-ontology-107#Erb-b2_receptor_tyrosine_kinase_3	Erb-b2_Receptor_Tyrosine_Kinase_3	Class
http://www.semanticweb.org/fangli/ontologies/2019/2/untitled-ontology-107#Erb-b2_receptor_tyrosine_kinase_4	Erb-b2_Receptor_Tyrosine_Kinase_4	Class
http://www.semanticweb.org/fangli/ontologies/2019/2/untitled-ontology-107#Erythrocyte_membrane_protein_band_4.1_like_3	Erythrocyte_Membrane_Protein_Band_4.1_Like_3	Class
http://www.semanticweb.org/fangli/ontologies/2019/2/untitled-ontology-107#Estrogen_related_receptor_gamma	Estrogen_Related_Receptor_Gamma	Class
http://www.semanticweb.org/fangli/ontologies/2019/2/untitled-ontology-107#Experimental_drug	Experimental_Drug	Class
http://www.semanticweb.org/fangli/ontologies/2019/2/untitled-ontology-107#External_capsule	External_Capsule	Class
http://www.semanticweb.org/fangli/ontologies/2019/2/untitled-ontology-107#Extracellular_matrix-cell_signaling	Extracellular_Matrix-cell_Signaling	Class
http://www.semanticweb.org/fangli/ontologies/2019/2/untitled-ontology-107#Extrapyramidal_tract	Extrapyramidal_Tract	Class
http://www.semanticweb.org/fangli/ontologies/2019/2/untitled-ontology-107#F-box_and_WD_repeat_domain_containing_7	F-box_and_WD_Repeat_Domain_Containing_7	Class
http://www.semanticweb.org/fangli/ontologies/2019/2/untitled-ontology-107#F-box_and_leucine_rich_repeat_protein_16	F-box_and_Leucine_Rich_Repeat_Protein_16	Class
http://www.semanticweb.org/fangli/ontologies/2019/2/untitled-ontology-107#FANCD2_and_FANCI_associated_nuclease_1	FANCD2_and_FANCI_Associated_Nuclease_1	Class
http://www.semanticweb.org/fangli/ontologies/2019/2/untitled-ontology-107#FDA-approved_drug	Fda-approved_Drug	Class
http://www.semanticweb.org/fangli/ontologies/2019/2/untitled-ontology-107#FERMT2	FERMT2	Class
http://www.semanticweb.org/fangli/ontologies/2019/2/untitled-ontology-107#FERM_and_PDZ_domain_containing_4	FERM_and_PDZ_Domain_Containing_4	Class
http://www.semanticweb.org/fangli/ontologies/2019/2/untitled-ontology-107#FGF1_intracellular_binding_protein	FGF1_Intracellular_Binding_Protein	Class
http://www.semanticweb.org/fangli/ontologies/2019/2/untitled-ontology-107#FK506_binding_protein_5	FK506_Binding_Protein_5	Class
http://www.semanticweb.org/fangli/ontologies/2019/2/untitled-ontology-107#FRAT2,_WNT_signaling_pathway_regulator	Frat2,_WNT_Signaling_Pathway_Regulator	Class
http://www.semanticweb.org/fangli/ontologies/2019/2/untitled-ontology-107#FUS	FUS	Class
http://www.semanticweb.org/fangli/ontologies/2019/2/untitled-ontology-107#Facial_nucleus	Facial_Nucleus	Class
http://www.semanticweb.org/fangli/ontologies/2019/2/untitled-ontology-107#Family_with_sequence_similarity_107_member_A	Family_with_Sequence_Similarity_107_Member_A	Class
http://www.semanticweb.org/fangli/ontologies/2019/2/untitled-ontology-107#Family_with_sequence_similarity_111_member_A	Family_with_Sequence_Similarity_111_Member_A	Class
http://www.semanticweb.org/fangli/ontologies/2019/2/untitled-ontology-107#Fascin_actin-bundling_protein_3	Fascin_Actin-bundling_Protein_3	Class
http://www.semanticweb.org/fangli/ontologies/2019/2/untitled-ontology-107#Fatty_acid_2-hydroxylase	Fatty_Acid_2-hydroxylase	Class
http://www.semanticweb.org/fangli/ontologies/2019/2/untitled-ontology-107#Fatty_acid_desaturase_1	Fatty_Acid_Desaturase_1	Class
http://www.semanticweb.org/fangli/ontologies/2019/2/untitled-ontology-107#Fatty_acid_desaturase_2	Fatty_Acid_Desaturase_2	Class
http://www.semanticweb.org/fangli/ontologies/2019/2/untitled-ontology-107#Fc_fragment_of_ige_receptor_Ig	Fc_Fragment_of_Ige_Receptor_Ig	Class
http://www.semanticweb.org/fangli/ontologies/2019/2/untitled-ontology-107#Fc_fragment_of_igg_receptor_Ia	Fc_Fragment_of_Igg_Receptor_Ia	Class
http://www.semanticweb.org/fangli/ontologies/2019/2/untitled-ontology-107#Fermitin_family_member_3	Fermitin_Family_Member_3	Class
http://www.semanticweb.org/fangli/ontologies/2019/2/untitled-ontology-107#Fibroblast_growth_factor_12	Fibroblast_Growth_Factor_12	Class
http://www.semanticweb.org/fangli/ontologies/2019/2/untitled-ontology-107#Fibroblast_growth_factor_14	Fibroblast_Growth_Factor_14	Class
http://www.semanticweb.org/fangli/ontologies/2019/2/untitled-ontology-107#Fluoxetine	Fluoxetine	Class
http://www.semanticweb.org/fangli/ontologies/2019/2/untitled-ontology-107#Forkhead_box_O1	Forkhead_Box_O1	Class
http://www.semanticweb.org/fangli/ontologies/2019/2/untitled-ontology-107#Fourth_ventricle	Fourth_Ventricle	Class
http://www.semanticweb.org/fangli/ontologies/2019/2/untitled-ontology-107#Frontal_lobe	Frontal_Lobe	Class
http://www.semanticweb.org/fangli/ontologies/2019/2/untitled-ontology-107#Frontotemporal_Lobar_Degeneration	Frontotemporal_Lobar_Degeneration	Class
http://www.semanticweb.org/fangli/ontologies/2019/2/untitled-ontology-107#Fumarylacetoacetate_hydrolase_domain_containing_2C,_pseudogene	Fumarylacetoacetate_Hydrolase_Domain_Containing_2c,_Pseudogene	Class
http://www.semanticweb.org/fangli/ontologies/2019/2/untitled-ontology-107#GABA_type_A_receptor_associated_protein_like_1	GABA_Type_A_Receptor_Associated_Protein_Like_1	Class
http://www.semanticweb.org/fangli/ontologies/2019/2/untitled-ontology-107#GBA	GBA	Class
http://www.semanticweb.org/fangli/ontologies/2019/2/untitled-ontology-107#GLUD2	GLUD2	Class
http://www.semanticweb.org/fangli/ontologies/2019/2/untitled-ontology-107#GPR3	GPR3	Class
http://www.semanticweb.org/fangli/ontologies/2019/2/untitled-ontology-107#GRAM_domain_containing_2B	GRAM_Domain_Containing_2B	Class
http://www.semanticweb.org/fangli/ontologies/2019/2/untitled-ontology-107#GRN	GRN	Class
http://www.semanticweb.org/fangli/ontologies/2019/2/untitled-ontology-107#GTP-binding_protein	Gtp-binding_Protein	Class
http://www.semanticweb.org/fangli/ontologies/2019/2/untitled-ontology-107#G_protein-coupled_receptor_37	G_Protein-coupled_Receptor_37	Class
http://www.semanticweb.org/fangli/ontologies/2019/2/untitled-ontology-107#G_protein-coupled_receptor_84	G_Protein-coupled_Receptor_84	Class
http://www.semanticweb.org/fangli/ontologies/2019/2/untitled-ontology-107#G_protein_subunit_beta_5	G_Protein_Subunit_Beta_5	Class
http://www.semanticweb.org/fangli/ontologies/2019/2/untitled-ontology-107#G_protein–coupled_receptor_3	G_Protein–coupled_Receptor_3	Class
http://www.semanticweb.org/fangli/ontologies/2019/2/untitled-ontology-107#Galantamine	Galantamine	Class
http://www.semanticweb.org/fangli/ontologies/2019/2/untitled-ontology-107#Gamma-aminobutyric_acid_type_A_receptor_alpha1_subunit	Gamma-aminobutyric_Acid_Type_A_Receptor_Alpha1_Subunit	Class
http://www.semanticweb.org/fangli/ontologies/2019/2/untitled-ontology-107#Gamma-aminobutyric_acid_type_A_receptor_alpha4_subunit	Gamma-aminobutyric_Acid_Type_A_Receptor_Alpha4_Subunit	Class
http://www.semanticweb.org/fangli/ontologies/2019/2/untitled-ontology-107#Gamma-aminobutyric_acid_type_A_receptor_beta2_subunit	Gamma-aminobutyric_Acid_Type_A_Receptor_Beta2_Subunit	Class
http://www.semanticweb.org/fangli/ontologies/2019/2/untitled-ontology-107#Gamma-aminobutyric_acid_type_A_receptor_gamma2_subunit	Gamma-aminobutyric_Acid_Type_A_Receptor_Gamma2_Subunit	Class
http://www.semanticweb.org/fangli/ontologies/2019/2/untitled-ontology-107#Ganglioside_induced_differentiation_associated_protein_1	Ganglioside_Induced_Differentiation_Associated_Protein_1	Class
http://www.semanticweb.org/fangli/ontologies/2019/2/untitled-ontology-107#Gap_junction_protein_alpha_1	Gap_Junction_Protein_Alpha_1	Class
http://www.semanticweb.org/fangli/ontologies/2019/2/untitled-ontology-107#Gelsolin	Gelsolin	Class
http://www.semanticweb.org/fangli/ontologies/2019/2/untitled-ontology-107#Gene	Gene	Class
http://www.semanticweb.org/fangli/ontologies/2019/2/untitled-ontology-107#Geniculate_body	Geniculate_Body	Class
http://www.semanticweb.org/fangli/ontologies/2019/2/untitled-ontology-107#Glial_cell_derived_neurotrophic_factor	Glial_Cell_Derived_Neurotrophic_Factor	Class
http://www.semanticweb.org/fangli/ontologies/2019/2/untitled-ontology-107#Glial_fibrillary_acidic_protein	Glial_Fibrillary_Acidic_Protein	Class
http://www.semanticweb.org/fangli/ontologies/2019/2/untitled-ontology-107#Globus_pallidus	Globus_Pallidus	Class
http://www.semanticweb.org/fangli/ontologies/2019/2/untitled-ontology-107#Glucose-6-phosphate_isomerase	Glucose-6-phosphate_Isomerase	Class
http://www.semanticweb.org/fangli/ontologies/2019/2/untitled-ontology-107#Glutamate_antagonist_memantine	Glutamate_Antagonist_Memantine	Class
http://www.semanticweb.org/fangli/ontologies/2019/2/untitled-ontology-107#Glutamate_decarboxylase_1	Glutamate_Decarboxylase_1	Class
http://www.semanticweb.org/fangli/ontologies/2019/2/untitled-ontology-107#Glutamate_ionotropic_receptor_AMPA_type_subunit_2	Glutamate_Ionotropic_Receptor_AMPA_Type_Subunit_2	Class
http://www.semanticweb.org/fangli/ontologies/2019/2/untitled-ontology-107#Glutamate_ionotropic_receptor_NMDA_type_subunit_2A	Glutamate_Ionotropic_Receptor_NMDA_Type_Subunit_2A	Class
http://www.semanticweb.org/fangli/ontologies/2019/2/untitled-ontology-107#Glutathione_S-transferase_kappa_1	Glutathione_S-transferase_Kappa_1	Class
http://www.semanticweb.org/fangli/ontologies/2019/2/untitled-ontology-107#Glyceraldehyde-3-phosphate_dehydrogenase	Glyceraldehyde-3-phosphate_Dehydrogenase	Class
http://www.semanticweb.org/fangli/ontologies/2019/2/untitled-ontology-107#Glycoprotein_M6B	Glycoprotein_M6B	Class
http://www.semanticweb.org/fangli/ontologies/2019/2/untitled-ontology-107#Glycosylation	Glycosylation	Class
http://www.semanticweb.org/fangli/ontologies/2019/2/untitled-ontology-107#Glymphatic_system	Glymphatic_System	Class
http://www.semanticweb.org/fangli/ontologies/2019/2/untitled-ontology-107#Glypican_2	Glypican_2	Class
http://www.semanticweb.org/fangli/ontologies/2019/2/untitled-ontology-107#Glypican_6	Glypican_6	Class
http://www.semanticweb.org/fangli/ontologies/2019/2/untitled-ontology-107#Gonadotroph	Gonadotroph	Class
http://www.semanticweb.org/fangli/ontologies/2019/2/untitled-ontology-107#Granulovacuolar_degeneration	Granulovacuolar_Degeneration	Class
http://www.semanticweb.org/fangli/ontologies/2019/2/untitled-ontology-107#Gray_matter	Gray_Matter	Class
http://www.semanticweb.org/fangli/ontologies/2019/2/untitled-ontology-107#Growth_differentiation_factor_10	Growth_Differentiation_Factor_10	Class
http://www.semanticweb.org/fangli/ontologies/2019/2/untitled-ontology-107#Guanine_deaminase	Guanine_Deaminase	Class
http://www.semanticweb.org/fangli/ontologies/2019/2/untitled-ontology-107#Guanosine_monophosphate_reductase	Guanosine_Monophosphate_Reductase	Class
http://www.semanticweb.org/fangli/ontologies/2019/2/untitled-ontology-107#Guanylate_binding_protein_1	Guanylate_Binding_Protein_1	Class
http://www.semanticweb.org/fangli/ontologies/2019/2/untitled-ontology-107#Guanylate_binding_protein_2	Guanylate_Binding_Protein_2	Class
http://www.semanticweb.org/fangli/ontologies/2019/2/untitled-ontology-107#Guanylate_binding_protein_3	Guanylate_Binding_Protein_3	Class
http://www.semanticweb.org/fangli/ontologies/2019/2/untitled-ontology-107#Guanylate_cyclase_1_soluble_subunit_beta_1	Guanylate_Cyclase_1_Soluble_Subunit_Beta_1	Class
http://www.semanticweb.org/fangli/ontologies/2019/2/untitled-ontology-107#Gyrus_cinguli	Gyrus_Cinguli	Class
http://www.semanticweb.org/fangli/ontologies/2019/2/untitled-ontology-107#HECT,_C2_and_WW_domain_containing_E3_ubiquitin_protein_ligase_2	Hect,_C2_and_WW_Domain_Containing_E3_Ubiquitin_Protein_Ligase_2	Class
http://www.semanticweb.org/fangli/ontologies/2019/2/untitled-ontology-107#HFE	HFE	Class
http://www.semanticweb.org/fangli/ontologies/2019/2/untitled-ontology-107#HLA-DRB1	Hla-drb1	Class
http://www.semanticweb.org/fangli/ontologies/2019/2/untitled-ontology-107#HLA-DRB5	Hla-drb5	Class
http://www.semanticweb.org/fangli/ontologies/2019/2/untitled-ontology-107#HLA_complex_P5	HLA_Complex_P5	Class
http://www.semanticweb.org/fangli/ontologies/2019/2/untitled-ontology-107#Habenula	Habenula	Class
http://www.semanticweb.org/fangli/ontologies/2019/2/untitled-ontology-107#Hallucination	Hallucination	Class
http://www.semanticweb.org/fangli/ontologies/2019/2/untitled-ontology-107#Haloperidol	Haloperidol	Class
http://www.semanticweb.org/fangli/ontologies/2019/2/untitled-ontology-107#Headache_Disorders	Headache_Disorders	Class
http://www.semanticweb.org/fangli/ontologies/2019/2/untitled-ontology-107#Heat_shock_protein_family_A_(Hsp70)_member_2	Heat_Shock_Protein_Family_A_(hsp70)_Member_2	Class
http://www.semanticweb.org/fangli/ontologies/2019/2/untitled-ontology-107#Heat_shock_protein_family_B_(small)_member_1	Heat_Shock_Protein_Family_B_(small)_Member_1	Class
http://www.semanticweb.org/fangli/ontologies/2019/2/untitled-ontology-107#Heat_shock_protein_family_B_(small)_member_2	Heat_Shock_Protein_Family_B_(small)_Member_2	Class
http://www.semanticweb.org/fangli/ontologies/2019/2/untitled-ontology-107#Heme_binding_protein_2	Heme_Binding_Protein_2	Class
http://www.semanticweb.org/fangli/ontologies/2019/2/untitled-ontology-107#Heparan_sulfate-glucosamine_3-sulfotransferase_5	Heparan_Sulfate-glucosamine_3-sulfotransferase_5	Class
http://www.semanticweb.org/fangli/ontologies/2019/2/untitled-ontology-107#Heterogeneous_nuclear_ribonucleoprotein_M	Heterogeneous_Nuclear_Ribonucleoprotein_M	Class
http://www.semanticweb.org/fangli/ontologies/2019/2/untitled-ontology-107#Heterogeneous_nuclear_ribonucleoprotein_U	Heterogeneous_Nuclear_Ribonucleoprotein_U	Class
http://www.semanticweb.org/fangli/ontologies/2019/2/untitled-ontology-107#High_Pressure_Neurological_Syndrome	High_Pressure_Neurological_Syndrome	Class
http://www.semanticweb.org/fangli/ontologies/2019/2/untitled-ontology-107#High_probalitiy	High_Probalitiy	Class
http://www.semanticweb.org/fangli/ontologies/2019/2/untitled-ontology-107#High_vocal_center	High_Vocal_Center	Class
http://www.semanticweb.org/fangli/ontologies/2019/2/untitled-ontology-107#Hippocampal_CA1_region	Hippocampal_CA1_Region	Class
http://www.semanticweb.org/fangli/ontologies/2019/2/untitled-ontology-107#Hippocampal_CA2_region	Hippocampal_CA2_Region	Class
http://www.semanticweb.org/fangli/ontologies/2019/2/untitled-ontology-107#Hippocampal_CA3_region	Hippocampal_CA3_Region	Class
http://www.semanticweb.org/fangli/ontologies/2019/2/untitled-ontology-107#Hippocampal_mossy_fibers	Hippocampal_Mossy_Fibers	Class
http://www.semanticweb.org/fangli/ontologies/2019/2/untitled-ontology-107#Hippocampal_synaptic_function	Hippocampal_Synaptic_Function	Class
http://www.semanticweb.org/fangli/ontologies/2019/2/untitled-ontology-107#Hippocampus	Hippocampus	Class
http://www.semanticweb.org/fangli/ontologies/2019/2/untitled-ontology-107#Histone_deacetylase_1	Histone_Deacetylase_1	Class
http://www.semanticweb.org/fangli/ontologies/2019/2/untitled-ontology-107#Homer_scaffold_protein_1	Homer_Scaffold_Protein_1	Class
http://www.semanticweb.org/fangli/ontologies/2019/2/untitled-ontology-107#Hormone_metabolic_process	Hormone_Metabolic_Process	Class
http://www.semanticweb.org/fangli/ontologies/2019/2/untitled-ontology-107#Htra_serine_peptidase_1	Htra_Serine_Peptidase_1	Class
http://www.semanticweb.org/fangli/ontologies/2019/2/untitled-ontology-107#Huntington_Disease	Huntington_Disease	Class
http://www.semanticweb.org/fangli/ontologies/2019/2/untitled-ontology-107#Hyaluronan_binding_protein_4	Hyaluronan_Binding_Protein_4	Class
http://www.semanticweb.org/fangli/ontologies/2019/2/untitled-ontology-107#Hydrocephalus	Hydrocephalus	Class
http://www.semanticweb.org/fangli/ontologies/2019/2/untitled-ontology-107#Hydrogen_metabolic_process	Hydrogen_Metabolic_Process	Class
http://www.semanticweb.org/fangli/ontologies/2019/2/untitled-ontology-107#Hyperekplexia	Hyperekplexia	Class
http://www.semanticweb.org/fangli/ontologies/2019/2/untitled-ontology-107#Hypothalamic_Diseases	Hypothalamic_Diseases	Class
http://www.semanticweb.org/fangli/ontologies/2019/2/untitled-ontology-107#Hypothalamo-hypophyseal_system	Hypothalamo-hypophyseal_System	Class
http://www.semanticweb.org/fangli/ontologies/2019/2/untitled-ontology-107#Hypothalamus	Hypothalamus	Class
http://www.semanticweb.org/fangli/ontologies/2019/2/untitled-ontology-107#IAPP	IAPP	Class
http://www.semanticweb.org/fangli/ontologies/2019/2/untitled-ontology-107#IQ_motif_containing_gtpase_activating_protein_1	IQ_Motif_Containing_Gtpase_Activating_Protein_1	Class
http://www.semanticweb.org/fangli/ontologies/2019/2/untitled-ontology-107#ITM2B	ITM2B	Class
http://www.semanticweb.org/fangli/ontologies/2019/2/untitled-ontology-107#Immune_response	Immune_Response	Class
http://www.semanticweb.org/fangli/ontologies/2019/2/untitled-ontology-107#Immune_system_process	Immune_System_Process	Class
http://www.semanticweb.org/fangli/ontologies/2019/2/untitled-ontology-107#Impaired_communication	Impaired_Communication	Class
http://www.semanticweb.org/fangli/ontologies/2019/2/untitled-ontology-107#Incontinence	Incontinence	Class
http://www.semanticweb.org/fangli/ontologies/2019/2/untitled-ontology-107#Inferior_colliculi	Inferior_Colliculi	Class
http://www.semanticweb.org/fangli/ontologies/2019/2/untitled-ontology-107#Inflammatory_response	Inflammatory_Response	Class
http://www.semanticweb.org/fangli/ontologies/2019/2/untitled-ontology-107#Inner_membrane_mitochondrial_protein	Inner_Membrane_Mitochondrial_Protein	Class
http://www.semanticweb.org/fangli/ontologies/2019/2/untitled-ontology-107#Inositol-tetrakisphosphate_1-kinase	Inositol-tetrakisphosphate_1-kinase	Class
http://www.semanticweb.org/fangli/ontologies/2019/2/untitled-ontology-107#Inositol_1,4,5-trisphosphate_receptor_type_1	Inositol_1,4,5-trisphosphate_Receptor_Type_1	Class
http://www.semanticweb.org/fangli/ontologies/2019/2/untitled-ontology-107#Inositol_polyphosphate-5-phosphatase_D	Inositol_Polyphosphate-5-phosphatase_D	Class
http://www.semanticweb.org/fangli/ontologies/2019/2/untitled-ontology-107#Inositol_polyphosphate_phosphatase_like_1	Inositol_Polyphosphate_Phosphatase_Like_1	Class
http://www.semanticweb.org/fangli/ontologies/2019/2/untitled-ontology-107#Insulin_like_growth_factor_1	Insulin_Like_Growth_Factor_1	Class
http://www.semanticweb.org/fangli/ontologies/2019/2/untitled-ontology-107#Insulin_like_growth_factor_1_receptor	Insulin_Like_Growth_Factor_1_Receptor	Class
http://www.semanticweb.org/fangli/ontologies/2019/2/untitled-ontology-107#Insulin_like_growth_factor_binding_protein_5	Insulin_Like_Growth_Factor_Binding_Protein_5	Class
http://www.semanticweb.org/fangli/ontologies/2019/2/untitled-ontology-107#Insulin_receptor	Insulin_Receptor	Class
http://www.semanticweb.org/fangli/ontologies/2019/2/untitled-ontology-107#Insulin_receptor_substrate_1	Insulin_Receptor_Substrate_1	Class
http://www.semanticweb.org/fangli/ontologies/2019/2/untitled-ontology-107#Insulin_signaling	Insulin_Signaling	Class
http://www.semanticweb.org/fangli/ontologies/2019/2/untitled-ontology-107#Inter-alpha-trypsin_inhibitor_heavy_chain_2	Inter-alpha-trypsin_Inhibitor_Heavy_Chain_2	Class
http://www.semanticweb.org/fangli/ontologies/2019/2/untitled-ontology-107#Interferon_induced_transmembrane_protein_2	Interferon_Induced_Transmembrane_Protein_2	Class
http://www.semanticweb.org/fangli/ontologies/2019/2/untitled-ontology-107#Interleukin_10	Interleukin_10	Class
http://www.semanticweb.org/fangli/ontologies/2019/2/untitled-ontology-107#Interleukin_10_receptor_subunit_alpha	Interleukin_10_Receptor_Subunit_Alpha	Class
http://www.semanticweb.org/fangli/ontologies/2019/2/untitled-ontology-107#Interleukin_23_receptor	Interleukin_23_Receptor	Class
http://www.semanticweb.org/fangli/ontologies/2019/2/untitled-ontology-107#Interleukin_6_signal_transducer	Interleukin_6_Signal_Transducer	Class
http://www.semanticweb.org/fangli/ontologies/2019/2/untitled-ontology-107#Intermediate_pituitary_gland	Intermediate_Pituitary_Gland	Class
http://www.semanticweb.org/fangli/ontologies/2019/2/untitled-ontology-107#Internal_capsule	Internal_Capsule	Class
http://www.semanticweb.org/fangli/ontologies/2019/2/untitled-ontology-107#Intracranial_Hypertension	Intracranial_Hypertension	Class
http://www.semanticweb.org/fangli/ontologies/2019/2/untitled-ontology-107#Intracranial_Hypotension	Intracranial_Hypotension	Class
http://www.semanticweb.org/fangli/ontologies/2019/2/untitled-ontology-107#Intralaminar_thalamic_nuclei	Intralaminar_Thalamic_Nuclei	Class
http://www.semanticweb.org/fangli/ontologies/2019/2/untitled-ontology-107#Investigational_drug	Investigational_Drug	Class
http://www.semanticweb.org/fangli/ontologies/2019/2/untitled-ontology-107#Irritability	Irritability	Class
http://www.semanticweb.org/fangli/ontologies/2019/2/untitled-ontology-107#Islands_of_calleja	Islands_of_Calleja	Class
http://www.semanticweb.org/fangli/ontologies/2019/2/untitled-ontology-107#Islet_cell_autoantigen_1	Islet_Cell_Autoantigen_1	Class
http://www.semanticweb.org/fangli/ontologies/2019/2/untitled-ontology-107#Isocitrate_dehydrogenase_(NADP(+))_2,_mitochondrial	Isocitrate_Dehydrogenase_(nadp(+))_2,_Mitochondrial	Class
http://www.semanticweb.org/fangli/ontologies/2019/2/untitled-ontology-107#Isoleucyl-trna_synthetase	Isoleucyl-trna_Synthetase	Class
http://www.semanticweb.org/fangli/ontologies/2019/2/untitled-ontology-107#Jumonji_domain_containing_6,_arginine_demethylase_and_lysine_hydroxylase	Jumonji_Domain_Containing_6,_Arginine_Demethylase_and_Lysine_Hydroxylase	Class
http://www.semanticweb.org/fangli/ontologies/2019/2/untitled-ontology-107#KH_RNA_binding_domain_containing,_signal_transduction_associated_2	KH_RNA_Binding_Domain_Containing,_Signal_Transduction_Associated_2	Class
http://www.semanticweb.org/fangli/ontologies/2019/2/untitled-ontology-107#KIAA1549_like	KIAA1549_Like	Class
http://www.semanticweb.org/fangli/ontologies/2019/2/untitled-ontology-107#Kalirin_rhogef_kinase	Kalirin_Rhogef_Kinase	Class
http://www.semanticweb.org/fangli/ontologies/2019/2/untitled-ontology-107#Karyopherin_subunit_beta_1	Karyopherin_Subunit_Beta_1	Class
http://www.semanticweb.org/fangli/ontologies/2019/2/untitled-ontology-107#Kinase_D_interacting_substrate_220	Kinase_D_Interacting_Substrate_220	Class
http://www.semanticweb.org/fangli/ontologies/2019/2/untitled-ontology-107#Kinesin_family_member_13B	Kinesin_Family_Member_13B	Class
http://www.semanticweb.org/fangli/ontologies/2019/2/untitled-ontology-107#Kluver-Bucy_Syndrome	Kluver-bucy_Syndrome	Class
http://www.semanticweb.org/fangli/ontologies/2019/2/untitled-ontology-107#Kolliker-fuse_nucleus	Kolliker-fuse_Nucleus	Class
http://www.semanticweb.org/fangli/ontologies/2019/2/untitled-ontology-107#Kruppel_like_factor_15	Kruppel_Like_Factor_15	Class
http://www.semanticweb.org/fangli/ontologies/2019/2/untitled-ontology-107#LIM_domain_binding_2	LIM_Domain_Binding_2	Class
http://www.semanticweb.org/fangli/ontologies/2019/2/untitled-ontology-107#LIM_domain_containing_preferred_translocation_partner_in_lipoma	LIM_Domain_Containing_Preferred_Translocation_Partner_in_Lipoma	Class
http://www.semanticweb.org/fangli/ontologies/2019/2/untitled-ontology-107#LRRK2	LRRK2	Class
http://www.semanticweb.org/fangli/ontologies/2019/2/untitled-ontology-107#LYL1,_basic_helix-loop-helix_family_member	Lyl1,_Basic_Helix-loop-helix_Family_Member	Class
http://www.semanticweb.org/fangli/ontologies/2019/2/untitled-ontology-107#Lactotroph	Lactotroph	Class
http://www.semanticweb.org/fangli/ontologies/2019/2/untitled-ontology-107#Lamin_A/C	Lamin_A/c	Class
http://www.semanticweb.org/fangli/ontologies/2019/2/untitled-ontology-107#Lateral_hypothalamic_area	Lateral_Hypothalamic_Area	Class
http://www.semanticweb.org/fangli/ontologies/2019/2/untitled-ontology-107#Lateral_thalamic_nuclei	Lateral_Thalamic_Nuclei	Class
http://www.semanticweb.org/fangli/ontologies/2019/2/untitled-ontology-107#Lateral_ventricle	Lateral_Ventricle	Class
http://www.semanticweb.org/fangli/ontologies/2019/2/untitled-ontology-107#Lateral_vestibular_nucleus	Lateral_Vestibular_Nucleus	Class
http://www.semanticweb.org/fangli/ontologies/2019/2/untitled-ontology-107#Leucine_rich_pentatricopeptide_repeat_containing	Leucine_Rich_Pentatricopeptide_Repeat_Containing	Class
http://www.semanticweb.org/fangli/ontologies/2019/2/untitled-ontology-107#Leukoaraiosis	Leukoaraiosis	Class
http://www.semanticweb.org/fangli/ontologies/2019/2/untitled-ontology-107#Leukocyte_immunoglobulin_like_receptor_B1	Leukocyte_Immunoglobulin_Like_Receptor_B1	Class
http://www.semanticweb.org/fangli/ontologies/2019/2/untitled-ontology-107#Leukoencephalopathies	Leukoencephalopathies	Class
http://www.semanticweb.org/fangli/ontologies/2019/2/untitled-ontology-107#Lewy_Body_Disease	Lewy_Body_Disease	Class
http://www.semanticweb.org/fangli/ontologies/2019/2/untitled-ontology-107#Ligand_of_numb-protein_X_1	Ligand_of_Numb-protein_X_1	Class
http://www.semanticweb.org/fangli/ontologies/2019/2/untitled-ontology-107#Limbic_lobe	Limbic_Lobe	Class
http://www.semanticweb.org/fangli/ontologies/2019/2/untitled-ontology-107#Limbic_system	Limbic_System	Class
http://www.semanticweb.org/fangli/ontologies/2019/2/untitled-ontology-107#Lipin_1	Lipin_1	Class
http://www.semanticweb.org/fangli/ontologies/2019/2/untitled-ontology-107#Locus_coeruleus	Locus_Coeruleus	Class
http://www.semanticweb.org/fangli/ontologies/2019/2/untitled-ontology-107#Lonafarnib	Lonafarnib	Class
http://www.semanticweb.org/fangli/ontologies/2019/2/untitled-ontology-107#Long-term_memory_impairment	Long-term_Memory_Impairment	Class
http://www.semanticweb.org/fangli/ontologies/2019/2/untitled-ontology-107#Lorazepam	Lorazepam	Class
http://www.semanticweb.org/fangli/ontologies/2019/2/untitled-ontology-107#Loss_of_synapse_and_synaptic_protein	Loss_of_Synapse_and_Synaptic_Protein	Class
http://www.semanticweb.org/fangli/ontologies/2019/2/untitled-ontology-107#Low_probability	Low_Probability	Class
http://www.semanticweb.org/fangli/ontologies/2019/2/untitled-ontology-107#Lymphatic_vessel_endothelial_hyaluronan_receptor_1	Lymphatic_Vessel_Endothelial_Hyaluronan_Receptor_1	Class
http://www.semanticweb.org/fangli/ontologies/2019/2/untitled-ontology-107#Lymphocyte_activating_3	Lymphocyte_Activating_3	Class
http://www.semanticweb.org/fangli/ontologies/2019/2/untitled-ontology-107#Lysine_acetyltransferase_2B	Lysine_Acetyltransferase_2B	Class
http://www.semanticweb.org/fangli/ontologies/2019/2/untitled-ontology-107#Lysine_demethylase_3B	Lysine_Demethylase_3B	Class
http://www.semanticweb.org/fangli/ontologies/2019/2/untitled-ontology-107#Lysosomal_protein_transmembrane_5	Lysosomal_Protein_Transmembrane_5	Class
http://www.semanticweb.org/fangli/ontologies/2019/2/untitled-ontology-107#MAF1_homolog,_negative_regulator_of_RNA_polymerase_III	MAF1_Homolog,_Negative_Regulator_of_RNA_Polymerase_III	Class
http://www.semanticweb.org/fangli/ontologies/2019/2/untitled-ontology-107#MAPK_signaling	MAPK_Signaling	Class
http://www.semanticweb.org/fangli/ontologies/2019/2/untitled-ontology-107#MAPT	MAPT	Class
http://www.semanticweb.org/fangli/ontologies/2019/2/untitled-ontology-107#MPO	MPO	Class
http://www.semanticweb.org/fangli/ontologies/2019/2/untitled-ontology-107#MS4A6E	MS4A6E	Class
http://www.semanticweb.org/fangli/ontologies/2019/2/untitled-ontology-107#Major_histocompatibility_complex,_class_II,_DR_alpha	Major_Histocompatibility_Complex,_Class_Ii,_DR_Alpha	Class
http://www.semanticweb.org/fangli/ontologies/2019/2/untitled-ontology-107#Malate_dehydrogenase_1	Malate_Dehydrogenase_1	Class
http://www.semanticweb.org/fangli/ontologies/2019/2/untitled-ontology-107#Malate_dehydrogenase_2	Malate_Dehydrogenase_2	Class
http://www.semanticweb.org/fangli/ontologies/2019/2/untitled-ontology-107#Mammillary_body	Mammillary_Body	Class
http://www.semanticweb.org/fangli/ontologies/2019/2/untitled-ontology-107#Matrix_metallopeptidase_17	Matrix_Metallopeptidase_17	Class
http://www.semanticweb.org/fangli/ontologies/2019/2/untitled-ontology-107#Median_eminence	Median_Eminence	Class
http://www.semanticweb.org/fangli/ontologies/2019/2/untitled-ontology-107#Mediodorsal_thalamic_nucleus	Mediodorsal_Thalamic_Nucleus	Class
http://www.semanticweb.org/fangli/ontologies/2019/2/untitled-ontology-107#Medulla_oblongata	Medulla_Oblongata	Class
http://www.semanticweb.org/fangli/ontologies/2019/2/untitled-ontology-107#Melanotroph	Melanotroph	Class
http://www.semanticweb.org/fangli/ontologies/2019/2/untitled-ontology-107#Memantine	Memantine	Class
http://www.semanticweb.org/fangli/ontologies/2019/2/untitled-ontology-107#Memantine_+_donepezil	Memantine_+_Donepezil	Class
http://www.semanticweb.org/fangli/ontologies/2019/2/untitled-ontology-107#Membrane_spanning_4-domains_A2	Membrane_Spanning_4-domains_A2	Class
http://www.semanticweb.org/fangli/ontologies/2019/2/untitled-ontology-107#Membrane_spanning_4-domains_A4A	Membrane_Spanning_4-domains_A4A	Class
http://www.semanticweb.org/fangli/ontologies/2019/2/untitled-ontology-107#Membrane_spanning_4-domains_A6A	Membrane_Spanning_4-domains_A6A	Class
http://www.semanticweb.org/fangli/ontologies/2019/2/untitled-ontology-107#Memory_impairment	Memory_Impairment	Class
http://www.semanticweb.org/fangli/ontologies/2019/2/untitled-ontology-107#Meninge	Meninge	Class
http://www.semanticweb.org/fangli/ontologies/2019/2/untitled-ontology-107#Meningitis	Meningitis	Class
http://www.semanticweb.org/fangli/ontologies/2019/2/untitled-ontology-107#Mesencephalon	Mesencephalon	Class
http://www.semanticweb.org/fangli/ontologies/2019/2/untitled-ontology-107#Metabolic_Brain_Diseases	Metabolic_Brain_Diseases	Class
http://www.semanticweb.org/fangli/ontologies/2019/2/untitled-ontology-107#Metabolic_drug	Metabolic_Drug	Class
http://www.semanticweb.org/fangli/ontologies/2019/2/untitled-ontology-107#Metabolic_process	Metabolic_Process	Class
http://www.semanticweb.org/fangli/ontologies/2019/2/untitled-ontology-107#Metencephalon	Metencephalon	Class
http://www.semanticweb.org/fangli/ontologies/2019/2/untitled-ontology-107#Methyl-cpg_binding_domain_protein_3	Methyl-cpg_Binding_Domain_Protein_3	Class
http://www.semanticweb.org/fangli/ontologies/2019/2/untitled-ontology-107#Methylation	Methylation	Class
http://www.semanticweb.org/fangli/ontologies/2019/2/untitled-ontology-107#Microscopic_lesion	Microscopic_Lesion	Class
http://www.semanticweb.org/fangli/ontologies/2019/2/untitled-ontology-107#Microsomal_glutathione_S-transferase_3	Microsomal_Glutathione_S-transferase_3	Class
http://www.semanticweb.org/fangli/ontologies/2019/2/untitled-ontology-107#Microtubule_affinity_regulating_kinase_4	Microtubule_Affinity_Regulating_Kinase_4	Class
http://www.semanticweb.org/fangli/ontologies/2019/2/untitled-ontology-107#Microtubule_associated_protein_1B	Microtubule_Associated_Protein_1B	Class
http://www.semanticweb.org/fangli/ontologies/2019/2/untitled-ontology-107#Microtubule_associated_protein_2	Microtubule_Associated_Protein_2	Class
http://www.semanticweb.org/fangli/ontologies/2019/2/untitled-ontology-107#Microtubule_associated_protein_4	Microtubule_Associated_Protein_4	Class
http://www.semanticweb.org/fangli/ontologies/2019/2/untitled-ontology-107#Microtubule_associated_protein_7	Microtubule_Associated_Protein_7	Class
http://www.semanticweb.org/fangli/ontologies/2019/2/untitled-ontology-107#Midbrain_reticular_formation	Midbrain_Reticular_Formation	Class
http://www.semanticweb.org/fangli/ontologies/2019/2/untitled-ontology-107#Middle_cerebellar_peduncle	Middle_Cerebellar_Peduncle	Class
http://www.semanticweb.org/fangli/ontologies/2019/2/untitled-ontology-107#Middle_hypothalamus	Middle_Hypothalamus	Class
http://www.semanticweb.org/fangli/ontologies/2019/2/untitled-ontology-107#Midkine	Midkine	Class
http://www.semanticweb.org/fangli/ontologies/2019/2/untitled-ontology-107#Midline_thalamic_nucleus	Midline_Thalamic_Nucleus	Class
http://www.semanticweb.org/fangli/ontologies/2019/2/untitled-ontology-107#Mild_cognitive_impairment_due_to_AD	Mild_Cognitive_Impairment_Due_to_AD	Class
http://www.semanticweb.org/fangli/ontologies/2019/2/untitled-ontology-107#Mild_stage_of_dementia_due_to_AD	Mild_Stage_of_Dementia_Due_to_AD	Class
http://www.semanticweb.org/fangli/ontologies/2019/2/untitled-ontology-107#Misidentification	Misidentification	Class
http://www.semanticweb.org/fangli/ontologies/2019/2/untitled-ontology-107#Mitochondrial_fission_factor	Mitochondrial_Fission_Factor	Class
http://www.semanticweb.org/fangli/ontologies/2019/2/untitled-ontology-107#Mitochondrial_ribosomal_protein_L1	Mitochondrial_Ribosomal_Protein_L1	Class
http://www.semanticweb.org/fangli/ontologies/2019/2/untitled-ontology-107#Mitochondrial_ribosomal_protein_L11	Mitochondrial_Ribosomal_Protein_L11	Class
http://www.semanticweb.org/fangli/ontologies/2019/2/untitled-ontology-107#Mitochondrial_ribosomal_protein_L12	Mitochondrial_Ribosomal_Protein_L12	Class
http://www.semanticweb.org/fangli/ontologies/2019/2/untitled-ontology-107#Mitochondrial_ribosomal_protein_L14	Mitochondrial_Ribosomal_Protein_L14	Class
http://www.semanticweb.org/fangli/ontologies/2019/2/untitled-ontology-107#Mitochondrial_ribosomal_protein_L15	Mitochondrial_Ribosomal_Protein_L15	Class
http://www.semanticweb.org/fangli/ontologies/2019/2/untitled-ontology-107#Mitochondrial_ribosomal_protein_L16	Mitochondrial_Ribosomal_Protein_L16	Class
http://www.semanticweb.org/fangli/ontologies/2019/2/untitled-ontology-107#Mitochondrial_ribosomal_protein_L17	Mitochondrial_Ribosomal_Protein_L17	Class
http://www.semanticweb.org/fangli/ontologies/2019/2/untitled-ontology-107#Mitochondrial_ribosomal_protein_L30	Mitochondrial_Ribosomal_Protein_L30	Class
http://www.semanticweb.org/fangli/ontologies/2019/2/untitled-ontology-107#Mitochondrial_ribosomal_protein_L37	Mitochondrial_Ribosomal_Protein_L37	Class
http://www.semanticweb.org/fangli/ontologies/2019/2/untitled-ontology-107#Mitochondrial_ribosomal_protein_L39	Mitochondrial_Ribosomal_Protein_L39	Class
http://www.semanticweb.org/fangli/ontologies/2019/2/untitled-ontology-107#Mitochondrial_ribosomal_protein_L40	Mitochondrial_Ribosomal_Protein_L40	Class
http://www.semanticweb.org/fangli/ontologies/2019/2/untitled-ontology-107#Mitochondrial_ribosomal_protein_L43	Mitochondrial_Ribosomal_Protein_L43	Class
http://www.semanticweb.org/fangli/ontologies/2019/2/untitled-ontology-107#Mitochondrial_ribosomal_protein_L44	Mitochondrial_Ribosomal_Protein_L44	Class
http://www.semanticweb.org/fangli/ontologies/2019/2/untitled-ontology-107#Mitochondrial_ribosomal_protein_L46	Mitochondrial_Ribosomal_Protein_L46	Class
http://www.semanticweb.org/fangli/ontologies/2019/2/untitled-ontology-107#Mitochondrial_ribosomal_protein_L48	Mitochondrial_Ribosomal_Protein_L48	Class
http://www.semanticweb.org/fangli/ontologies/2019/2/untitled-ontology-107#Mitochondrial_ribosomal_protein_L49	Mitochondrial_Ribosomal_Protein_L49	Class
http://www.semanticweb.org/fangli/ontologies/2019/2/untitled-ontology-107#Mitochondrial_ribosomal_protein_L50	Mitochondrial_Ribosomal_Protein_L50	Class
http://www.semanticweb.org/fangli/ontologies/2019/2/untitled-ontology-107#Mitochondrial_ribosomal_protein_L53	Mitochondrial_Ribosomal_Protein_L53	Class
http://www.semanticweb.org/fangli/ontologies/2019/2/untitled-ontology-107#Mitochondrial_ribosomal_protein_L57	Mitochondrial_Ribosomal_Protein_L57	Class
http://www.semanticweb.org/fangli/ontologies/2019/2/untitled-ontology-107#Mitochondrial_ribosomal_protein_L58	Mitochondrial_Ribosomal_Protein_L58	Class
http://www.semanticweb.org/fangli/ontologies/2019/2/untitled-ontology-107#Mitochondrial_ribosomal_protein_S15	Mitochondrial_Ribosomal_Protein_S15	Class
http://www.semanticweb.org/fangli/ontologies/2019/2/untitled-ontology-107#Mitochondrial_ribosomal_protein_S16	Mitochondrial_Ribosomal_Protein_S16	Class
http://www.semanticweb.org/fangli/ontologies/2019/2/untitled-ontology-107#Mitochondrial_ribosomal_protein_S2	Mitochondrial_Ribosomal_Protein_S2	Class
http://www.semanticweb.org/fangli/ontologies/2019/2/untitled-ontology-107#Mitochondrial_ribosomal_protein_S22	Mitochondrial_Ribosomal_Protein_S22	Class
http://www.semanticweb.org/fangli/ontologies/2019/2/untitled-ontology-107#Mitochondrial_ribosomal_protein_S23	Mitochondrial_Ribosomal_Protein_S23	Class
http://www.semanticweb.org/fangli/ontologies/2019/2/untitled-ontology-107#Mitogen-activated_protein_kinase_1	Mitogen-activated_Protein_Kinase_1	Class
http://www.semanticweb.org/fangli/ontologies/2019/2/untitled-ontology-107#Mitogen-activated_protein_kinase_9	Mitogen-activated_Protein_Kinase_9	Class
http://www.semanticweb.org/fangli/ontologies/2019/2/untitled-ontology-107#Moderate_stage_of_dementia_due_to_AD	Moderate_Stage_of_Dementia_Due_to_AD	Class
http://www.semanticweb.org/fangli/ontologies/2019/2/untitled-ontology-107#Moesin	Moesin	Class
http://www.semanticweb.org/fangli/ontologies/2019/2/untitled-ontology-107#Molecular_carrier_activity	Molecular_Carrier_Activity	Class
http://www.semanticweb.org/fangli/ontologies/2019/2/untitled-ontology-107#Molecular_function	Molecular_Function	Class
http://www.semanticweb.org/fangli/ontologies/2019/2/untitled-ontology-107#Molecular_function_regulator	Molecular_Function_Regulator	Class
http://www.semanticweb.org/fangli/ontologies/2019/2/untitled-ontology-107#Molecular_sequestering_activity	Molecular_Sequestering_Activity	Class
http://www.semanticweb.org/fangli/ontologies/2019/2/untitled-ontology-107#Molecular_transducer_activity	Molecular_Transducer_Activity	Class
http://www.semanticweb.org/fangli/ontologies/2019/2/untitled-ontology-107#Mood_symptom	Mood_Symptom	Class
http://www.semanticweb.org/fangli/ontologies/2019/2/untitled-ontology-107#Motogenic_signaling_initiating_cell_movement_in_cerebral_cortex	Motogenic_Signaling_Initiating_Cell_Movement_in_Cerebral_Cortex	Class
http://www.semanticweb.org/fangli/ontologies/2019/2/untitled-ontology-107#Motogenic_signaling_involved_in_interneuron_migration_from_the_subpallium_to_the_cortex	Motogenic_Signaling_Involved_in_Interneuron_Migration_from_the_Subpallium_to_the_Cortex	Class
http://www.semanticweb.org/fangli/ontologies/2019/2/untitled-ontology-107#Motogenic_signaling_involved_in_postnatal_olfactory_bulb_interneuron_migration	Motogenic_Signaling_Involved_in_Postnatal_Olfactory_Bulb_Interneuron_Migration	Class
http://www.semanticweb.org/fangli/ontologies/2019/2/untitled-ontology-107#Motor_cortex	Motor_Cortex	Class
http://www.semanticweb.org/fangli/ontologies/2019/2/untitled-ontology-107#Movement_Disorders	Movement_Disorders	Class
http://www.semanticweb.org/fangli/ontologies/2019/2/untitled-ontology-107#Multi-organism_metabolic_process	Multi-organism_Metabolic_Process	Class
http://www.semanticweb.org/fangli/ontologies/2019/2/untitled-ontology-107#Multicellular_organismal_signaling	Multicellular_Organismal_Signaling	Class
http://www.semanticweb.org/fangli/ontologies/2019/2/untitled-ontology-107#Myelencephalon	Myelencephalon	Class
http://www.semanticweb.org/fangli/ontologies/2019/2/untitled-ontology-107#Myelin-associated_oligodendrocyte_basic_protein	Myelin-associated_Oligodendrocyte_Basic_Protein	Class
http://www.semanticweb.org/fangli/ontologies/2019/2/untitled-ontology-107#Myelin_oligodendrocyte_glycoprotein	Myelin_Oligodendrocyte_Glycoprotein	Class
http://www.semanticweb.org/fangli/ontologies/2019/2/untitled-ontology-107#Myelin_regulatory_factor	Myelin_Regulatory_Factor	Class
http://www.semanticweb.org/fangli/ontologies/2019/2/untitled-ontology-107#Myocyte_enhancer_factor_2C	Myocyte_Enhancer_Factor_2C	Class
http://www.semanticweb.org/fangli/ontologies/2019/2/untitled-ontology-107#Myosin_ID	Myosin_ID	Class
http://www.semanticweb.org/fangli/ontologies/2019/2/untitled-ontology-107#Myotubularin_related_protein_10	Myotubularin_Related_Protein_10	Class
http://www.semanticweb.org/fangli/ontologies/2019/2/untitled-ontology-107#N-ethylmaleimide_sensitive_factor,_vesicle_fusing_atpase	N-ethylmaleimide_Sensitive_Factor,_Vesicle_Fusing_Atpase	Class
http://www.semanticweb.org/fangli/ontologies/2019/2/untitled-ontology-107#NADH:ubiquinone_oxidoreductase_core_subunit_S1	Nadh:ubiquinone_Oxidoreductase_Core_Subunit_S1	Class
http://www.semanticweb.org/fangli/ontologies/2019/2/untitled-ontology-107#NADH:ubiquinone_oxidoreductase_core_subunit_S2	Nadh:ubiquinone_Oxidoreductase_Core_Subunit_S2	Class
http://www.semanticweb.org/fangli/ontologies/2019/2/untitled-ontology-107#NADH:ubiquinone_oxidoreductase_core_subunit_S7	Nadh:ubiquinone_Oxidoreductase_Core_Subunit_S7	Class
http://www.semanticweb.org/fangli/ontologies/2019/2/untitled-ontology-107#NADH:ubiquinone_oxidoreductase_core_subunit_V1	Nadh:ubiquinone_Oxidoreductase_Core_Subunit_V1	Class
http://www.semanticweb.org/fangli/ontologies/2019/2/untitled-ontology-107#NADH:ubiquinone_oxidoreductase_subunit_A10	Nadh:ubiquinone_Oxidoreductase_Subunit_A10	Class
http://www.semanticweb.org/fangli/ontologies/2019/2/untitled-ontology-107#NADH:ubiquinone_oxidoreductase_subunit_A11	Nadh:ubiquinone_Oxidoreductase_Subunit_A11	Class
http://www.semanticweb.org/fangli/ontologies/2019/2/untitled-ontology-107#NADH:ubiquinone_oxidoreductase_subunit_A13	Nadh:ubiquinone_Oxidoreductase_Subunit_A13	Class
http://www.semanticweb.org/fangli/ontologies/2019/2/untitled-ontology-107#NADH:ubiquinone_oxidoreductase_subunit_A9	Nadh:ubiquinone_Oxidoreductase_Subunit_A9	Class
http://www.semanticweb.org/fangli/ontologies/2019/2/untitled-ontology-107#NADH_metabolic_process	NADH_Metabolic_Process	Class
http://www.semanticweb.org/fangli/ontologies/2019/2/untitled-ontology-107#NADP_metabolic_process	NADP_Metabolic_Process	Class
http://www.semanticweb.org/fangli/ontologies/2019/2/untitled-ontology-107#NAD_metabolic_process	NAD_Metabolic_Process	Class
http://www.semanticweb.org/fangli/ontologies/2019/2/untitled-ontology-107#NECAB3	NECAB3	Class
http://www.semanticweb.org/fangli/ontologies/2019/2/untitled-ontology-107#NEDD4_binding_protein_3	NEDD4_Binding_Protein_3	Class
http://www.semanticweb.org/fangli/ontologies/2019/2/untitled-ontology-107#NFKB_inhibitor_alpha	NFKB_Inhibitor_Alpha	Class
http://www.semanticweb.org/fangli/ontologies/2019/2/untitled-ontology-107#NFKB_inhibitor_zeta	NFKB_Inhibitor_Zeta	Class
http://www.semanticweb.org/fangli/ontologies/2019/2/untitled-ontology-107#NFS1,_cysteine_desulfurase	Nfs1,_Cysteine_Desulfurase	Class
http://www.semanticweb.org/fangli/ontologies/2019/2/untitled-ontology-107#NHS_like_1	NHS_Like_1	Class
http://www.semanticweb.org/fangli/ontologies/2019/2/untitled-ontology-107#NLR_family_CARD_domain_containing_5	NLR_Family_CARD_Domain_Containing_5	Class
http://www.semanticweb.org/fangli/ontologies/2019/2/untitled-ontology-107#NMDA_receptor_antagonist	NMDA_Receptor_Antagonist	Class
http://www.semanticweb.org/fangli/ontologies/2019/2/untitled-ontology-107#NME8	NME8	Class
http://www.semanticweb.org/fangli/ontologies/2019/2/untitled-ontology-107#NOS3	NOS3	Class
http://www.semanticweb.org/fangli/ontologies/2019/2/untitled-ontology-107#NPC1	NPC1	Class
http://www.semanticweb.org/fangli/ontologies/2019/2/untitled-ontology-107#NUAK_family_kinase_2	NUAK_Family_Kinase_2	Class
http://www.semanticweb.org/fangli/ontologies/2019/2/untitled-ontology-107#Neocortex	Neocortex	Class
http://www.semanticweb.org/fangli/ontologies/2019/2/untitled-ontology-107#Neostriatum	Neostriatum	Class
http://www.semanticweb.org/fangli/ontologies/2019/2/untitled-ontology-107#Nervous_System_Diseases	Nervous_System_Diseases	Class
http://www.semanticweb.org/fangli/ontologies/2019/2/untitled-ontology-107#Nervous_System_Malformations	Nervous_System_Malformations	Class
http://www.semanticweb.org/fangli/ontologies/2019/2/untitled-ontology-107#Nervous_System_Neoplasms	Nervous_System_Neoplasms	Class
http://www.semanticweb.org/fangli/ontologies/2019/2/untitled-ontology-107#Nervous_System_Trauma	Nervous_System_Trauma	Class
http://www.semanticweb.org/fangli/ontologies/2019/2/untitled-ontology-107#Neural_development	Neural_Development	Class
http://www.semanticweb.org/fangli/ontologies/2019/2/untitled-ontology-107#Neuregulin_1	Neuregulin_1	Class
http://www.semanticweb.org/fangli/ontologies/2019/2/untitled-ontology-107#Neurexin_3	Neurexin_3	Class
http://www.semanticweb.org/fangli/ontologies/2019/2/untitled-ontology-107#Neuritin_1	Neuritin_1	Class
http://www.semanticweb.org/fangli/ontologies/2019/2/untitled-ontology-107#Neuroaxonal_Dystrophies	Neuroaxonal_Dystrophies	Class
http://www.semanticweb.org/fangli/ontologies/2019/2/untitled-ontology-107#Neurocutaneous_Syndromes	Neurocutaneous_Syndromes	Class
http://www.semanticweb.org/fangli/ontologies/2019/2/untitled-ontology-107#Neurodegenerative_Diseases	Neurodegenerative_Diseases	Class
http://www.semanticweb.org/fangli/ontologies/2019/2/untitled-ontology-107#Neurofibrillary_degeneration	Neurofibrillary_Degeneration	Class
http://www.semanticweb.org/fangli/ontologies/2019/2/untitled-ontology-107#Neurofilament_light	Neurofilament_Light	Class
http://www.semanticweb.org/fangli/ontologies/2019/2/untitled-ontology-107#Neuroinflammation	Neuroinflammation	Class
http://www.semanticweb.org/fangli/ontologies/2019/2/untitled-ontology-107#Neurologic_Manifestations	Neurologic_Manifestations	Class
http://www.semanticweb.org/fangli/ontologies/2019/2/untitled-ontology-107#Neuromuscular_Diseases	Neuromuscular_Diseases	Class
http://www.semanticweb.org/fangli/ontologies/2019/2/untitled-ontology-107#Neuron_death	Neuron_Death	Class
http://www.semanticweb.org/fangli/ontologies/2019/2/untitled-ontology-107#Neuronal_differentiation_6	Neuronal_Differentiation_6	Class
http://www.semanticweb.org/fangli/ontologies/2019/2/untitled-ontology-107#Neuronal_tyrosine_phosphorylated_phosphoinositide-3-kinase_adaptor_1	Neuronal_Tyrosine_Phosphorylated_Phosphoinositide-3-kinase_Adaptor_1	Class
http://www.semanticweb.org/fangli/ontologies/2019/2/untitled-ontology-107#Neuroprotective_drug	Neuroprotective_Drug	Class
http://www.semanticweb.org/fangli/ontologies/2019/2/untitled-ontology-107#Neurotoxicity_Syndromes	Neurotoxicity_Syndromes	Class
http://www.semanticweb.org/fangli/ontologies/2019/2/untitled-ontology-107#Neurotransmitter_based_drug	Neurotransmitter_Based_Drug	Class
http://www.semanticweb.org/fangli/ontologies/2019/2/untitled-ontology-107#Neurotrophin_signaling	Neurotrophin_Signaling	Class
http://www.semanticweb.org/fangli/ontologies/2019/2/untitled-ontology-107#Nicotinamide_nucleotide_adenylyltransferase_2	Nicotinamide_Nucleotide_Adenylyltransferase_2	Class
http://www.semanticweb.org/fangli/ontologies/2019/2/untitled-ontology-107#Nicotinamide_nucleotide_transhydrogenase	Nicotinamide_Nucleotide_Transhydrogenase	Class
http://www.semanticweb.org/fangli/ontologies/2019/2/untitled-ontology-107#Nipsnap_homolog_2	Nipsnap_Homolog_2	Class
http://www.semanticweb.org/fangli/ontologies/2019/2/untitled-ontology-107#Nitrogen_compound_metabolic_process	Nitrogen_Compound_Metabolic_Process	Class
http://www.semanticweb.org/fangli/ontologies/2019/2/untitled-ontology-107#Nocturnal_disruption	Nocturnal_Disruption	Class
http://www.semanticweb.org/fangli/ontologies/2019/2/untitled-ontology-107#Non-POU_domain_containing_octamer_binding	Non-pou_Domain_Containing_Octamer_Binding	Class
http://www.semanticweb.org/fangli/ontologies/2019/2/untitled-ontology-107#Noradrenergic_and_specific_serotonergic_antidepressant	Noradrenergic_and_Specific_Serotonergic_Antidepressant	Class
http://www.semanticweb.org/fangli/ontologies/2019/2/untitled-ontology-107#Notch_signalling	Notch_Signalling	Class
http://www.semanticweb.org/fangli/ontologies/2019/2/untitled-ontology-107#Nuclear_protein_1,_transcriptional_regulator	Nuclear_Protein_1,_Transcriptional_Regulator	Class
http://www.semanticweb.org/fangli/ontologies/2019/2/untitled-ontology-107#Nuclear_receptor_subfamily_1_group_H_member_2	Nuclear_Receptor_Subfamily_1_Group_H_Member_2	Class
http://www.semanticweb.org/fangli/ontologies/2019/2/untitled-ontology-107#Nuclear_receptor_subfamily_1_group_H_member_3	Nuclear_Receptor_Subfamily_1_Group_H_Member_3	Class
http://www.semanticweb.org/fangli/ontologies/2019/2/untitled-ontology-107#Nuclear_receptor_subfamily_1_group_H_member_4	Nuclear_Receptor_Subfamily_1_Group_H_Member_4	Class
http://www.semanticweb.org/fangli/ontologies/2019/2/untitled-ontology-107#Nuclear_receptor_subfamily_3_group_C_member_1	Nuclear_Receptor_Subfamily_3_Group_C_Member_1	Class
http://www.semanticweb.org/fangli/ontologies/2019/2/untitled-ontology-107#Nuclear_receptor_subfamily_5_group_A_member_2	Nuclear_Receptor_Subfamily_5_Group_A_Member_2	Class
http://www.semanticweb.org/fangli/ontologies/2019/2/untitled-ontology-107#Nucleophosmin/nucleoplasmin_3	Nucleophosmin/nucleoplasmin_3	Class
http://www.semanticweb.org/fangli/ontologies/2019/2/untitled-ontology-107#Nucleus_accumbens	Nucleus_Accumbens	Class
http://www.semanticweb.org/fangli/ontologies/2019/2/untitled-ontology-107#Nutrient_reservoir_activity	Nutrient_Reservoir_Activity	Class
http://www.semanticweb.org/fangli/ontologies/2019/2/untitled-ontology-107#Occipital_lobe	Occipital_Lobe	Class
http://www.semanticweb.org/fangli/ontologies/2019/2/untitled-ontology-107#Ocular_Motility_Disorders	Ocular_Motility_Disorders	Class
http://www.semanticweb.org/fangli/ontologies/2019/2/untitled-ontology-107#Oculomotor_nuclear_complex	Oculomotor_Nuclear_Complex	Class
http://www.semanticweb.org/fangli/ontologies/2019/2/untitled-ontology-107#Olanzapine	Olanzapine	Class
http://www.semanticweb.org/fangli/ontologies/2019/2/untitled-ontology-107#Olfactomedin_1	Olfactomedin_1	Class
http://www.semanticweb.org/fangli/ontologies/2019/2/untitled-ontology-107#Olfactomedin_3	Olfactomedin_3	Class
http://www.semanticweb.org/fangli/ontologies/2019/2/untitled-ontology-107#Olfactory_bulb	Olfactory_Bulb	Class
http://www.semanticweb.org/fangli/ontologies/2019/2/untitled-ontology-107#Olfactory_cortex	Olfactory_Cortex	Class
http://www.semanticweb.org/fangli/ontologies/2019/2/untitled-ontology-107#Olfactory_pathway	Olfactory_Pathway	Class
http://www.semanticweb.org/fangli/ontologies/2019/2/untitled-ontology-107#Olfactory_tubercle	Olfactory_Tubercle	Class
http://www.semanticweb.org/fangli/ontologies/2019/2/untitled-ontology-107#Oligodendrocytic_myelin_paranodal_and_inner_loop_protein	Oligodendrocytic_Myelin_Paranodal_and_Inner_Loop_Protein	Class
http://www.semanticweb.org/fangli/ontologies/2019/2/untitled-ontology-107#Olivary_nucleus	Olivary_Nucleus	Class
http://www.semanticweb.org/fangli/ontologies/2019/2/untitled-ontology-107#Optic_chiasm	Optic_Chiasm	Class
http://www.semanticweb.org/fangli/ontologies/2019/2/untitled-ontology-107#Optic_tract	Optic_Tract	Class
http://www.semanticweb.org/fangli/ontologies/2019/2/untitled-ontology-107#Organic_substance_metabolic_process	Organic_Substance_Metabolic_Process	Class
http://www.semanticweb.org/fangli/ontologies/2019/2/untitled-ontology-107#Organum_vasculosum	Organum_Vasculosum	Class
http://www.semanticweb.org/fangli/ontologies/2019/2/untitled-ontology-107#Oxazepam	Oxazepam	Class
http://www.semanticweb.org/fangli/ontologies/2019/2/untitled-ontology-107#Oxidation-reduction_process	Oxidation-reduction_Process	Class
http://www.semanticweb.org/fangli/ontologies/2019/2/untitled-ontology-107#Oxidation_resistance_1	Oxidation_Resistance_1	Class
http://www.semanticweb.org/fangli/ontologies/2019/2/untitled-ontology-107#P21_(RAC1)_activated_kinase_1	P21_(rac1)_Activated_Kinase_1	Class
http://www.semanticweb.org/fangli/ontologies/2019/2/untitled-ontology-107#PHD_finger_protein_24	PHD_Finger_Protein_24	Class
http://www.semanticweb.org/fangli/ontologies/2019/2/untitled-ontology-107#PLA2G6	PLA2G6	Class
http://www.semanticweb.org/fangli/ontologies/2019/2/untitled-ontology-107#PLAU	PLAU	Class
http://www.semanticweb.org/fangli/ontologies/2019/2/untitled-ontology-107#PNMA_family_member_2	PNMA_Family_Member_2	Class
http://www.semanticweb.org/fangli/ontologies/2019/2/untitled-ontology-107#PRKN	PRKN	Class
http://www.semanticweb.org/fangli/ontologies/2019/2/untitled-ontology-107#PRNP	PRNP	Class
http://www.semanticweb.org/fangli/ontologies/2019/2/untitled-ontology-107#PSEN1	PSEN1	Class
http://www.semanticweb.org/fangli/ontologies/2019/2/untitled-ontology-107#PSEN2	PSEN2	Class
http://www.semanticweb.org/fangli/ontologies/2019/2/untitled-ontology-107#PTK2B	PTK2B	Class
http://www.semanticweb.org/fangli/ontologies/2019/2/untitled-ontology-107#PTTG1_interacting_protein	PTTG1_Interacting_Protein	Class
http://www.semanticweb.org/fangli/ontologies/2019/2/untitled-ontology-107#Paired_box_6	Paired_Box_6	Class
http://www.semanticweb.org/fangli/ontologies/2019/2/untitled-ontology-107#Parabrachial_nucleus	Parabrachial_Nucleus	Class
http://www.semanticweb.org/fangli/ontologies/2019/2/untitled-ontology-107#Parahippocampal_gyrus	Parahippocampal_Gyrus	Class
http://www.semanticweb.org/fangli/ontologies/2019/2/untitled-ontology-107#Paraventricular_hypothalamic_nucleus	Paraventricular_Hypothalamic_Nucleus	Class
http://www.semanticweb.org/fangli/ontologies/2019/2/untitled-ontology-107#Parietal_lobe	Parietal_Lobe	Class
http://www.semanticweb.org/fangli/ontologies/2019/2/untitled-ontology-107#Paroxetine	Paroxetine	Class
http://www.semanticweb.org/fangli/ontologies/2019/2/untitled-ontology-107#Pars_compacta	Pars_Compacta	Class
http://www.semanticweb.org/fangli/ontologies/2019/2/untitled-ontology-107#Pars_reticulata	Pars_Reticulata	Class
http://www.semanticweb.org/fangli/ontologies/2019/2/untitled-ontology-107#Pathology	Pathology	Class
http://www.semanticweb.org/fangli/ontologies/2019/2/untitled-ontology-107#Pathway	Pathway	Class
http://www.semanticweb.org/fangli/ontologies/2019/2/untitled-ontology-107#Pedunculopontine_tegmental_nucleus	Pedunculopontine_Tegmental_Nucleus	Class
http://www.semanticweb.org/fangli/ontologies/2019/2/untitled-ontology-107#Peptidyl_arginine_deiminase_2	Peptidyl_Arginine_Deiminase_2	Class
http://www.semanticweb.org/fangli/ontologies/2019/2/untitled-ontology-107#Perforant_pathway	Perforant_Pathway	Class
http://www.semanticweb.org/fangli/ontologies/2019/2/untitled-ontology-107#Periamygdaloid_cortex	Periamygdaloid_Cortex	Class
http://www.semanticweb.org/fangli/ontologies/2019/2/untitled-ontology-107#Periaqueductal_gray	Periaqueductal_Gray	Class
http://www.semanticweb.org/fangli/ontologies/2019/2/untitled-ontology-107#Perilipin_4	Perilipin_4	Class
http://www.semanticweb.org/fangli/ontologies/2019/2/untitled-ontology-107#Perirhinal_cortex	Perirhinal_Cortex	Class
http://www.semanticweb.org/fangli/ontologies/2019/2/untitled-ontology-107#Peroxiredoxin_1	Peroxiredoxin_1	Class
http://www.semanticweb.org/fangli/ontologies/2019/2/untitled-ontology-107#Peroxiredoxin_6	Peroxiredoxin_6	Class
http://www.semanticweb.org/fangli/ontologies/2019/2/untitled-ontology-107#Peroxisome_proliferator_activated_receptor_alpha	Peroxisome_Proliferator_Activated_Receptor_Alpha	Class
http://www.semanticweb.org/fangli/ontologies/2019/2/untitled-ontology-107#Phosphatidylinositol-3,4,5-trisphosphate_dependent_Rac_exchange_factor_1	Phosphatidylinositol-3,4,5-trisphosphate_Dependent_Rac_Exchange_Factor_1	Class
http://www.semanticweb.org/fangli/ontologies/2019/2/untitled-ontology-107#Phosphatidylinositol-4,5-bisphosphate_3-kinase_catalytic_subunit_alpha	Phosphatidylinositol-4,5-bisphosphate_3-kinase_Catalytic_Subunit_Alpha	Class
http://www.semanticweb.org/fangli/ontologies/2019/2/untitled-ontology-107#Phosphatidylinositol-4,5-bisphosphate_3-kinase_catalytic_subunit_beta	Phosphatidylinositol-4,5-bisphosphate_3-kinase_Catalytic_Subunit_Beta	Class
http://www.semanticweb.org/fangli/ontologies/2019/2/untitled-ontology-107#Phosphatidylinositol_binding_clathrin_assembly_protein	Phosphatidylinositol_Binding_Clathrin_Assembly_Protein	Class
http://www.semanticweb.org/fangli/ontologies/2019/2/untitled-ontology-107#Phosphofructokinase,_platelet	Phosphofructokinase,_Platelet	Class
http://www.semanticweb.org/fangli/ontologies/2019/2/untitled-ontology-107#Phosphoglucomutase_2_like_1	Phosphoglucomutase_2_Like_1	Class
http://www.semanticweb.org/fangli/ontologies/2019/2/untitled-ontology-107#Phosphoglycerate_dehydrogenase	Phosphoglycerate_Dehydrogenase	Class
http://www.semanticweb.org/fangli/ontologies/2019/2/untitled-ontology-107#Phospholipase_C_beta_1	Phospholipase_C_Beta_1	Class
http://www.semanticweb.org/fangli/ontologies/2019/2/untitled-ontology-107#Phospholipase_C_gamma_2	Phospholipase_C_Gamma_2	Class
http://www.semanticweb.org/fangli/ontologies/2019/2/untitled-ontology-107#Phospholipase_D_family_member_4	Phospholipase_D_Family_Member_4	Class
http://www.semanticweb.org/fangli/ontologies/2019/2/untitled-ontology-107#Phospholipid_phosphatase_related_4	Phospholipid_Phosphatase_Related_4	Class
http://www.semanticweb.org/fangli/ontologies/2019/2/untitled-ontology-107#Phosphoserine_phosphatase	Phosphoserine_Phosphatase	Class
http://www.semanticweb.org/fangli/ontologies/2019/2/untitled-ontology-107#Physical_difficulty	Physical_Difficulty	Class
http://www.semanticweb.org/fangli/ontologies/2019/2/untitled-ontology-107#Pia_mater	Pia_Mater	Class
http://www.semanticweb.org/fangli/ontologies/2019/2/untitled-ontology-107#Pigment_metabolic_process	Pigment_Metabolic_Process	Class
http://www.semanticweb.org/fangli/ontologies/2019/2/untitled-ontology-107#Pineal_gland	Pineal_Gland	Class
http://www.semanticweb.org/fangli/ontologies/2019/2/untitled-ontology-107#Piperidine	Piperidine	Class
http://www.semanticweb.org/fangli/ontologies/2019/2/untitled-ontology-107#Piriform_cortex	Piriform_Cortex	Class
http://www.semanticweb.org/fangli/ontologies/2019/2/untitled-ontology-107#Pituitary_gland	Pituitary_Gland	Class
http://www.semanticweb.org/fangli/ontologies/2019/2/untitled-ontology-107#Plasmolipin	Plasmolipin	Class
http://www.semanticweb.org/fangli/ontologies/2019/2/untitled-ontology-107#Platelet_activating_factor_acetylhydrolase_1b_catalytic_subunit_3	Platelet_Activating_Factor_Acetylhydrolase_1b_Catalytic_Subunit_3	Class
http://www.semanticweb.org/fangli/ontologies/2019/2/untitled-ontology-107#Pleckstrin_homology,_myth4_and_FERM_domain_containing_H1	Pleckstrin_Homology,_Myth4_and_FERM_Domain_Containing_H1	Class
http://www.semanticweb.org/fangli/ontologies/2019/2/untitled-ontology-107#Plectin	Plectin	Class
http://www.semanticweb.org/fangli/ontologies/2019/2/untitled-ontology-107#Pleiotrophin	Pleiotrophin	Class
http://www.semanticweb.org/fangli/ontologies/2019/2/untitled-ontology-107#Plexin_A1	Plexin_A1	Class
http://www.semanticweb.org/fangli/ontologies/2019/2/untitled-ontology-107#Plexin_B1	Plexin_B1	Class
http://www.semanticweb.org/fangli/ontologies/2019/2/untitled-ontology-107#Pneumocephalus	Pneumocephalus	Class
http://www.semanticweb.org/fangli/ontologies/2019/2/untitled-ontology-107#Poly(A)_polymerase_alpha	Poly(a)_Polymerase_Alpha	Class
http://www.semanticweb.org/fangli/ontologies/2019/2/untitled-ontology-107#Poly(ADP-ribose)_polymerase_family_member_9	Poly(adp-ribose)_Polymerase_Family_Member_9	Class
http://www.semanticweb.org/fangli/ontologies/2019/2/untitled-ontology-107#Pons	Pons	Class
http://www.semanticweb.org/fangli/ontologies/2019/2/untitled-ontology-107#Pontine_tegmentum	Pontine_Tegmentum	Class
http://www.semanticweb.org/fangli/ontologies/2019/2/untitled-ontology-107#Poor_judgment	Poor_Judgment	Class
http://www.semanticweb.org/fangli/ontologies/2019/2/untitled-ontology-107#Posterior_cerebellar_commissure	Posterior_Cerebellar_Commissure	Class
http://www.semanticweb.org/fangli/ontologies/2019/2/untitled-ontology-107#Posterior_horn_cell	Posterior_Horn_Cell	Class
http://www.semanticweb.org/fangli/ontologies/2019/2/untitled-ontology-107#Posterior_hypothalamus	Posterior_Hypothalamus	Class
http://www.semanticweb.org/fangli/ontologies/2019/2/untitled-ontology-107#Posterior_pituitary_gland	Posterior_Pituitary_Gland	Class
http://www.semanticweb.org/fangli/ontologies/2019/2/untitled-ontology-107#Posterior_thalamic_nucleus	Posterior_Thalamic_Nucleus	Class
http://www.semanticweb.org/fangli/ontologies/2019/2/untitled-ontology-107#Potassium_two_pore_domain_channel_subfamily_K_member_4	Potassium_Two_Pore_Domain_Channel_Subfamily_K_Member_4	Class
http://www.semanticweb.org/fangli/ontologies/2019/2/untitled-ontology-107#Potassium_voltage-gated_channel_interacting_protein_1	Potassium_Voltage-gated_Channel_Interacting_Protein_1	Class
http://www.semanticweb.org/fangli/ontologies/2019/2/untitled-ontology-107#Potassium_voltage-gated_channel_subfamily_C_member_2	Potassium_Voltage-gated_Channel_Subfamily_C_Member_2	Class
http://www.semanticweb.org/fangli/ontologies/2019/2/untitled-ontology-107#Potassium_voltage-gated_channel_subfamily_D_member_3	Potassium_Voltage-gated_Channel_Subfamily_D_Member_3	Class
http://www.semanticweb.org/fangli/ontologies/2019/2/untitled-ontology-107#Potassium_voltage-gated_channel_subfamily_J_member_3	Potassium_Voltage-gated_Channel_Subfamily_J_Member_3	Class
http://www.semanticweb.org/fangli/ontologies/2019/2/untitled-ontology-107#Potassium_voltage-gated_channel_subfamily_Q_member_5	Potassium_Voltage-gated_Channel_Subfamily_Q_Member_5	Class
http://www.semanticweb.org/fangli/ontologies/2019/2/untitled-ontology-107#Preclinical_AD	Preclinical_AD	Class
http://www.semanticweb.org/fangli/ontologies/2019/2/untitled-ontology-107#Prefrontal_cortex	Prefrontal_Cortex	Class
http://www.semanticweb.org/fangli/ontologies/2019/2/untitled-ontology-107#Preoptic_area	Preoptic_Area	Class
http://www.semanticweb.org/fangli/ontologies/2019/2/untitled-ontology-107#Presymptomatic_AD	Presymptomatic_AD	Class
http://www.semanticweb.org/fangli/ontologies/2019/2/untitled-ontology-107#Pretectal_region	Pretectal_Region	Class
http://www.semanticweb.org/fangli/ontologies/2019/2/untitled-ontology-107#Primary_Progressive_Aphasia	Primary_Progressive_Aphasia	Class
http://www.semanticweb.org/fangli/ontologies/2019/2/untitled-ontology-107#Primary_metabolic_process	Primary_Metabolic_Process	Class
http://www.semanticweb.org/fangli/ontologies/2019/2/untitled-ontology-107#Probability	Probability	Class
http://www.semanticweb.org/fangli/ontologies/2019/2/untitled-ontology-107#Programmed_cell_death_1	Programmed_Cell_Death_1	Class
http://www.semanticweb.org/fangli/ontologies/2019/2/untitled-ontology-107#Prolyl_endopeptidase_like	Prolyl_Endopeptidase_Like	Class
http://www.semanticweb.org/fangli/ontologies/2019/2/untitled-ontology-107#Prosaposin	Prosaposin	Class
http://www.semanticweb.org/fangli/ontologies/2019/2/untitled-ontology-107#Prosencephalon	Prosencephalon	Class
http://www.semanticweb.org/fangli/ontologies/2019/2/untitled-ontology-107#Protein	Protein	Class
http://www.semanticweb.org/fangli/ontologies/2019/2/untitled-ontology-107#Protein_folding_chaperone	Protein_Folding_Chaperone	Class
http://www.semanticweb.org/fangli/ontologies/2019/2/untitled-ontology-107#Protein_kinase_C_and_casein_kinase_substrate_in_neurons_1	Protein_Kinase_C_and_Casein_Kinase_Substrate_in_Neurons_1	Class
http://www.semanticweb.org/fangli/ontologies/2019/2/untitled-ontology-107#Protein_kinase_camp-dependent_type_II_regulatory_subunit_beta	Protein_Kinase_Camp-dependent_Type_II_Regulatory_Subunit_Beta	Class
http://www.semanticweb.org/fangli/ontologies/2019/2/untitled-ontology-107#Protein_phosphatase_1_catalytic_subunit_gamma	Protein_Phosphatase_1_Catalytic_Subunit_Gamma	Class
http://www.semanticweb.org/fangli/ontologies/2019/2/untitled-ontology-107#Protein_phosphatase_1_regulatory_subunit_18	Protein_Phosphatase_1_Regulatory_Subunit_18	Class
http://www.semanticweb.org/fangli/ontologies/2019/2/untitled-ontology-107#Protein_phosphatase_1_regulatory_subunit_7	Protein_Phosphatase_1_Regulatory_Subunit_7	Class
http://www.semanticweb.org/fangli/ontologies/2019/2/untitled-ontology-107#Protein_phosphatase_3_catalytic_subunit_alpha	Protein_Phosphatase_3_Catalytic_Subunit_Alpha	Class
http://www.semanticweb.org/fangli/ontologies/2019/2/untitled-ontology-107#Protein_tag	Protein_Tag	Class
http://www.semanticweb.org/fangli/ontologies/2019/2/untitled-ontology-107#Protein_tyrosine_phosphatase,_receptor_type_R	Protein_Tyrosine_Phosphatase,_Receptor_Type_R	Class
http://www.semanticweb.org/fangli/ontologies/2019/2/untitled-ontology-107#Protein_tyrosine_phosphatase,_receptor_type_Z1	Protein_Tyrosine_Phosphatase,_Receptor_Type_Z1	Class
http://www.semanticweb.org/fangli/ontologies/2019/2/untitled-ontology-107#Proteolipid_protein_1	Proteolipid_Protein_1	Class
http://www.semanticweb.org/fangli/ontologies/2019/2/untitled-ontology-107#Psychotic_symptom	Psychotic_Symptom	Class
http://www.semanticweb.org/fangli/ontologies/2019/2/untitled-ontology-107#Psychotropic_drug	Psychotropic_Drug	Class
http://www.semanticweb.org/fangli/ontologies/2019/2/untitled-ontology-107#Pulvinar	Pulvinar	Class
http://www.semanticweb.org/fangli/ontologies/2019/2/untitled-ontology-107#Purinergic_receptor_P2Y12	Purinergic_Receptor_P2Y12	Class
http://www.semanticweb.org/fangli/ontologies/2019/2/untitled-ontology-107#Purinergic_receptor_P2Y13	Purinergic_Receptor_P2Y13	Class
http://www.semanticweb.org/fangli/ontologies/2019/2/untitled-ontology-107#Purkinje_cell	Purkinje_Cell	Class
http://www.semanticweb.org/fangli/ontologies/2019/2/untitled-ontology-107#Putamen	Putamen	Class
http://www.semanticweb.org/fangli/ontologies/2019/2/untitled-ontology-107#Pyramidal_tract	Pyramidal_Tract	Class
http://www.semanticweb.org/fangli/ontologies/2019/2/untitled-ontology-107#Pyruvate_dehydrogenase_E1_alpha_1_subunit	Pyruvate_Dehydrogenase_E1_Alpha_1_Subunit	Class
http://www.semanticweb.org/fangli/ontologies/2019/2/untitled-ontology-107#Pyruvate_dehydrogenase_E1_beta_subunit	Pyruvate_Dehydrogenase_E1_Beta_Subunit	Class
http://www.semanticweb.org/fangli/ontologies/2019/2/untitled-ontology-107#Quetiapine	Quetiapine	Class
http://www.semanticweb.org/fangli/ontologies/2019/2/untitled-ontology-107#RAB21,_member_RAS_oncogene_family	Rab21,_Member_RAS_Oncogene_Family	Class
http://www.semanticweb.org/fangli/ontologies/2019/2/untitled-ontology-107#RAB27B,_member_RAS_oncogene_family	Rab27b,_Member_RAS_Oncogene_Family	Class
http://www.semanticweb.org/fangli/ontologies/2019/2/untitled-ontology-107#RAB3A,_member_RAS_oncogene_family	Rab3a,_Member_RAS_Oncogene_Family	Class
http://www.semanticweb.org/fangli/ontologies/2019/2/untitled-ontology-107#RCAN1	RCAN1	Class
http://www.semanticweb.org/fangli/ontologies/2019/2/untitled-ontology-107#RE1_silencing_transcription_factor	RE1_Silencing_Transcription_Factor	Class
http://www.semanticweb.org/fangli/ontologies/2019/2/untitled-ontology-107#RUN_and_FYVE_domain_containing_3	RUN_and_FYVE_Domain_Containing_3	Class
http://www.semanticweb.org/fangli/ontologies/2019/2/untitled-ontology-107#Rabaptin,_RAB_gtpase_binding_effector_protein_1	Rabaptin,_RAB_Gtpase_Binding_Effector_Protein_1	Class
http://www.semanticweb.org/fangli/ontologies/2019/2/untitled-ontology-107#Rabaptin,_RAB_gtpase_binding_effector_protein_2	Rabaptin,_RAB_Gtpase_Binding_Effector_Protein_2	Class
http://www.semanticweb.org/fangli/ontologies/2019/2/untitled-ontology-107#Rabphilin_3A	Rabphilin_3A	Class
http://www.semanticweb.org/fangli/ontologies/2019/2/untitled-ontology-107#Raphe_nucleus	Raphe_Nucleus	Class
http://www.semanticweb.org/fangli/ontologies/2019/2/untitled-ontology-107#Ras_and_Rab_interactor_3	Ras_and_Rab_Interactor_3	Class
http://www.semanticweb.org/fangli/ontologies/2019/2/untitled-ontology-107#Ras_responsive_element_binding_protein_1	Ras_Responsive_Element_Binding_Protein_1	Class
http://www.semanticweb.org/fangli/ontologies/2019/2/untitled-ontology-107#Red_nucleus	Red_Nucleus	Class
http://www.semanticweb.org/fangli/ontologies/2019/2/untitled-ontology-107#Regenerative_drug	Regenerative_Drug	Class
http://www.semanticweb.org/fangli/ontologies/2019/2/untitled-ontology-107#Regulating_synaptic_membrane_exocytosis_2	Regulating_Synaptic_Membrane_Exocytosis_2	Class
http://www.semanticweb.org/fangli/ontologies/2019/2/untitled-ontology-107#Respiratory_burst	Respiratory_Burst	Class
http://www.semanticweb.org/fangli/ontologies/2019/2/untitled-ontology-107#Respiratory_center	Respiratory_Center	Class
http://www.semanticweb.org/fangli/ontologies/2019/2/untitled-ontology-107#Restless_Legs_Syndrome	Restless_Legs_Syndrome	Class
http://www.semanticweb.org/fangli/ontologies/2019/2/untitled-ontology-107#Ret_proto-oncogene	Ret_Proto-oncogene	Class
http://www.semanticweb.org/fangli/ontologies/2019/2/untitled-ontology-107#Reticular_formation	Reticular_Formation	Class
http://www.semanticweb.org/fangli/ontologies/2019/2/untitled-ontology-107#Reticulon_1	Reticulon_1	Class
http://www.semanticweb.org/fangli/ontologies/2019/2/untitled-ontology-107#Reticulon_3	Reticulon_3	Class
http://www.semanticweb.org/fangli/ontologies/2019/2/untitled-ontology-107#Reticulon_4	Reticulon_4	Class
http://www.semanticweb.org/fangli/ontologies/2019/2/untitled-ontology-107#Retinoid_X_receptor_alpha	Retinoid_X_Receptor_Alpha	Class
http://www.semanticweb.org/fangli/ontologies/2019/2/untitled-ontology-107#Rhes	Rhes	Class
http://www.semanticweb.org/fangli/ontologies/2019/2/untitled-ontology-107#Rhes	Rhes	Named individual
http://www.semanticweb.org/fangli/ontologies/2019/2/untitled-ontology-107#Rho_gtpase_activating_protein_26	Rho_Gtpase_Activating_Protein_26	Class
http://www.semanticweb.org/fangli/ontologies/2019/2/untitled-ontology-107#Rhombencephalon	Rhombencephalon	Class
http://www.semanticweb.org/fangli/ontologies/2019/2/untitled-ontology-107#Ribonucleotide_reductase_catalytic_subunit_M1	Ribonucleotide_Reductase_Catalytic_Subunit_M1	Class
http://www.semanticweb.org/fangli/ontologies/2019/2/untitled-ontology-107#Ribonucleotide_reductase_regulatory_TP53_inducible_subunit_M2B	Ribonucleotide_Reductase_Regulatory_TP53_Inducible_Subunit_M2B	Class
http://www.semanticweb.org/fangli/ontologies/2019/2/untitled-ontology-107#Ribosomal_protein_S6_kinase_A2	Ribosomal_Protein_S6_Kinase_A2	Class
http://www.semanticweb.org/fangli/ontologies/2019/2/untitled-ontology-107#Risperidone	Risperidone	Class
http://www.semanticweb.org/fangli/ontologies/2019/2/untitled-ontology-107#Rivastigmine	Rivastigmine	Class
http://www.semanticweb.org/fangli/ontologies/2019/2/untitled-ontology-107#Roundabout_guidance_receptor_1	Roundabout_Guidance_Receptor_1	Class
http://www.semanticweb.org/fangli/ontologies/2019/2/untitled-ontology-107#S100_calcium_binding_protein_A4	S100_Calcium_Binding_Protein_A4	Class
http://www.semanticweb.org/fangli/ontologies/2019/2/untitled-ontology-107#S100_calcium_binding_protein_A6	S100_Calcium_Binding_Protein_A6	Class
http://www.semanticweb.org/fangli/ontologies/2019/2/untitled-ontology-107#S100_calcium_binding_protein_A8	S100_Calcium_Binding_Protein_A8	Class
http://www.semanticweb.org/fangli/ontologies/2019/2/untitled-ontology-107#S100_calcium_binding_protein_A9	S100_Calcium_Binding_Protein_A9	Class
http://www.semanticweb.org/fangli/ontologies/2019/2/untitled-ontology-107#SAM_and_SH3_domain_containing_1	SAM_and_SH3_Domain_Containing_1	Class
http://www.semanticweb.org/fangli/ontologies/2019/2/untitled-ontology-107#SH3_domain_GRB2_like_endophilin_interacting_protein_1	SH3_Domain_GRB2_Like_Endophilin_Interacting_Protein_1	Class
http://www.semanticweb.org/fangli/ontologies/2019/2/untitled-ontology-107#SH3_domain_containing_GRB2_like,_endophilin_B2	SH3_Domain_Containing_GRB2_Like,_Endophilin_B2	Class
http://www.semanticweb.org/fangli/ontologies/2019/2/untitled-ontology-107#SLC24A4/RIN3	Slc24a4/rin3	Class
http://www.semanticweb.org/fangli/ontologies/2019/2/untitled-ontology-107#SLIT_and_NTRK_like_family_member_4	SLIT_and_NTRK_Like_Family_Member_4	Class
http://www.semanticweb.org/fangli/ontologies/2019/2/untitled-ontology-107#SMAD_family_member_4	SMAD_Family_Member_4	Class
http://www.semanticweb.org/fangli/ontologies/2019/2/untitled-ontology-107#SNCB	SNCB	Class
http://www.semanticweb.org/fangli/ontologies/2019/2/untitled-ontology-107#SORL1	SORL1	Class
http://www.semanticweb.org/fangli/ontologies/2019/2/untitled-ontology-107#SPG7,_paraplegin_matrix_AAA_peptidase_subunit	Spg7,_Paraplegin_Matrix_AAA_Peptidase_Subunit	Class
http://www.semanticweb.org/fangli/ontologies/2019/2/untitled-ontology-107#SQSTM1	SQSTM1	Class
http://www.semanticweb.org/fangli/ontologies/2019/2/untitled-ontology-107#ST8_alpha-N-acetyl-neuraminide_alpha-2,8-sialyltransferase_3	ST8_Alpha-n-acetyl-neuraminide_Alpha-2,8-sialyltransferase_3	Class
http://www.semanticweb.org/fangli/ontologies/2019/2/untitled-ontology-107#SUMO_specific_peptidase_1	SUMO_Specific_Peptidase_1	Class
http://www.semanticweb.org/fangli/ontologies/2019/2/untitled-ontology-107#Scavenger_receptor_class_A_member_3	Scavenger_Receptor_Class_A_Member_3	Class
http://www.semanticweb.org/fangli/ontologies/2019/2/untitled-ontology-107#Secondary_metabolic_process	Secondary_Metabolic_Process	Class
http://www.semanticweb.org/fangli/ontologies/2019/2/untitled-ontology-107#Secreted_frizzled_related_protein_1	Secreted_Frizzled_Related_Protein_1	Class
http://www.semanticweb.org/fangli/ontologies/2019/2/untitled-ontology-107#Secretogranin_III	Secretogranin_III	Class
http://www.semanticweb.org/fangli/ontologies/2019/2/untitled-ontology-107#Selective_serotonin_reuptake_inhibitor	Selective_Serotonin_Reuptake_Inhibitor	Class
http://www.semanticweb.org/fangli/ontologies/2019/2/untitled-ontology-107#Semaphorin_3F	Semaphorin_3F	Class
http://www.semanticweb.org/fangli/ontologies/2019/2/untitled-ontology-107#Sensorimotor_cortex	Sensorimotor_Cortex	Class
http://www.semanticweb.org/fangli/ontologies/2019/2/untitled-ontology-107#Sepsis-Associated_Encephalopathy	Sepsis-associated_Encephalopathy	Class
http://www.semanticweb.org/fangli/ontologies/2019/2/untitled-ontology-107#Septal_nuclei	Septal_Nuclei	Class
http://www.semanticweb.org/fangli/ontologies/2019/2/untitled-ontology-107#Septin_10	Septin_10	Class
http://www.semanticweb.org/fangli/ontologies/2019/2/untitled-ontology-107#Septin_11	Septin_11	Class
http://www.semanticweb.org/fangli/ontologies/2019/2/untitled-ontology-107#Septin_5	Septin_5	Class
http://www.semanticweb.org/fangli/ontologies/2019/2/untitled-ontology-107#Septum_of_brain	Septum_of_Brain	Class
http://www.semanticweb.org/fangli/ontologies/2019/2/untitled-ontology-107#Septum_pellucidum	Septum_Pellucidum	Class
http://www.semanticweb.org/fangli/ontologies/2019/2/untitled-ontology-107#Serine_and_arginine_rich_splicing_factor_2	Serine_and_Arginine_Rich_Splicing_Factor_2	Class
http://www.semanticweb.org/fangli/ontologies/2019/2/untitled-ontology-107#Serine_palmitoyltransferase_long_chain_base_subunit_3	Serine_Palmitoyltransferase_Long_Chain_Base_Subunit_3	Class
http://www.semanticweb.org/fangli/ontologies/2019/2/untitled-ontology-107#Serine_racemase	Serine_Racemase	Class
http://www.semanticweb.org/fangli/ontologies/2019/2/untitled-ontology-107#Serotonin-norepinephrine_reuptake_inhibitor	Serotonin-norepinephrine_Reuptake_Inhibitor	Class
http://www.semanticweb.org/fangli/ontologies/2019/2/untitled-ontology-107#Serpin_family_A_member_3	Serpin_Family_A_Member_3	Class
http://www.semanticweb.org/fangli/ontologies/2019/2/untitled-ontology-107#Sertraline	Sertraline	Class
http://www.semanticweb.org/fangli/ontologies/2019/2/untitled-ontology-107#Severe_stage_of_dementia_due_to_AD	Severe_Stage_of_Dementia_Due_to_AD	Class
http://www.semanticweb.org/fangli/ontologies/2019/2/untitled-ontology-107#Sexually_inappropriate_behavior	Sexually_Inappropriate_Behavior	Class
http://www.semanticweb.org/fangli/ontologies/2019/2/untitled-ontology-107#Short-term_memory_impairment	Short-term_Memory_Impairment	Class
http://www.semanticweb.org/fangli/ontologies/2019/2/untitled-ontology-107#Short_chain_dehydrogenase/reductase_family_9C_member_7	Short_Chain_Dehydrogenase/reductase_Family_9C_Member_7	Class
http://www.semanticweb.org/fangli/ontologies/2019/2/untitled-ontology-107#Sialic_acid_binding_Ig_like_lectin_1	Sialic_Acid_Binding_Ig_Like_Lectin_1	Class
http://www.semanticweb.org/fangli/ontologies/2019/2/untitled-ontology-107#Sialic_acid_binding_Ig_like_lectin_14	Sialic_Acid_Binding_Ig_Like_Lectin_14	Class
http://www.semanticweb.org/fangli/ontologies/2019/2/untitled-ontology-107#Sialic_acid_binding_Ig_like_lectin_8	Sialic_Acid_Binding_Ig_Like_Lectin_8	Class
http://www.semanticweb.org/fangli/ontologies/2019/2/untitled-ontology-107#Sialic_acid_binding_Ig_like_lectin_9	Sialic_Acid_Binding_Ig_Like_Lectin_9	Class
http://www.semanticweb.org/fangli/ontologies/2019/2/untitled-ontology-107#Signal-induced_proliferation-associated_1	Signal-induced_Proliferation-associated_1	Class
http://www.semanticweb.org/fangli/ontologies/2019/2/untitled-ontology-107#Signal_peptidase_complex_subunit_1	Signal_Peptidase_Complex_Subunit_1	Class
http://www.semanticweb.org/fangli/ontologies/2019/2/untitled-ontology-107#Signal_transducer_and_activator_of_transcription_3	Signal_Transducer_and_Activator_of_Transcription_3	Class
http://www.semanticweb.org/fangli/ontologies/2019/2/untitled-ontology-107#Signaling	Signaling	Class
http://www.semanticweb.org/fangli/ontologies/2019/2/untitled-ontology-107#Signalling	Signalling	Class
http://www.semanticweb.org/fangli/ontologies/2019/2/untitled-ontology-107#Sleep_Wake_Disorders	Sleep_Wake_Disorders	Class
http://www.semanticweb.org/fangli/ontologies/2019/2/untitled-ontology-107#Sleep_disorder	Sleep_Disorder	Class
http://www.semanticweb.org/fangli/ontologies/2019/2/untitled-ontology-107#Slit_guidance_ligand_2	Slit_Guidance_Ligand_2	Class
http://www.semanticweb.org/fangli/ontologies/2019/2/untitled-ontology-107#Slit_guidance_ligand_3	Slit_Guidance_Ligand_3	Class
http://www.semanticweb.org/fangli/ontologies/2019/2/untitled-ontology-107#Slower_reaction_time	Slower_Reaction_Time	Class
http://www.semanticweb.org/fangli/ontologies/2019/2/untitled-ontology-107#Small_molecule_metabolic_process	Small_Molecule_Metabolic_Process	Class
http://www.semanticweb.org/fangli/ontologies/2019/2/untitled-ontology-107#Small_molecule_sensor_activity	Small_Molecule_Sensor_Activity	Class
http://www.semanticweb.org/fangli/ontologies/2019/2/untitled-ontology-107#Socially_inappropriate_behavior	Socially_Inappropriate_Behavior	Class
http://www.semanticweb.org/fangli/ontologies/2019/2/untitled-ontology-107#Sodium_voltage-gated_channel_alpha_subunit_2	Sodium_Voltage-gated_Channel_Alpha_Subunit_2	Class
http://www.semanticweb.org/fangli/ontologies/2019/2/untitled-ontology-107#Sodium_voltage-gated_channel_alpha_subunit_7	Sodium_Voltage-gated_Channel_Alpha_Subunit_7	Class
http://www.semanticweb.org/fangli/ontologies/2019/2/untitled-ontology-107#Sodium_voltage-gated_channel_alpha_subunit_8	Sodium_Voltage-gated_Channel_Alpha_Subunit_8	Class
http://www.semanticweb.org/fangli/ontologies/2019/2/untitled-ontology-107#Sodium_voltage-gated_channel_alpha_subunit_9	Sodium_Voltage-gated_Channel_Alpha_Subunit_9	Class
http://www.semanticweb.org/fangli/ontologies/2019/2/untitled-ontology-107#Solitary_nucleus	Solitary_Nucleus	Class
http://www.semanticweb.org/fangli/ontologies/2019/2/untitled-ontology-107#Solute_carrier_family_1_member_2	Solute_Carrier_Family_1_Member_2	Class
http://www.semanticweb.org/fangli/ontologies/2019/2/untitled-ontology-107#Solute_carrier_family_22_member_23	Solute_Carrier_Family_22_Member_23	Class
http://www.semanticweb.org/fangli/ontologies/2019/2/untitled-ontology-107#Solute_carrier_family_25_member_11	Solute_Carrier_Family_25_Member_11	Class
http://www.semanticweb.org/fangli/ontologies/2019/2/untitled-ontology-107#Solute_carrier_family_25_member_45	Solute_Carrier_Family_25_Member_45	Class
http://www.semanticweb.org/fangli/ontologies/2019/2/untitled-ontology-107#Solute_carrier_family_2_member_8	Solute_Carrier_Family_2_Member_8	Class
http://www.semanticweb.org/fangli/ontologies/2019/2/untitled-ontology-107#Solute_carrier_family_30_member_3	Solute_Carrier_Family_30_Member_3	Class
http://www.semanticweb.org/fangli/ontologies/2019/2/untitled-ontology-107#Solute_carrier_family_38_member_2	Solute_Carrier_Family_38_Member_2	Class
http://www.semanticweb.org/fangli/ontologies/2019/2/untitled-ontology-107#Solute_carrier_family_4_member_10	Solute_Carrier_Family_4_Member_10	Class
http://www.semanticweb.org/fangli/ontologies/2019/2/untitled-ontology-107#Solute_carrier_family_5_member_3	Solute_Carrier_Family_5_Member_3	Class
http://www.semanticweb.org/fangli/ontologies/2019/2/untitled-ontology-107#Solute_carrier_family_8_member_A2	Solute_Carrier_Family_8_Member_A2	Class
http://www.semanticweb.org/fangli/ontologies/2019/2/untitled-ontology-107#Solute_carrier_organic_anion_transporter_family_member_1A2	Solute_Carrier_Organic_Anion_Transporter_Family_Member_1A2	Class
http://www.semanticweb.org/fangli/ontologies/2019/2/untitled-ontology-107#Somatosensory_cortex	Somatosensory_Cortex	Class
http://www.semanticweb.org/fangli/ontologies/2019/2/untitled-ontology-107#Somatotroph	Somatotroph	Class
http://www.semanticweb.org/fangli/ontologies/2019/2/untitled-ontology-107#Sp1_transcription_factor	Sp1_Transcription_Factor	Class
http://www.semanticweb.org/fangli/ontologies/2019/2/untitled-ontology-107#Sphingosine-1-phosphate_lyase_1	Sphingosine-1-phosphate_Lyase_1	Class
http://www.semanticweb.org/fangli/ontologies/2019/2/untitled-ontology-107#Sphingosine-1-phosphate_phosphatase_1	Sphingosine-1-phosphate_Phosphatase_1	Class
http://www.semanticweb.org/fangli/ontologies/2019/2/untitled-ontology-107#Sphingosine-1-phosphate_receptor_1	Sphingosine-1-phosphate_Receptor_1	Class
http://www.semanticweb.org/fangli/ontologies/2019/2/untitled-ontology-107#Spi-1_proto-oncogene	Spi-1_Proto-oncogene	Class
http://www.semanticweb.org/fangli/ontologies/2019/2/untitled-ontology-107#Spinal_Cord_Diseases	Spinal_Cord_Diseases	Class
http://www.semanticweb.org/fangli/ontologies/2019/2/untitled-ontology-107#Spinal_cord	Spinal_Cord	Class
http://www.semanticweb.org/fangli/ontologies/2019/2/untitled-ontology-107#Spinal_cord_dorsal_horn	Spinal_Cord_Dorsal_Horn	Class
http://www.semanticweb.org/fangli/ontologies/2019/2/untitled-ontology-107#Spinal_cord_lateral_horn	Spinal_Cord_Lateral_Horn	Class
http://www.semanticweb.org/fangli/ontologies/2019/2/untitled-ontology-107#Spinal_cord_ventral_horn	Spinal_Cord_Ventral_Horn	Class
http://www.semanticweb.org/fangli/ontologies/2019/2/untitled-ontology-107#Spinal_trigeminal_nucleus	Spinal_Trigeminal_Nucleus	Class
http://www.semanticweb.org/fangli/ontologies/2019/2/untitled-ontology-107#Spinothalamic_tract	Spinothalamic_Tract	Class
http://www.semanticweb.org/fangli/ontologies/2019/2/untitled-ontology-107#Spleen_associated_tyrosine_kinase	Spleen_Associated_Tyrosine_Kinase	Class
http://www.semanticweb.org/fangli/ontologies/2019/2/untitled-ontology-107#Sporadic_AD	Sporadic_AD	Class
http://www.semanticweb.org/fangli/ontologies/2019/2/untitled-ontology-107#Star_related_lipid_transfer_domain_containing_10	Star_Related_Lipid_Transfer_Domain_Containing_10	Class
http://www.semanticweb.org/fangli/ontologies/2019/2/untitled-ontology-107#Staufen_double-stranded_RNA_binding_protein_1	Staufen_Double-stranded_RNA_Binding_Protein_1	Class
http://www.semanticweb.org/fangli/ontologies/2019/2/untitled-ontology-107#Sterol_regulatory_element_binding_transcription_factor_1	Sterol_Regulatory_Element_Binding_Transcription_Factor_1	Class
http://www.semanticweb.org/fangli/ontologies/2019/2/untitled-ontology-107#Sterol_regulatory_element_binding_transcription_factor_2	Sterol_Regulatory_Element_Binding_Transcription_Factor_2	Class
http://www.semanticweb.org/fangli/ontologies/2019/2/untitled-ontology-107#Structural_molecule_activity	Structural_Molecule_Activity	Class
http://www.semanticweb.org/fangli/ontologies/2019/2/untitled-ontology-107#Subarachnoid_space	Subarachnoid_Space	Class
http://www.semanticweb.org/fangli/ontologies/2019/2/untitled-ontology-107#Subcommissural_organ	Subcommissural_Organ	Class
http://www.semanticweb.org/fangli/ontologies/2019/2/untitled-ontology-107#Subcortical_white_matter_atrophy	Subcortical_White_Matter_Atrophy	Class
http://www.semanticweb.org/fangli/ontologies/2019/2/untitled-ontology-107#Subcortical_white_matter_pallor	Subcortical_White_Matter_Pallor	Class
http://www.semanticweb.org/fangli/ontologies/2019/2/untitled-ontology-107#Subcortical_white_matter_shrinkage	Subcortical_White_Matter_Shrinkage	Class
http://www.semanticweb.org/fangli/ontologies/2019/2/untitled-ontology-107#Subdural_Effusion	Subdural_Effusion	Class
http://www.semanticweb.org/fangli/ontologies/2019/2/untitled-ontology-107#Subdural_space	Subdural_Space	Class
http://www.semanticweb.org/fangli/ontologies/2019/2/untitled-ontology-107#Subjective_cognitive_decline	Subjective_Cognitive_Decline	Class
http://www.semanticweb.org/fangli/ontologies/2019/2/untitled-ontology-107#Substantia_gelatinosa	Substantia_Gelatinosa	Class
http://www.semanticweb.org/fangli/ontologies/2019/2/untitled-ontology-107#Substantia_innominata	Substantia_Innominata	Class
http://www.semanticweb.org/fangli/ontologies/2019/2/untitled-ontology-107#Substantia_nigra	Substantia_Nigra	Class
http://www.semanticweb.org/fangli/ontologies/2019/2/untitled-ontology-107#Subthalamic_nucleus	Subthalamic_Nucleus	Class
http://www.semanticweb.org/fangli/ontologies/2019/2/untitled-ontology-107#Subthalamus	Subthalamus	Class
http://www.semanticweb.org/fangli/ontologies/2019/2/untitled-ontology-107#Succinate_dehydrogenase_complex_flavoprotein_subunit_A	Succinate_Dehydrogenase_Complex_Flavoprotein_Subunit_A	Class
http://www.semanticweb.org/fangli/ontologies/2019/2/untitled-ontology-107#Sulfotransferase_family_2A_member_1	Sulfotransferase_Family_2A_Member_1	Class
http://www.semanticweb.org/fangli/ontologies/2019/2/untitled-ontology-107#Sulfotransferase_family_4A_member_1	Sulfotransferase_Family_4A_Member_1	Class
http://www.semanticweb.org/fangli/ontologies/2019/2/untitled-ontology-107#Sulfur_utilization	Sulfur_Utilization	Class
http://www.semanticweb.org/fangli/ontologies/2019/2/untitled-ontology-107#Superior_colliculi	Superior_Colliculi	Class
http://www.semanticweb.org/fangli/ontologies/2019/2/untitled-ontology-107#Superior_olivary_complex	Superior_Olivary_Complex	Class
http://www.semanticweb.org/fangli/ontologies/2019/2/untitled-ontology-107#Suprachiasmatic_nucleus	Suprachiasmatic_Nucleus	Class
http://www.semanticweb.org/fangli/ontologies/2019/2/untitled-ontology-107#Suprachiasmatic_nucleus_neurons	Suprachiasmatic_Nucleus_Neurons	Class
http://www.semanticweb.org/fangli/ontologies/2019/2/untitled-ontology-107#Supraoptic_nucleus_neuron	Supraoptic_Nucleus_Neuron	Class
http://www.semanticweb.org/fangli/ontologies/2019/2/untitled-ontology-107#Symptom	Symptom	Class
http://www.semanticweb.org/fangli/ontologies/2019/2/untitled-ontology-107#Synapse_function	Synapse_Function	Class
http://www.semanticweb.org/fangli/ontologies/2019/2/untitled-ontology-107#Synapsin_I	Synapsin_I	Class
http://www.semanticweb.org/fangli/ontologies/2019/2/untitled-ontology-107#Synapsin_II	Synapsin_II	Class
http://www.semanticweb.org/fangli/ontologies/2019/2/untitled-ontology-107#Synaptic_Ras_gtpase_activating_protein_1	Synaptic_Ras_Gtpase_Activating_Protein_1	Class
http://www.semanticweb.org/fangli/ontologies/2019/2/untitled-ontology-107#Synaptic_vesicle_glycoprotein_2B	Synaptic_Vesicle_Glycoprotein_2B	Class
http://www.semanticweb.org/fangli/ontologies/2019/2/untitled-ontology-107#Synaptophysin	Synaptophysin	Class
http://www.semanticweb.org/fangli/ontologies/2019/2/untitled-ontology-107#Synaptopodin	Synaptopodin	Class
http://www.semanticweb.org/fangli/ontologies/2019/2/untitled-ontology-107#Synaptosome_associated_protein_25	Synaptosome_Associated_Protein_25	Class
http://www.semanticweb.org/fangli/ontologies/2019/2/untitled-ontology-107#Synaptosome_associated_protein_91	Synaptosome_Associated_Protein_91	Class
http://www.semanticweb.org/fangli/ontologies/2019/2/untitled-ontology-107#Synaptotagmin_1	Synaptotagmin_1	Class
http://www.semanticweb.org/fangli/ontologies/2019/2/untitled-ontology-107#Synaptotagmin_12	Synaptotagmin_12	Class
http://www.semanticweb.org/fangli/ontologies/2019/2/untitled-ontology-107#Synaptotagmin_13	Synaptotagmin_13	Class
http://www.semanticweb.org/fangli/ontologies/2019/2/untitled-ontology-107#Syntaxin_1A	Syntaxin_1A	Class
http://www.semanticweb.org/fangli/ontologies/2019/2/untitled-ontology-107#Syntaxin_binding_protein_5_like	Syntaxin_Binding_Protein_5_Like	Class
http://www.semanticweb.org/fangli/ontologies/2019/2/untitled-ontology-107#Syntrophin_beta_1	Syntrophin_Beta_1	Class
http://www.semanticweb.org/fangli/ontologies/2019/2/untitled-ontology-107#Synuclein_alpha	Synuclein_Alpha	Class
http://www.semanticweb.org/fangli/ontologies/2019/2/untitled-ontology-107#TARDBP	TARDBP	Class
http://www.semanticweb.org/fangli/ontologies/2019/2/untitled-ontology-107#TBP	TBP	Class
http://www.semanticweb.org/fangli/ontologies/2019/2/untitled-ontology-107#TIMP_metallopeptidase_inhibitor_3	TIMP_Metallopeptidase_Inhibitor_3	Class
http://www.semanticweb.org/fangli/ontologies/2019/2/untitled-ontology-107#TNF	TNF	Class
http://www.semanticweb.org/fangli/ontologies/2019/2/untitled-ontology-107#TNF_receptor_superfamily_member_1A	TNF_Receptor_Superfamily_Member_1A	Class
http://www.semanticweb.org/fangli/ontologies/2019/2/untitled-ontology-107#TRIO_and_F-actin_binding_protein	TRIO_and_F-actin_Binding_Protein	Class
http://www.semanticweb.org/fangli/ontologies/2019/2/untitled-ontology-107#TRPM7	TRPM7	Class
http://www.semanticweb.org/fangli/ontologies/2019/2/untitled-ontology-107#TTR	TTR	Class
http://www.semanticweb.org/fangli/ontologies/2019/2/untitled-ontology-107#TYRO_protein_tyrosine_kinase_binding_protein	TYRO_Protein_Tyrosine_Kinase_Binding_Protein	Class
http://www.semanticweb.org/fangli/ontologies/2019/2/untitled-ontology-107#Talin_1	Talin_1	Class
http://www.semanticweb.org/fangli/ontologies/2019/2/untitled-ontology-107#Tartrate_metabolic_process	Tartrate_Metabolic_Process	Class
http://www.semanticweb.org/fangli/ontologies/2019/2/untitled-ontology-107#Tau_hyperphosphorylation	Tau_Hyperphosphorylation	Class
http://www.semanticweb.org/fangli/ontologies/2019/2/untitled-ontology-107#Tau_metabolism	Tau_Metabolism	Class
http://www.semanticweb.org/fangli/ontologies/2019/2/untitled-ontology-107#Tau_pathology	Tau_Pathology	Class
http://www.semanticweb.org/fangli/ontologies/2019/2/untitled-ontology-107#Tectospinal_fibers	Tectospinal_Fibers	Class
http://www.semanticweb.org/fangli/ontologies/2019/2/untitled-ontology-107#Tectum_mesencephali	Tectum_Mesencephali	Class
http://www.semanticweb.org/fangli/ontologies/2019/2/untitled-ontology-107#Tegmentum_mesencephali	Tegmentum_Mesencephali	Class
http://www.semanticweb.org/fangli/ontologies/2019/2/untitled-ontology-107#Telencephalic_commissure	Telencephalic_Commissure	Class
http://www.semanticweb.org/fangli/ontologies/2019/2/untitled-ontology-107#Telencephalon	Telencephalon	Class
http://www.semanticweb.org/fangli/ontologies/2019/2/untitled-ontology-107#Temazepam	Temazepam	Class
http://www.semanticweb.org/fangli/ontologies/2019/2/untitled-ontology-107#Temporal_lobe	Temporal_Lobe	Class
http://www.semanticweb.org/fangli/ontologies/2019/2/untitled-ontology-107#Thalamic_Diseases	Thalamic_Diseases	Class
http://www.semanticweb.org/fangli/ontologies/2019/2/untitled-ontology-107#Thalamic_nuclei	Thalamic_Nuclei	Class
http://www.semanticweb.org/fangli/ontologies/2019/2/untitled-ontology-107#Thalamus	Thalamus	Class
http://www.semanticweb.org/fangli/ontologies/2019/2/untitled-ontology-107#Thioredoxin_related_transmembrane_protein_3	Thioredoxin_Related_Transmembrane_Protein_3	Class
http://www.semanticweb.org/fangli/ontologies/2019/2/untitled-ontology-107#Third_ventricle	Third_Ventricle	Class
http://www.semanticweb.org/fangli/ontologies/2019/2/untitled-ontology-107#Thymocyte_expressed,_positive_selection_associated_1	Thymocyte_Expressed,_Positive_Selection_Associated_1	Class
http://www.semanticweb.org/fangli/ontologies/2019/2/untitled-ontology-107#Thymopoietin	Thymopoietin	Class
http://www.semanticweb.org/fangli/ontologies/2019/2/untitled-ontology-107#Thyrotroph	Thyrotroph	Class
http://www.semanticweb.org/fangli/ontologies/2019/2/untitled-ontology-107#Toll_like_receptor_1	Toll_Like_Receptor_1	Class
http://www.semanticweb.org/fangli/ontologies/2019/2/untitled-ontology-107#Toll_like_receptor_2	Toll_Like_Receptor_2	Class
http://www.semanticweb.org/fangli/ontologies/2019/2/untitled-ontology-107#Toll_like_receptor_4	Toll_Like_Receptor_4	Class
http://www.semanticweb.org/fangli/ontologies/2019/2/untitled-ontology-107#Toll_like_receptor_5	Toll_Like_Receptor_5	Class
http://www.semanticweb.org/fangli/ontologies/2019/2/untitled-ontology-107#Toxic_conformation_of_tau	Toxic_Conformation_of_Tau	Class
http://www.semanticweb.org/fangli/ontologies/2019/2/untitled-ontology-107#Toxin_activity	Toxin_Activity	Class
http://www.semanticweb.org/fangli/ontologies/2019/2/untitled-ontology-107#Transcription_regulator_activity	Transcription_Regulator_Activity	Class
http://www.semanticweb.org/fangli/ontologies/2019/2/untitled-ontology-107#Transforming_growth_factor_beta_1	Transforming_Growth_Factor_Beta_1	Class
http://www.semanticweb.org/fangli/ontologies/2019/2/untitled-ontology-107#Transforming_growth_factor_beta_receptor_2	Transforming_Growth_Factor_Beta_Receptor_2	Class
http://www.semanticweb.org/fangli/ontologies/2019/2/untitled-ontology-107#Transgelin_3	Transgelin_3	Class
http://www.semanticweb.org/fangli/ontologies/2019/2/untitled-ontology-107#Transient_Global_Amnesia	Transient_Global_Amnesia	Class
http://www.semanticweb.org/fangli/ontologies/2019/2/untitled-ontology-107#Translation_regulator_activity	Translation_Regulator_Activity	Class
http://www.semanticweb.org/fangli/ontologies/2019/2/untitled-ontology-107#Translocase_of_inner_mitochondrial_membrane_13	Translocase_of_Inner_Mitochondrial_Membrane_13	Class
http://www.semanticweb.org/fangli/ontologies/2019/2/untitled-ontology-107#Translocase_of_outer_mitochondrial_membrane_70	Translocase_of_Outer_Mitochondrial_Membrane_70	Class
http://www.semanticweb.org/fangli/ontologies/2019/2/untitled-ontology-107#Transmembrane_BAX_inhibitor_motif_containing_1	Transmembrane_BAX_Inhibitor_Motif_Containing_1	Class
http://www.semanticweb.org/fangli/ontologies/2019/2/untitled-ontology-107#Transmembrane_protein_184B	Transmembrane_Protein_184B	Class
http://www.semanticweb.org/fangli/ontologies/2019/2/untitled-ontology-107#Transmembrane_protein_229B	Transmembrane_Protein_229B	Class
http://www.semanticweb.org/fangli/ontologies/2019/2/untitled-ontology-107#Transporter_activity	Transporter_Activity	Class
http://www.semanticweb.org/fangli/ontologies/2019/2/untitled-ontology-107#Trapezoid_body	Trapezoid_Body	Class
http://www.semanticweb.org/fangli/ontologies/2019/2/untitled-ontology-107#Trazodone	Trazodone	Class
http://www.semanticweb.org/fangli/ontologies/2019/2/untitled-ontology-107#Trigeminal_caudal_nucleus	Trigeminal_Caudal_Nucleus	Class
http://www.semanticweb.org/fangli/ontologies/2019/2/untitled-ontology-107#Trigeminal_motor_nucleus	Trigeminal_Motor_Nucleus	Class
http://www.semanticweb.org/fangli/ontologies/2019/2/untitled-ontology-107#Trigeminal_nuclei	Trigeminal_Nuclei	Class
http://www.semanticweb.org/fangli/ontologies/2019/2/untitled-ontology-107#Triggering_receptor_expressed_on_myeloid_cells_2	Triggering_Receptor_Expressed_on_Myeloid_Cells_2	Class
http://www.semanticweb.org/fangli/ontologies/2019/2/untitled-ontology-107#Tu_translation_elongation_factor,_mitochondrial	Tu_Translation_Elongation_Factor,_Mitochondrial	Class
http://www.semanticweb.org/fangli/ontologies/2019/2/untitled-ontology-107#Tuber_cinereum	Tuber_Cinereum	Class
http://www.semanticweb.org/fangli/ontologies/2019/2/untitled-ontology-107#Tubulin_beta_3_class_III	Tubulin_Beta_3_Class_III	Class
http://www.semanticweb.org/fangli/ontologies/2019/2/untitled-ontology-107#Tweety_family_member_2	Tweety_Family_Member_2	Class
http://www.semanticweb.org/fangli/ontologies/2019/2/untitled-ontology-107#Tyrocidine_metabolic_process	Tyrocidine_Metabolic_Process	Class
http://www.semanticweb.org/fangli/ontologies/2019/2/untitled-ontology-107#Tyrosyl-trna_synthetase	Tyrosyl-trna_Synthetase	Class
http://www.semanticweb.org/fangli/ontologies/2019/2/untitled-ontology-107#Tyrosylprotein_sulfotransferase_1	Tyrosylprotein_Sulfotransferase_1	Class
http://www.semanticweb.org/fangli/ontologies/2019/2/untitled-ontology-107#UDP_glycosyltransferase_8	UDP_Glycosyltransferase_8	Class
http://www.semanticweb.org/fangli/ontologies/2019/2/untitled-ontology-107#Ubiquinol-cytochrome_c_reductase_core_protein_1	Ubiquinol-cytochrome_C_Reductase_Core_Protein_1	Class
http://www.semanticweb.org/fangli/ontologies/2019/2/untitled-ontology-107#Ubiquitin_conjugating_enzyme_E2_T	Ubiquitin_Conjugating_Enzyme_E2_T	Class
http://www.semanticweb.org/fangli/ontologies/2019/2/untitled-ontology-107#Unc-119_lipid_binding_chaperone_B	Unc-119_Lipid_Binding_Chaperone_B	Class
http://www.semanticweb.org/fangli/ontologies/2019/2/untitled-ontology-107#Unc-13_homolog_A	Unc-13_Homolog_A	Class
http://www.semanticweb.org/fangli/ontologies/2019/2/untitled-ontology-107#Unc-5_netrin_receptor_C	Unc-5_Netrin_Receptor_C	Class
http://www.semanticweb.org/fangli/ontologies/2019/2/untitled-ontology-107#Unc-79_homolog,_NALCN_channel_complex_subunit	Unc-79_Homolog,_NALCN_Channel_Complex_Subunit	Class
http://www.semanticweb.org/fangli/ontologies/2019/2/untitled-ontology-107#Uncontrolled_eating	Uncontrolled_Eating	Class
http://www.semanticweb.org/fangli/ontologies/2019/2/untitled-ontology-107#VGF_nerve_growth_factor_inducible	VGF_Nerve_Growth_Factor_Inducible	Class
http://www.semanticweb.org/fangli/ontologies/2019/2/untitled-ontology-107#Valosin_containing_protein	Valosin_Containing_Protein	Class
http://www.semanticweb.org/fangli/ontologies/2019/2/untitled-ontology-107#Vascular_Dementia	Vascular_Dementia	Class
http://www.semanticweb.org/fangli/ontologies/2019/2/untitled-ontology-107#Ventral_striatum	Ventral_Striatum	Class
http://www.semanticweb.org/fangli/ontologies/2019/2/untitled-ontology-107#Ventral_tegmental_area	Ventral_Tegmental_Area	Class
http://www.semanticweb.org/fangli/ontologies/2019/2/untitled-ontology-107#Ventral_thalamic_nucleus	Ventral_Thalamic_Nucleus	Class
http://www.semanticweb.org/fangli/ontologies/2019/2/untitled-ontology-107#Ventromedial_hypothalamic_nucleus	Ventromedial_Hypothalamic_Nucleus	Class
http://www.semanticweb.org/fangli/ontologies/2019/2/untitled-ontology-107#Versican	Versican	Class
http://www.semanticweb.org/fangli/ontologies/2019/2/untitled-ontology-107#Vestibular_nuclei	Vestibular_Nuclei	Class
http://www.semanticweb.org/fangli/ontologies/2019/2/untitled-ontology-107#Visinin_like_1	Visinin_Like_1	Class
http://www.semanticweb.org/fangli/ontologies/2019/2/untitled-ontology-107#Visual_cortex	Visual_Cortex	Class
http://www.semanticweb.org/fangli/ontologies/2019/2/untitled-ontology-107#Visual_loss	Visual_Loss	Class
http://www.semanticweb.org/fangli/ontologies/2019/2/untitled-ontology-107#Vitronectin	Vitronectin	Class
http://www.semanticweb.org/fangli/ontologies/2019/2/untitled-ontology-107#Vocally_disruptive_behavior	Vocally_Disruptive_Behavior	Class
http://www.semanticweb.org/fangli/ontologies/2019/2/untitled-ontology-107#WDFY_family_member_4	WDFY_Family_Member_4	Class
http://www.semanticweb.org/fangli/ontologies/2019/2/untitled-ontology-107#WD_repeat_domain_1	WD_Repeat_Domain_1	Class
http://www.semanticweb.org/fangli/ontologies/2019/2/untitled-ontology-107#WD_repeat_domain_7	WD_Repeat_Domain_7	Class
http://www.semanticweb.org/fangli/ontologies/2019/2/untitled-ontology-107#Wandering	Wandering	Class
http://www.semanticweb.org/fangli/ontologies/2019/2/untitled-ontology-107#Wernicke_area	Wernicke_Area	Class
http://www.semanticweb.org/fangli/ontologies/2019/2/untitled-ontology-107#White_matter	White_Matter	Class
http://www.semanticweb.org/fangli/ontologies/2019/2/untitled-ontology-107#Withdrawal_from_work_or_social_activity	Withdrawal_from_Work_or_Social_Activity	Class
http://www.semanticweb.org/fangli/ontologies/2019/2/untitled-ontology-107#Wnt_family_member_10B	Wnt_Family_Member_10B	Class
http://www.semanticweb.org/fangli/ontologies/2019/2/untitled-ontology-107#Wnt_signalling	Wnt_Signalling	Class
http://www.semanticweb.org/fangli/ontologies/2019/2/untitled-ontology-107#Yes_associated_protein_1	Yes_Associated_Protein_1	Class
http://www.semanticweb.org/fangli/ontologies/2019/2/untitled-ontology-107#Yip1_interacting_factor_homolog_B,_membrane_trafficking_protein	Yip1_Interacting_Factor_Homolog_B,_Membrane_Trafficking_Protein	Class
http://www.semanticweb.org/fangli/ontologies/2019/2/untitled-ontology-107#ZCWPW1	ZCWPW1	Class
http://www.semanticweb.org/fangli/ontologies/2019/2/untitled-ontology-107#ZW10_interacting_kinetochore_protein	ZW10_Interacting_Kinetochore_Protein	Class
http://www.semanticweb.org/fangli/ontologies/2019/2/untitled-ontology-107#Zinc_finger_and_BTB_domain_containing_16	Zinc_Finger_and_BTB_Domain_Containing_16	Class
http://www.semanticweb.org/fangli/ontologies/2019/2/untitled-ontology-107#Zinc_finger_protein_536	Zinc_Finger_Protein_536	Class
http://www.semanticweb.org/fangli/ontologies/2019/2/untitled-ontology-107#Ziprasidone	Ziprasidone	Class
http://www.semanticweb.org/fangli/ontologies/2019/2/untitled-ontology-107#Zona_incerta	Zona_Incerta	Class
http://www.semanticweb.org/fangli/ontologies/2019/2/untitled-ontology-107#lonafarnib		Named individual
http://www.semanticweb.org/fangli/ontologies/2019/2/untitled-ontology-107#mTOR_signaling	Mtor_Signaling	Class
http://www.semanticweb.org/fangli/ontologies/2019/2/untitled-ontology-107#tau_inclusion		Named individual
http://www.semanticweb.org/fangli/ontologies/2019/2/untitled-ontology-107#tau_metabolism		Named individual
http://www.semanticweb.org/fangli/ontologies/2019/2/untitled-ontology-107#tau_sumoylation		Named individual
http://www.semanticweb.org/fangli/ontologies/2019/2/untitled-ontology-107#tau_ubiquitination		Named individual
http://www.semanticweb.org/fangli/ontologies/2019/2/untitled-ontology-107#β-secretase_inhibitor	Β-secretase_Inhibitor	Class
http://www.semanticweb.org/fangli/ontologies/2019/2/untitled-ontology-107#γ-secretase_inhibitor	Γ-secretase_Inhibitor	Class
http://www.semanticweb.org/hyk038/ontologies/2018/7/untitled-ontology-17#1.5_hour_5_times_per_week_of_vigorous_exercise		Exercise_Leisure_Activity
http://www.semanticweb.org/hyk038/ontologies/2018/7/untitled-ontology-17#2.5_hour_5_to_6_times_per_week_of_vigorous_exercise		Exercise_Leisure_Activity
http://www.semanticweb.org/hyk038/ontologies/2018/7/untitled-ontology-17#2_hours_4_times_per_week_of_moderate_exercise		Exercise_Leisure_Activity
http://www.semanticweb.org/hyk038/ontologies/2018/7/untitled-ontology-17#30-45_minutes_3_times_per_week_of_low_activity		Exercise_Leisure_Activity
http://www.semanticweb.org/hyk038/ontologies/2018/7/untitled-ontology-17#30-60_minutes_3_times_per_week_of_moderate_activity		Exercise_Leisure_Activity
http://www.semanticweb.org/hyk038/ontologies/2018/7/untitled-ontology-17#30_mintes_once_a_week_of_low_activity		Exercise_Leisure_Activity
http://www.semanticweb.org/hyk038/ontologies/2018/7/untitled-ontology-17#45_minutes_4_times_per_week_of_moderate_activity		Exercise_Leisure_Activity
http://www.semanticweb.org/hyk038/ontologies/2018/7/untitled-ontology-17#45_minutes_5_times_per_week_of_moderate_activity		Exercise_Leisure_Activity
http://www.semanticweb.org/hyk038/ontologies/2018/7/untitled-ontology-17#45_minutes_7_times_per_week_of_low_activity		Exercise_Leisure_Activity
http://www.semanticweb.org/hyk038/ontologies/2018/7/untitled-ontology-17#45_minutes_moderate_activity_everyday		Exercise_Leisure_Activity
http://www.semanticweb.org/hyk038/ontologies/2018/7/untitled-ontology-17#60_minutes_3_to_4_times_per_week_of_moderate_or_vigorous_activity		Exercise_Leisure_Activity
http://www.semanticweb.org/hyk038/ontologies/2018/7/untitled-ontology-17#60_minutes_4_times_per_week_of_moderate_activity		Exercise_Leisure_Activity
http://www.semanticweb.org/hyk038/ontologies/2018/7/untitled-ontology-17#60_minutes_4_times_per_week_of_vigorous_activity		Exercise_Leisure_Activity
http://www.semanticweb.org/hyk038/ontologies/2018/7/untitled-ontology-17#60_minutes_4_to_5_times_per_week_of_moderate_activity		Exercise_Leisure_Activity
http://www.semanticweb.org/hyk038/ontologies/2018/7/untitled-ontology-17#60_minutes_4_to_5_times_per_week_of_vigorous_activity		Exercise_Leisure_Activity
http://www.semanticweb.org/hyk038/ontologies/2018/7/untitled-ontology-17#60_minutes_5_times_per_week_of_moderate_to_vigorous_activity		Exercise_Leisure_Activity
http://www.semanticweb.org/hyk038/ontologies/2018/7/untitled-ontology-17#60_minutes_6_times_per_week_with_3_vigorous_activities_and_5_moderate_activities		Exercise_Leisure_Activity
http://www.semanticweb.org/hyk038/ontologies/2018/7/untitled-ontology-17#Activity	Activity	Class
http://www.semanticweb.org/hyk038/ontologies/2018/7/untitled-ontology-17#Aerobic_dance	Aerobic_Dance	Class
http://www.semanticweb.org/hyk038/ontologies/2018/7/untitled-ontology-17#Amount	Amount	Class
http://www.semanticweb.org/hyk038/ontologies/2018/7/untitled-ontology-17#Athletic_walking	Athletic_Walking	Class
http://www.semanticweb.org/hyk038/ontologies/2018/7/untitled-ontology-17#Autorepair	Autorepair	Class
http://www.semanticweb.org/hyk038/ontologies/2018/7/untitled-ontology-17#Backpacking	Backpacking	Class
http://www.semanticweb.org/hyk038/ontologies/2018/7/untitled-ontology-17#Badminton	Badminton	Class
http://www.semanticweb.org/hyk038/ontologies/2018/7/untitled-ontology-17#Balance_exercise	Balance_Exercise	Class
http://www.semanticweb.org/hyk038/ontologies/2018/7/untitled-ontology-17#Ball_game	Ball_Game	Class
http://www.semanticweb.org/hyk038/ontologies/2018/7/untitled-ontology-17#Baseball	Baseball	Class
http://www.semanticweb.org/hyk038/ontologies/2018/7/untitled-ontology-17#Basketball	Basketball	Class
http://www.semanticweb.org/hyk038/ontologies/2018/7/untitled-ontology-17#Boogieboarding	Boogieboarding	Class
http://www.semanticweb.org/hyk038/ontologies/2018/7/untitled-ontology-17#Bowling	Bowling	Class
http://www.semanticweb.org/hyk038/ontologies/2018/7/untitled-ontology-17#Brisk	Brisk	Class
http://www.semanticweb.org/hyk038/ontologies/2018/7/untitled-ontology-17#Brisk_walking	Brisk_Walking	Class
http://www.semanticweb.org/hyk038/ontologies/2018/7/untitled-ontology-17#By_distance	By_Distance	Class
http://www.semanticweb.org/hyk038/ontologies/2018/7/untitled-ontology-17#By_duration	By_Duration	Class
http://www.semanticweb.org/hyk038/ontologies/2018/7/untitled-ontology-17#By_hour	By_Hour	Class
http://www.semanticweb.org/hyk038/ontologies/2018/7/untitled-ontology-17#By_minute	By_Minute	Class
http://www.semanticweb.org/hyk038/ontologies/2018/7/untitled-ontology-17#By_repetition	By_Repetition	Class
http://www.semanticweb.org/hyk038/ontologies/2018/7/untitled-ontology-17#Calisthenic	Calisthenic	Class
http://www.semanticweb.org/hyk038/ontologies/2018/7/untitled-ontology-17#Camping	Camping	Class
http://www.semanticweb.org/hyk038/ontologies/2018/7/untitled-ontology-17#Canoeing	Canoeing	Class
http://www.semanticweb.org/hyk038/ontologies/2018/7/untitled-ontology-17#Cardiovascular_fitness	Cardiovascular_Fitness	Class
http://www.semanticweb.org/hyk038/ontologies/2018/7/untitled-ontology-17#Carpentry	Carpentry	Class
http://www.semanticweb.org/hyk038/ontologies/2018/7/untitled-ontology-17#Casual		Low
http://www.semanticweb.org/hyk038/ontologies/2018/7/untitled-ontology-17#Cheerleading	Cheerleading	Class
http://www.semanticweb.org/hyk038/ontologies/2018/7/untitled-ontology-17#Chopping_vegetable	Chopping_Vegetable	Class
http://www.semanticweb.org/hyk038/ontologies/2018/7/untitled-ontology-17#Chopping_wood	Chopping_Wood	Class
http://www.semanticweb.org/hyk038/ontologies/2018/7/untitled-ontology-17#Chores	Chores	Class
http://www.semanticweb.org/hyk038/ontologies/2018/7/untitled-ontology-17#Circuit_training	Circuit_Training	Class
http://www.semanticweb.org/hyk038/ontologies/2018/7/untitled-ontology-17#Cleaning_gutter	Cleaning_Gutter	Class
http://www.semanticweb.org/hyk038/ontologies/2018/7/untitled-ontology-17#Clearing_table	Clearing_Table	Class
http://www.semanticweb.org/hyk038/ontologies/2018/7/untitled-ontology-17#Clearing_walk	Clearing_Walk	Class
http://www.semanticweb.org/hyk038/ontologies/2018/7/untitled-ontology-17#Climbing	Climbing	Class
http://www.semanticweb.org/hyk038/ontologies/2018/7/untitled-ontology-17#Collecting_rubbish	Collecting_Rubbish	Class
http://www.semanticweb.org/hyk038/ontologies/2018/7/untitled-ontology-17#Cross_country_ski	Cross_Country_Ski	Class
http://www.semanticweb.org/hyk038/ontologies/2018/7/untitled-ontology-17#Crunch	Crunch	Class
http://www.semanticweb.org/hyk038/ontologies/2018/7/untitled-ontology-17#Cycling	Cycling	Class
http://www.semanticweb.org/hyk038/ontologies/2018/7/untitled-ontology-17#Daily_living_activity	Daily_Living_Activity	Class
http://www.semanticweb.org/hyk038/ontologies/2018/7/untitled-ontology-17#Dance	Dance	Class
http://www.semanticweb.org/hyk038/ontologies/2018/7/untitled-ontology-17#Day	Day	Class
http://www.semanticweb.org/hyk038/ontologies/2018/7/untitled-ontology-17#Digging	Digging	Class
http://www.semanticweb.org/hyk038/ontologies/2018/7/untitled-ontology-17#Distance_unit	Distance_Unit	Class
http://www.semanticweb.org/hyk038/ontologies/2018/7/untitled-ontology-17#Down_stair_climing	Down_Stair_Climing	Class
http://www.semanticweb.org/hyk038/ontologies/2018/7/untitled-ontology-17#Downhill_ski	Downhill_Ski	Class
http://www.semanticweb.org/hyk038/ontologies/2018/7/untitled-ontology-17#Driveway_cleaning	Driveway_Cleaning	Class
http://www.semanticweb.org/hyk038/ontologies/2018/7/untitled-ontology-17#Drying_dish	Drying_Dish	Class
http://www.semanticweb.org/hyk038/ontologies/2018/7/untitled-ontology-17#Dusting	Dusting	Class
http://www.semanticweb.org/hyk038/ontologies/2018/7/untitled-ontology-17#Easy		Low
http://www.semanticweb.org/hyk038/ontologies/2018/7/untitled-ontology-17#Elastic_band	Elastic_Band	Class
http://www.semanticweb.org/hyk038/ontologies/2018/7/untitled-ontology-17#Electrical_work	Electrical_Work	Class
http://www.semanticweb.org/hyk038/ontologies/2018/7/untitled-ontology-17#Endurance_exercise	Endurance_Exercise	Class
http://www.semanticweb.org/hyk038/ontologies/2018/7/untitled-ontology-17#Exercise_effect	Exercise_Effect	Class
http://www.semanticweb.org/hyk038/ontologies/2018/7/untitled-ontology-17#Exercise_equipment	Exercise_Equipment	Class
http://www.semanticweb.org/hyk038/ontologies/2018/7/untitled-ontology-17#Exercise_leisure_activity	Exercise_Leisure_Activity	Class
http://www.semanticweb.org/hyk038/ontologies/2018/7/untitled-ontology-17#Exercise_program	Exercise_Program	Class
http://www.semanticweb.org/hyk038/ontologies/2018/7/untitled-ontology-17#Fast	Fast	Class
http://www.semanticweb.org/hyk038/ontologies/2018/7/untitled-ontology-17#Field_hockey	Field_Hockey	Class
http://www.semanticweb.org/hyk038/ontologies/2018/7/untitled-ontology-17#Fishing	Fishing	Class
http://www.semanticweb.org/hyk038/ontologies/2018/7/untitled-ontology-17#Flexibility_exercise	Flexibility_Exercise	Class
http://www.semanticweb.org/hyk038/ontologies/2018/7/untitled-ontology-17#Floor_hockey	Floor_Hockey	Class
http://www.semanticweb.org/hyk038/ontologies/2018/7/untitled-ontology-17#Folding_laundry	Folding_Laundry	Class
http://www.semanticweb.org/hyk038/ontologies/2018/7/untitled-ontology-17#Football	Football	Class
http://www.semanticweb.org/hyk038/ontologies/2018/7/untitled-ontology-17#Free_weights	Free_Weights	Class
http://www.semanticweb.org/hyk038/ontologies/2018/7/untitled-ontology-17#Frequency	Frequency	Class
http://www.semanticweb.org/hyk038/ontologies/2018/7/untitled-ontology-17#Frisbee	Frisbee	Class
http://www.semanticweb.org/hyk038/ontologies/2018/7/untitled-ontology-17#Gardening	Gardening	Class
http://www.semanticweb.org/hyk038/ontologies/2018/7/untitled-ontology-17#Gentle		Low
http://www.semanticweb.org/hyk038/ontologies/2018/7/untitled-ontology-17#Golf	Golf	Class
http://www.semanticweb.org/hyk038/ontologies/2018/7/untitled-ontology-17#Ground	Ground	Class
http://www.semanticweb.org/hyk038/ontologies/2018/7/untitled-ontology-17#Gymnastics	Gymnastics	Class
http://www.semanticweb.org/hyk038/ontologies/2018/7/untitled-ontology-17#Hammering	Hammering	Class
http://www.semanticweb.org/hyk038/ontologies/2018/7/untitled-ontology-17#Handball	Handball	Class
http://www.semanticweb.org/hyk038/ontologies/2018/7/untitled-ontology-17#High_intensity_interval_training	High_Intensity_Interval_Training	Class
http://www.semanticweb.org/hyk038/ontologies/2018/7/untitled-ontology-17#Hiking	Hiking	Class
http://www.semanticweb.org/hyk038/ontologies/2018/7/untitled-ontology-17#Hockey_game	Hockey_Game	Class
http://www.semanticweb.org/hyk038/ontologies/2018/7/untitled-ontology-17#Hoeing	Hoeing	Class
http://www.semanticweb.org/hyk038/ontologies/2018/7/untitled-ontology-17#Home_improvement_maintenance	Home_Improvement_Maintenance	Class
http://www.semanticweb.org/hyk038/ontologies/2018/7/untitled-ontology-17#Home_repair	Home_Repair	Class
http://www.semanticweb.org/hyk038/ontologies/2018/7/untitled-ontology-17#Horseback_riding	Horseback_Riding	Class
http://www.semanticweb.org/hyk038/ontologies/2018/7/untitled-ontology-17#Hour	Hour	Class
http://www.semanticweb.org/hyk038/ontologies/2018/7/untitled-ontology-17#Housekeeping_chore	Housekeeping_Chore	Class
http://www.semanticweb.org/hyk038/ontologies/2018/7/untitled-ontology-17#Hunting	Hunting	Class
http://www.semanticweb.org/hyk038/ontologies/2018/7/untitled-ontology-17#Ice	Ice	Class
http://www.semanticweb.org/hyk038/ontologies/2018/7/untitled-ontology-17#Ice_hockey	Ice_Hockey	Class
http://www.semanticweb.org/hyk038/ontologies/2018/7/untitled-ontology-17#Ice_skate	Ice_Skate	Class
http://www.semanticweb.org/hyk038/ontologies/2018/7/untitled-ontology-17#Improved_body_balance	Improved_Body_Balance	Class
http://www.semanticweb.org/hyk038/ontologies/2018/7/untitled-ontology-17#Improved_posture	Improved_Posture	Class
http://www.semanticweb.org/hyk038/ontologies/2018/7/untitled-ontology-17#Improved_range_of_motion	Improved_Range_of_Motion	Class
http://www.semanticweb.org/hyk038/ontologies/2018/7/untitled-ontology-17#Increased_bone_strength	Increased_Bone_Strength	Class
http://www.semanticweb.org/hyk038/ontologies/2018/7/untitled-ontology-17#Increased_breathing	Increased_Breathing	Class
http://www.semanticweb.org/hyk038/ontologies/2018/7/untitled-ontology-17#Increased_heart_rate	Increased_Heart_Rate	Class
http://www.semanticweb.org/hyk038/ontologies/2018/7/untitled-ontology-17#Increased_muscle_strength	Increased_Muscle_Strength	Class
http://www.semanticweb.org/hyk038/ontologies/2018/7/untitled-ontology-17#Indoor	Indoor	Class
http://www.semanticweb.org/hyk038/ontologies/2018/7/untitled-ontology-17#Inline_skate	Inline_Skate	Class
http://www.semanticweb.org/hyk038/ontologies/2018/7/untitled-ontology-17#Insufficient_activity	Insufficient_Activity	Class
http://www.semanticweb.org/hyk038/ontologies/2018/7/untitled-ontology-17#Integrated_fitness	Integrated_Fitness	Class
http://www.semanticweb.org/hyk038/ontologies/2018/7/untitled-ontology-17#Intensity	Intensity	Class
http://www.semanticweb.org/hyk038/ontologies/2018/7/untitled-ontology-17#Irregular	Irregular	Class
http://www.semanticweb.org/hyk038/ontologies/2018/7/untitled-ontology-17#Jazzercise	Jazzercise	Class
http://www.semanticweb.org/hyk038/ontologies/2018/7/untitled-ontology-17#Jogging	Jogging	Class
http://www.semanticweb.org/hyk038/ontologies/2018/7/untitled-ontology-17#Judo	Judo	Class
http://www.semanticweb.org/hyk038/ontologies/2018/7/untitled-ontology-17#Jump_rope	Jump_Rope	Class
http://www.semanticweb.org/hyk038/ontologies/2018/7/untitled-ontology-17#Karate	Karate	Class
http://www.semanticweb.org/hyk038/ontologies/2018/7/untitled-ontology-17#Kayaking	Kayaking	Class
http://www.semanticweb.org/hyk038/ontologies/2018/7/untitled-ontology-17#Lab_swimming	Lab_Swimming	Class
http://www.semanticweb.org/hyk038/ontologies/2018/7/untitled-ontology-17#Light		Low
http://www.semanticweb.org/hyk038/ontologies/2018/7/untitled-ontology-17#Location	Location	Class
http://www.semanticweb.org/hyk038/ontologies/2018/7/untitled-ontology-17#Low	Low	Class
http://www.semanticweb.org/hyk038/ontologies/2018/7/untitled-ontology-17#Low_impact		Low
http://www.semanticweb.org/hyk038/ontologies/2018/7/untitled-ontology-17#Martial_art	Martial_Art	Class
http://www.semanticweb.org/hyk038/ontologies/2018/7/untitled-ontology-17#Meter	Meter	Class
http://www.semanticweb.org/hyk038/ontologies/2018/7/untitled-ontology-17#Mild		Low
http://www.semanticweb.org/hyk038/ontologies/2018/7/untitled-ontology-17#Mile	Mile	Class
http://www.semanticweb.org/hyk038/ontologies/2018/7/untitled-ontology-17#Mind_body_activity	Mind_Body_Activity	Class
http://www.semanticweb.org/hyk038/ontologies/2018/7/untitled-ontology-17#Minute	Minute	Class
http://www.semanticweb.org/hyk038/ontologies/2018/7/untitled-ontology-17#Moderate	Moderate	Class
http://www.semanticweb.org/hyk038/ontologies/2018/7/untitled-ontology-17#Modifier	Modifier	Class
http://www.semanticweb.org/hyk038/ontologies/2018/7/untitled-ontology-17#Month	Month	Class
http://www.semanticweb.org/hyk038/ontologies/2018/7/untitled-ontology-17#Mopping	Mopping	Class
http://www.semanticweb.org/hyk038/ontologies/2018/7/untitled-ontology-17#Motocycling	Motocycling	Class
http://www.semanticweb.org/hyk038/ontologies/2018/7/untitled-ontology-17#Mountaineering	Mountaineering	Class
http://www.semanticweb.org/hyk038/ontologies/2018/7/untitled-ontology-17#Mowing_lawn	Mowing_Lawn	Class
http://www.semanticweb.org/hyk038/ontologies/2018/7/untitled-ontology-17#Nordic_track	Nordic_Track	Class
http://www.semanticweb.org/hyk038/ontologies/2018/7/untitled-ontology-17#Observation_period	Observation_Period	Class
http://www.semanticweb.org/hyk038/ontologies/2018/7/untitled-ontology-17#Orange_theory_1_hour_class_once_per_week_with_vigorous_intensity		High_Intensity_Interval_Training
http://www.semanticweb.org/hyk038/ontologies/2018/7/untitled-ontology-17#Outdoor	Outdoor	Class
http://www.semanticweb.org/hyk038/ontologies/2018/7/untitled-ontology-17#Outdoor_leisure_activity	Outdoor_Leisure_Activity	Class
http://www.semanticweb.org/hyk038/ontologies/2018/7/untitled-ontology-17#Outdoor_swimming	Outdoor_Swimming	Class
http://www.semanticweb.org/hyk038/ontologies/2018/7/untitled-ontology-17#PACO	PACO	Class
http://www.semanticweb.org/hyk038/ontologies/2018/7/untitled-ontology-17#Painting	Painting	Class
http://www.semanticweb.org/hyk038/ontologies/2018/7/untitled-ontology-17#Per_month	Per_Month	Class
http://www.semanticweb.org/hyk038/ontologies/2018/7/untitled-ontology-17#Per_week	Per_Week	Class
http://www.semanticweb.org/hyk038/ontologies/2018/7/untitled-ontology-17#Physically_active_game	Physically_Active_Game	Class
http://www.semanticweb.org/hyk038/ontologies/2018/7/untitled-ontology-17#Pilates	Pilates	Class
http://www.semanticweb.org/hyk038/ontologies/2018/7/untitled-ontology-17#Planting	Planting	Class
http://www.semanticweb.org/hyk038/ontologies/2018/7/untitled-ontology-17#Polish_car	Polish_Car	Class
http://www.semanticweb.org/hyk038/ontologies/2018/7/untitled-ontology-17#Polishing	Polishing	Class
http://www.semanticweb.org/hyk038/ontologies/2018/7/untitled-ontology-17#Preparing_food	Preparing_Food	Class
http://www.semanticweb.org/hyk038/ontologies/2018/7/untitled-ontology-17#Pruning	Pruning	Class
http://www.semanticweb.org/hyk038/ontologies/2018/7/untitled-ontology-17#Pull_up	Pull_Up	Class
http://www.semanticweb.org/hyk038/ontologies/2018/7/untitled-ontology-17#Pulmonary_fitness	Pulmonary_Fitness	Class
http://www.semanticweb.org/hyk038/ontologies/2018/7/untitled-ontology-17#Push_up	Push_Up	Class
http://www.semanticweb.org/hyk038/ontologies/2018/7/untitled-ontology-17#Quad_skate	Quad_Skate	Class
http://www.semanticweb.org/hyk038/ontologies/2018/7/untitled-ontology-17#Racquetball	Racquetball	Class
http://www.semanticweb.org/hyk038/ontologies/2018/7/untitled-ontology-17#Raking	Raking	Class
http://www.semanticweb.org/hyk038/ontologies/2018/7/untitled-ontology-17#Regular	Regular	Class
http://www.semanticweb.org/hyk038/ontologies/2018/7/untitled-ontology-17#Regularity	Regularity	Class
http://www.semanticweb.org/hyk038/ontologies/2018/7/untitled-ontology-17#Relieve_muscle_tension	Relieve_Muscle_Tension	Class
http://www.semanticweb.org/hyk038/ontologies/2018/7/untitled-ontology-17#Removing_leaf	Removing_Leaf	Class
http://www.semanticweb.org/hyk038/ontologies/2018/7/untitled-ontology-17#Removing_snow	Removing_Snow	Class
http://www.semanticweb.org/hyk038/ontologies/2018/7/untitled-ontology-17#Required_condition	Required_Condition	Class
http://www.semanticweb.org/hyk038/ontologies/2018/7/untitled-ontology-17#Ringette	Ringette	Class
http://www.semanticweb.org/hyk038/ontologies/2018/7/untitled-ontology-17#Rock_climbing	Rock_Climbing	Class
http://www.semanticweb.org/hyk038/ontologies/2018/7/untitled-ontology-17#Runnig_errand	Runnig_Errand	Class
http://www.semanticweb.org/hyk038/ontologies/2018/7/untitled-ontology-17#Running	Running	Class
http://www.semanticweb.org/hyk038/ontologies/2018/7/untitled-ontology-17#Sawing_wood	Sawing_Wood	Class
http://www.semanticweb.org/hyk038/ontologies/2018/7/untitled-ontology-17#Scrubbing_floor	Scrubbing_Floor	Class
http://www.semanticweb.org/hyk038/ontologies/2018/7/untitled-ontology-17#Scrubbing_wall	Scrubbing_Wall	Class
http://www.semanticweb.org/hyk038/ontologies/2018/7/untitled-ontology-17#Serving_food	Serving_Food	Class
http://www.semanticweb.org/hyk038/ontologies/2018/7/untitled-ontology-17#Setting_table	Setting_Table	Class
http://www.semanticweb.org/hyk038/ontologies/2018/7/untitled-ontology-17#Sewing	Sewing	Class
http://www.semanticweb.org/hyk038/ontologies/2018/7/untitled-ontology-17#Shooting_baskets	Shooting_Baskets	Class
http://www.semanticweb.org/hyk038/ontologies/2018/7/untitled-ontology-17#Shooting_pool	Shooting_Pool	Class
http://www.semanticweb.org/hyk038/ontologies/2018/7/untitled-ontology-17#Shopping	Shopping	Class
http://www.semanticweb.org/hyk038/ontologies/2018/7/untitled-ontology-17#Shoveling	Shoveling	Class
http://www.semanticweb.org/hyk038/ontologies/2018/7/untitled-ontology-17#Shuffleboarding	Shuffleboarding	Class
http://www.semanticweb.org/hyk038/ontologies/2018/7/untitled-ontology-17#Sit_up	Sit_Up	Class
http://www.semanticweb.org/hyk038/ontologies/2018/7/untitled-ontology-17#Skate	Skate	Class
http://www.semanticweb.org/hyk038/ontologies/2018/7/untitled-ontology-17#Skateboarding	Skateboarding	Class
http://www.semanticweb.org/hyk038/ontologies/2018/7/untitled-ontology-17#Ski	Ski	Class
http://www.semanticweb.org/hyk038/ontologies/2018/7/untitled-ontology-17#Slow	Slow	Class
http://www.semanticweb.org/hyk038/ontologies/2018/7/untitled-ontology-17#Snow	Snow	Class
http://www.semanticweb.org/hyk038/ontologies/2018/7/untitled-ontology-17#Snowboard	Snowboard	Class
http://www.semanticweb.org/hyk038/ontologies/2018/7/untitled-ontology-17#Soccer	Soccer	Class
http://www.semanticweb.org/hyk038/ontologies/2018/7/untitled-ontology-17#Social_dance	Social_Dance	Class
http://www.semanticweb.org/hyk038/ontologies/2018/7/untitled-ontology-17#Softball	Softball	Class
http://www.semanticweb.org/hyk038/ontologies/2018/7/untitled-ontology-17#Spading_soil	Spading_Soil	Class
http://www.semanticweb.org/hyk038/ontologies/2018/7/untitled-ontology-17#Speed	Speed	Class
http://www.semanticweb.org/hyk038/ontologies/2018/7/untitled-ontology-17#Sprinting	Sprinting	Class
http://www.semanticweb.org/hyk038/ontologies/2018/7/untitled-ontology-17#Squash	Squash	Class
http://www.semanticweb.org/hyk038/ontologies/2018/7/untitled-ontology-17#Stair_climber	Stair_Climber	Class
http://www.semanticweb.org/hyk038/ontologies/2018/7/untitled-ontology-17#Stair_climbing	Stair_Climbing	Class
http://www.semanticweb.org/hyk038/ontologies/2018/7/untitled-ontology-17#Stationary_cycle	Stationary_Cycle	Class
http://www.semanticweb.org/hyk038/ontologies/2018/7/untitled-ontology-17#Stationary_cycling	Stationary_Cycling	Class
http://www.semanticweb.org/hyk038/ontologies/2018/7/untitled-ontology-17#Street_hockey	Street_Hockey	Class
http://www.semanticweb.org/hyk038/ontologies/2018/7/untitled-ontology-17#Strength_exercise	Strength_Exercise	Class
http://www.semanticweb.org/hyk038/ontologies/2018/7/untitled-ontology-17#Stretch_muscle	Stretch_Muscle	Class
http://www.semanticweb.org/hyk038/ontologies/2018/7/untitled-ontology-17#Stretching	Stretching	Class
http://www.semanticweb.org/hyk038/ontologies/2018/7/untitled-ontology-17#Strolling	Strolling	Class
http://www.semanticweb.org/hyk038/ontologies/2018/7/untitled-ontology-17#Sufficient_activity	Sufficient_Activity	Class
http://www.semanticweb.org/hyk038/ontologies/2018/7/untitled-ontology-17#Surfing	Surfing	Class
http://www.semanticweb.org/hyk038/ontologies/2018/7/untitled-ontology-17#Sweeping	Sweeping	Class
http://www.semanticweb.org/hyk038/ontologies/2018/7/untitled-ontology-17#Swimming	Swimming	Class
http://www.semanticweb.org/hyk038/ontologies/2018/7/untitled-ontology-17#Tae_kwon_do	Tae_Kwon_Do	Class
http://www.semanticweb.org/hyk038/ontologies/2018/7/untitled-ontology-17#Taebo	Taebo	Class
http://www.semanticweb.org/hyk038/ontologies/2018/7/untitled-ontology-17#Tai_chi	Tai_Chi	Class
http://www.semanticweb.org/hyk038/ontologies/2018/7/untitled-ontology-17#Temporal_unit	Temporal_Unit	Class
http://www.semanticweb.org/hyk038/ontologies/2018/7/untitled-ontology-17#Tennis	Tennis	Class
http://www.semanticweb.org/hyk038/ontologies/2018/7/untitled-ontology-17#Tennis_for_2_hours_everyday_until_panting_and_sweating_a_lot		Tennis
http://www.semanticweb.org/hyk038/ontologies/2018/7/untitled-ontology-17#Tidying	Tidying	Class
http://www.semanticweb.org/hyk038/ontologies/2018/7/untitled-ontology-17#Track_and_field	Track_and_Field	Class
http://www.semanticweb.org/hyk038/ontologies/2018/7/untitled-ontology-17#Treadmill	Treadmill	Class
http://www.semanticweb.org/hyk038/ontologies/2018/7/untitled-ontology-17#Treadmill_running	Treadmill_Running	Class
http://www.semanticweb.org/hyk038/ontologies/2018/7/untitled-ontology-17#Triathalon	Triathalon	Class
http://www.semanticweb.org/hyk038/ontologies/2018/7/untitled-ontology-17#Unit_of_measure	Unit_of_Measure	Class
http://www.semanticweb.org/hyk038/ontologies/2018/7/untitled-ontology-17#Up_stair_climing	Up_Stair_Climing	Class
http://www.semanticweb.org/hyk038/ontologies/2018/7/untitled-ontology-17#Vacuuming	Vacuuming	Class
http://www.semanticweb.org/hyk038/ontologies/2018/7/untitled-ontology-17#Vigorous	Vigorous	Class
http://www.semanticweb.org/hyk038/ontologies/2018/7/untitled-ontology-17#Volleyball	Volleyball	Class
http://www.semanticweb.org/hyk038/ontologies/2018/7/untitled-ontology-17#Walking	Walking	Class
http://www.semanticweb.org/hyk038/ontologies/2018/7/untitled-ontology-17#Wall_climbing	Wall_Climbing	Class
http://www.semanticweb.org/hyk038/ontologies/2018/7/untitled-ontology-17#Wallpapering	Wallpapering	Class
http://www.semanticweb.org/hyk038/ontologies/2018/7/untitled-ontology-17#Washing	Washing	Class
http://www.semanticweb.org/hyk038/ontologies/2018/7/untitled-ontology-17#Washing_car	Washing_Car	Class
http://www.semanticweb.org/hyk038/ontologies/2018/7/untitled-ontology-17#Washing_dish	Washing_Dish	Class
http://www.semanticweb.org/hyk038/ontologies/2018/7/untitled-ontology-17#Washing_walls	Washing_Walls	Class
http://www.semanticweb.org/hyk038/ontologies/2018/7/untitled-ontology-17#Washing_windows	Washing_Windows	Class
http://www.semanticweb.org/hyk038/ontologies/2018/7/untitled-ontology-17#Water	Water	Class
http://www.semanticweb.org/hyk038/ontologies/2018/7/untitled-ontology-17#Water_sport	Water_Sport	Class
http://www.semanticweb.org/hyk038/ontologies/2018/7/untitled-ontology-17#Watering_plant	Watering_Plant	Class
http://www.semanticweb.org/hyk038/ontologies/2018/7/untitled-ontology-17#Weeding	Weeding	Class
http://www.semanticweb.org/hyk038/ontologies/2018/7/untitled-ontology-17#Week	Week	Class
http://www.semanticweb.org/hyk038/ontologies/2018/7/untitled-ontology-17#Weight_machine	Weight_Machine	Class
http://www.semanticweb.org/hyk038/ontologies/2018/7/untitled-ontology-17#Weightlifting	Weightlifting	Class
http://www.semanticweb.org/hyk038/ontologies/2018/7/untitled-ontology-17#Winter_sport	Winter_Sport	Class
http://www.semanticweb.org/hyk038/ontologies/2018/7/untitled-ontology-17#Wrestling	Wrestling	Class
http://www.semanticweb.org/hyk038/ontologies/2018/7/untitled-ontology-17#Yard_work	Yard_Work	Class
http://www.semanticweb.org/hyk038/ontologies/2018/7/untitled-ontology-17#Year	Year	Class
http://www.semanticweb.org/hyk038/ontologies/2018/7/untitled-ontology-17#Yoga	Yoga	Class
http://www.semanticweb.org/hyk038/ontologies/2018/7/untitled-ontology-17#Zumba	Zumba	Class
http://www.semanticweb.org/hyk038/ontologies/2018/7/untitled-ontology-17#cause_large_increase_in_breathing		Vigorous
http://www.semanticweb.org/hyk038/ontologies/2018/7/untitled-ontology-17#cause_large_increase_in_heart_rate		Vigorous
http://www.semanticweb.org/hyk038/ontologies/2018/7/untitled-ontology-17#cause_small_increase_in_breathing		Moderate
http://www.semanticweb.org/hyk038/ontologies/2018/7/untitled-ontology-17#hard		Vigorous
http://www.semanticweb.org/hyk038/ontologies/2018/7/untitled-ontology-17#heavy		Vigorous
http://www.semanticweb.org/hyk038/ontologies/2018/7/untitled-ontology-17#high_impact		Vigorous
http://www.semanticweb.org/hyk038/ontologies/2018/7/untitled-ontology-17#high_intensity_interval_training_for_1_hour_twice_per_week		High_Intensity_Interval_Training
http://www.semanticweb.org/hyk038/ontologies/2018/7/untitled-ontology-17#lab_swimming_for_45_minutes_for_3_days_per_week_until_breathe_harder_than_normal		Lab_Swimming
http://www.semanticweb.org/hyk038/ontologies/2018/7/untitled-ontology-17#make_you_breathe_harder_than_normal		Moderate
http://www.semanticweb.org/hyk038/ontologies/2018/7/untitled-ontology-17#make_you_puff_or_pant		Vigorous
http://www.semanticweb.org/hyk038/ontologies/2018/7/untitled-ontology-17#make_you_sweat_a_lot		Vigorous
http://www.semanticweb.org/hyk038/ontologies/2018/7/untitled-ontology-17#moderate		Moderate
http://www.semanticweb.org/hyk038/ontologies/2018/7/untitled-ontology-17#moderate_basketball_for_30_minutes_once_a_week		Basketball
http://www.semanticweb.org/hyk038/ontologies/2018/7/untitled-ontology-17#moderate_intensity_cycling_for_45_minutes_2_times_per_week		Cycling
http://www.semanticweb.org/hyk038/ontologies/2018/7/untitled-ontology-17#past_6_months		Observation_Period
http://www.semanticweb.org/hyk038/ontologies/2018/7/untitled-ontology-17#past_month		Observation_Period
http://www.semanticweb.org/hyk038/ontologies/2018/7/untitled-ontology-17#past_week		Observation_Period
http://www.semanticweb.org/hyk038/ontologies/2018/7/untitled-ontology-17#past_year		Observation_Period
http://www.semanticweb.org/hyk038/ontologies/2018/7/untitled-ontology-17#play_competitive_tennis_3_times_a_week_for_1_hour		Tennis
http://www.semanticweb.org/hyk038/ontologies/2018/7/untitled-ontology-17#repeat_enough_to_make_muscle_tire		Named individual
http://www.semanticweb.org/hyk038/ontologies/2018/7/untitled-ontology-17#repeat_not_enough_to_make_muscle_tire		Named individual
http://www.semanticweb.org/hyk038/ontologies/2018/7/untitled-ontology-17#running_for_120_min_everyday_until_puffing_and_panting		Treadmill_Running
http://www.semanticweb.org/hyk038/ontologies/2018/7/untitled-ontology-17#running_for_15_minutes_once_per_week_until_out_of_breath		Running
http://www.semanticweb.org/hyk038/ontologies/2018/7/untitled-ontology-17#running_for_15_to_20_min_for_3_days_per_week_until_reach_two_miles		Treadmill_Running
http://www.semanticweb.org/hyk038/ontologies/2018/7/untitled-ontology-17#running_for_30_minutes_twice_a_week_with_moderate_intensity		Running
http://www.semanticweb.org/hyk038/ontologies/2018/7/untitled-ontology-17#stair_climber_for_20_minutes_3_times_per_week_moderate_activity		Up_Stair_Climing
http://www.semanticweb.org/hyk038/ontologies/2018/7/untitled-ontology-17#stationary_cycling_for_10_minutes_for_2_days_per_week		Stationary_Cycling
http://www.semanticweb.org/hyk038/ontologies/2018/7/untitled-ontology-17#strenuous		Vigorous
http://www.semanticweb.org/hyk038/ontologies/2018/7/untitled-ontology-17#stroll_for_an_hour_5_days_a_week_until_breathing_harder_than_normal		Strolling
http://www.semanticweb.org/hyk038/ontologies/2018/7/untitled-ontology-17#swimming_for_30_minutes_3_times_per_week_with_moderate_intensity		Lab_Swimming
http://www.semanticweb.org/hyk038/ontologies/2018/7/untitled-ontology-17#take_a_walk_for_30_minutes_every_day		Strolling
http://www.semanticweb.org/hyk038/ontologies/2018/7/untitled-ontology-17#vigorous_aerobic_activity_and_weight_lifting_for_1_hour_every_day		Zumba
http://www.semanticweb.org/hyk038/ontologies/2018/7/untitled-ontology-17#vigorous_gym_activity_for_2_to_3_hours_6_times_per_week		Exercise_Leisure_Activity
http://www.semanticweb.org/hyk038/ontologies/2018/7/untitled-ontology-17#walking_for_1_hour_once_a_week		Walking
https://github.com/Tao-AI-group/BSO_AD#00000	Demographic	Class
https://github.com/Tao-AI-group/BSO_AD#00001	Age	Class
https://github.com/Tao-AI-group/BSO_AD#00002	Country_of_Origin	Class
https://github.com/Tao-AI-group/BSO_AD#00003	Location_Born	Class
https://github.com/Tao-AI-group/BSO_AD#00004	Location_Raised	Class
https://github.com/Tao-AI-group/BSO_AD#00005	Ethnicity	Class
https://github.com/Tao-AI-group/BSO_AD#00006	Hispanic	Class
https://github.com/Tao-AI-group/BSO_AD#00007	Non_Hispanic	Class
https://github.com/Tao-AI-group/BSO_AD#00008	Gender	Class
https://github.com/Tao-AI-group/BSO_AD#00009	Biological_Sex	Class
https://github.com/Tao-AI-group/BSO_AD#00010	Female	Class
https://github.com/Tao-AI-group/BSO_AD#00011	Female_Homosexuality	Class
https://github.com/Tao-AI-group/BSO_AD#00012	Intersex	Class
https://github.com/Tao-AI-group/BSO_AD#00013	Male	Class
https://github.com/Tao-AI-group/BSO_AD#00014	Male_Homosexuality	Class
https://github.com/Tao-AI-group/BSO_AD#00015	Gender_Identity	Class
https://github.com/Tao-AI-group/BSO_AD#00016	Agender	Class
https://github.com/Tao-AI-group/BSO_AD#00017	Cisgender	Class
https://github.com/Tao-AI-group/BSO_AD#00018	Non_Binary_Gender	Class
https://github.com/Tao-AI-group/BSO_AD#00019	Transgender	Class
https://github.com/Tao-AI-group/BSO_AD#00020	Marital_Status	Class
https://github.com/Tao-AI-group/BSO_AD#00021	Divorced	Class
https://github.com/Tao-AI-group/BSO_AD#00022	Domestic_Partnership	Class
https://github.com/Tao-AI-group/BSO_AD#00023	Married	Class
https://github.com/Tao-AI-group/BSO_AD#00024	Never_Married	Class
https://github.com/Tao-AI-group/BSO_AD#00025	Separated	Class
https://github.com/Tao-AI-group/BSO_AD#00026	Widowed	Class
https://github.com/Tao-AI-group/BSO_AD#00027	Race	Class
https://github.com/Tao-AI-group/BSO_AD#00028	Asian	Class
https://github.com/Tao-AI-group/BSO_AD#00029	Black_or_African_American	Class
https://github.com/Tao-AI-group/BSO_AD#00030	Multi_Racial	Class
https://github.com/Tao-AI-group/BSO_AD#00031	Native_American	Class
https://github.com/Tao-AI-group/BSO_AD#00032	Pacific_Islander	Class
https://github.com/Tao-AI-group/BSO_AD#00033	Spanish_or_Latino_Origin	Class
https://github.com/Tao-AI-group/BSO_AD#00034	White	Class
https://github.com/Tao-AI-group/BSO_AD#00035	Element_Relevant_to_Behavior_and_Lifestyle	Class
https://github.com/Tao-AI-group/BSO_AD#00036	Behavior_Change	Class
https://github.com/Tao-AI-group/BSO_AD#00037	Behavior_Cessation	Class
https://github.com/Tao-AI-group/BSO_AD#00038	Behavior_Growth	Class
https://github.com/Tao-AI-group/BSO_AD#00039	Behavior_Reduction	Class
https://github.com/Tao-AI-group/BSO_AD#00040	Diet	Class
https://github.com/Tao-AI-group/BSO_AD#00041	High_Added_Sugar_Intake	Class
https://github.com/Tao-AI-group/BSO_AD#00042	High_Fat_Intake	Class
https://github.com/Tao-AI-group/BSO_AD#00043	High_Sodium_Intake	Class
https://github.com/Tao-AI-group/BSO_AD#00044	Inadequate_Calcium_Intake	Class
https://github.com/Tao-AI-group/BSO_AD#00045	Element_Relevant_to_Physical_Activity	Class
https://github.com/Tao-AI-group/BSO_AD#00046	Element_Relevant_to_Sexual_Behavior	Class
https://github.com/Tao-AI-group/BSO_AD#00047	Number_of_Sexual_Partner	Class
https://github.com/Tao-AI-group/BSO_AD#00048	Sex_Frequency	Class
https://github.com/Tao-AI-group/BSO_AD#00049	Sex_Partner	Class
https://github.com/Tao-AI-group/BSO_AD#00050	Sex_Safety_Practice	Class
https://github.com/Tao-AI-group/BSO_AD#00051	Condomless_Sex	Class
https://github.com/Tao-AI-group/BSO_AD#00052	Safe_Sex	Class
https://github.com/Tao-AI-group/BSO_AD#00053	Sexual_Orientation	Class
https://github.com/Tao-AI-group/BSO_AD#00054	Bisexuality	Class
https://github.com/Tao-AI-group/BSO_AD#00055	Heterosexuality	Class
https://github.com/Tao-AI-group/BSO_AD#00056	Homosexuality	Class
https://github.com/Tao-AI-group/BSO_AD#00057	Transsexualism	Class
https://github.com/Tao-AI-group/BSO_AD#00058	Sleep	Class
https://github.com/Tao-AI-group/BSO_AD#00059	Spirituality_and_Religion_Practice	Class
https://github.com/Tao-AI-group/BSO_AD#00060	Substance_Use	Class
https://github.com/Tao-AI-group/BSO_AD#00061	Alcohol_Use	Class
https://github.com/Tao-AI-group/BSO_AD#00062	Drug_Use	Class
https://github.com/Tao-AI-group/BSO_AD#00063	Cocaine_Smoking	Class
https://github.com/Tao-AI-group/BSO_AD#00064	Marijuana_Smoking	Class
https://github.com/Tao-AI-group/BSO_AD#00065	Smoking	Class
https://github.com/Tao-AI-group/BSO_AD#00066	Non_Tobacco_Products_Smoking	Class
https://github.com/Tao-AI-group/BSO_AD#00067	Pipe_Smoking	Class
https://github.com/Tao-AI-group/BSO_AD#00068	Tobacco_Smoking	Class
https://github.com/Tao-AI-group/BSO_AD#00069	Vaping	Class
https://github.com/Tao-AI-group/BSO_AD#00070	Tobacco_Use	Class
https://github.com/Tao-AI-group/BSO_AD#00071	Treatment_Adherence_and_Compliance	Class
https://github.com/Tao-AI-group/BSO_AD#00072	Element_Relevant_to_Economic_Stability	Class
https://github.com/Tao-AI-group/BSO_AD#00073	Element_Relevant_to_Employment	Class
https://github.com/Tao-AI-group/BSO_AD#00074	Employment_Status	Class
https://github.com/Tao-AI-group/BSO_AD#00075	Full_Time_Employment	Class
https://github.com/Tao-AI-group/BSO_AD#00076	Homemaker	Class
https://github.com/Tao-AI-group/BSO_AD#00077	On_Disability	Class
https://github.com/Tao-AI-group/BSO_AD#00078	Part_Time_Employment	Class
https://github.com/Tao-AI-group/BSO_AD#00079	Retired	Class
https://github.com/Tao-AI-group/BSO_AD#00080	Self_Employed	Class
https://github.com/Tao-AI-group/BSO_AD#00081	Student	Class
https://github.com/Tao-AI-group/BSO_AD#00082	Unemployed	Class
https://github.com/Tao-AI-group/BSO_AD#00083	Unemployment_Unspecified	Class
https://github.com/Tao-AI-group/BSO_AD#00084	Occupation	Class
https://github.com/Tao-AI-group/BSO_AD#00085	Management_and_Professional_and_Related_Occupation	Class
https://github.com/Tao-AI-group/BSO_AD#00086	Management_and_Business_and_Financial_Operation_Occupation	Class
https://github.com/Tao-AI-group/BSO_AD#00087	Business_and_Financial_Operation_Occupation	Class
https://github.com/Tao-AI-group/BSO_AD#00088	Management_Occupation	Class
https://github.com/Tao-AI-group/BSO_AD#00089	Professional_and_Related_Occupation	Class
https://github.com/Tao-AI-group/BSO_AD#00090	Architecture_and_Engineering_Occupation	Class
https://github.com/Tao-AI-group/BSO_AD#00091	Arts_and_Design_and_Entertainment_and_Sports_and_Media_Occupation	Class
https://github.com/Tao-AI-group/BSO_AD#00092	Community_and_Social_Service_Occupation	Class
https://github.com/Tao-AI-group/BSO_AD#00093	Computer_and_Mathematical_Occupation	Class
https://github.com/Tao-AI-group/BSO_AD#00094	Education_and_Training_and_Library_Occupation	Class
https://github.com/Tao-AI-group/BSO_AD#00095	Healthcare_Practitioner_and_Technical_Occupation	Class
https://github.com/Tao-AI-group/BSO_AD#00096	Legal_Occupation	Class
https://github.com/Tao-AI-group/BSO_AD#00097	Life_and_Physical_and_Social_Science_Occupation	Class
https://github.com/Tao-AI-group/BSO_AD#00098	Natural_Resource_and_Construction_and_Maintenance_Occupation	Class
https://github.com/Tao-AI-group/BSO_AD#00099	Construction_and_Extraction_Occupation	Class
https://github.com/Tao-AI-group/BSO_AD#00100	Farming_and_Fishing_and_Forestry_Occupation	Class
https://github.com/Tao-AI-group/BSO_AD#00101	Installation_Maintenance_and_Repair_Occupation	Class
https://github.com/Tao-AI-group/BSO_AD#00102	Production_and_Transportation_and_Material_Moving_Occupation	Class
https://github.com/Tao-AI-group/BSO_AD#00103	Military_Specific_Occupation	Class
https://github.com/Tao-AI-group/BSO_AD#00104	Production_Occupation	Class
https://github.com/Tao-AI-group/BSO_AD#00105	Transportation_and_Material_Moving_Occupation	Class
https://github.com/Tao-AI-group/BSO_AD#00106	Sales_and_Office_Occupation	Class
https://github.com/Tao-AI-group/BSO_AD#00107	Office_and_Administrative_Support_Occupation	Class
https://github.com/Tao-AI-group/BSO_AD#00108	Sales_and_Related_Occupation	Class
https://github.com/Tao-AI-group/BSO_AD#00109	Service_Occupation	Class
https://github.com/Tao-AI-group/BSO_AD#00110	Building_and_Ground_Cleaning_and_Maintenance_Occupation	Class
https://github.com/Tao-AI-group/BSO_AD#00111	Food_Preparation_and_Serving_Related_Occupation	Class
https://github.com/Tao-AI-group/BSO_AD#00112	Healthcare_Support_Occupation	Class
https://github.com/Tao-AI-group/BSO_AD#00113	Personal_Care_and_Service_Occupation	Class
https://github.com/Tao-AI-group/BSO_AD#00114	Protective_Service_Occupation	Class
https://github.com/Tao-AI-group/BSO_AD#00115	Vocational_History	Class
https://github.com/Tao-AI-group/BSO_AD#00116	Veteran	Class
https://github.com/Tao-AI-group/BSO_AD#00117	Work_Related_Challenge	Class
https://github.com/Tao-AI-group/BSO_AD#00118	Change_of_Job	Class
https://github.com/Tao-AI-group/BSO_AD#00119	Threat_of_Job_Loss	Class
https://github.com/Tao-AI-group/BSO_AD#00120	Stressful_Work_Schedule	Class
https://github.com/Tao-AI-group/BSO_AD#00121	Discord_with_Boss_and_Workmate	Class
https://github.com/Tao-AI-group/BSO_AD#00122	Uncongenial_Work_Environment	Class
https://github.com/Tao-AI-group/BSO_AD#00123	Other_Physical_and_Mental_Strain_Related_to_Work	Class
https://github.com/Tao-AI-group/BSO_AD#00124	Other_Problem_Related_to_Employment_(category_Code)	Class
https://github.com/Tao-AI-group/BSO_AD#00125	Sexual_Harassment_on_the_Job	Class
https://github.com/Tao-AI-group/BSO_AD#00126	Other_Problem_Related_to_Employment	Class
https://github.com/Tao-AI-group/BSO_AD#00127	Unspecified_Problem_Related_to_Employment	Class
https://github.com/Tao-AI-group/BSO_AD#00128	Element_Relevant_to_Expense	Class
https://github.com/Tao-AI-group/BSO_AD#00129	Child_Care_Cost	Class
https://github.com/Tao-AI-group/BSO_AD#00130	Clothing_Cost	Class
https://github.com/Tao-AI-group/BSO_AD#00131	Food_Cost	Class
https://github.com/Tao-AI-group/BSO_AD#00132	Housing_Cost	Class
https://github.com/Tao-AI-group/BSO_AD#00133	Utility_Cost	Class
https://github.com/Tao-AI-group/BSO_AD#00134	Insurance_Cost	Class
https://github.com/Tao-AI-group/BSO_AD#00135	Medical_Expense	Class
https://github.com/Tao-AI-group/BSO_AD#00136	Phone_Cost	Class
https://github.com/Tao-AI-group/BSO_AD#00137	Travel_Expense	Class
https://github.com/Tao-AI-group/BSO_AD#00138	Element_Relevant_to_Income	Class
https://github.com/Tao-AI-group/BSO_AD#00139	Annual_Family_Income	Class
https://github.com/Tao-AI-group/BSO_AD#00140	Low_Income	Class
https://github.com/Tao-AI-group/BSO_AD#00141	Poverty	Class
https://github.com/Tao-AI-group/BSO_AD#00142	Extreme_Poverty	Class
https://github.com/Tao-AI-group/BSO_AD#00143	Financial_Stress	Class
https://github.com/Tao-AI-group/BSO_AD#00144	Debt	Class
https://github.com/Tao-AI-group/BSO_AD#00145	Financial_Insecurity	Class
https://github.com/Tao-AI-group/BSO_AD#00146	Housing_Instability	Class
https://github.com/Tao-AI-group/BSO_AD#00147	Job_Insecurity	Class
https://github.com/Tao-AI-group/BSO_AD#00148	Lack_of_Transportation_for_Daily_Living	Class
https://github.com/Tao-AI-group/BSO_AD#00149	Health_Care_Payment_Source	Class
https://github.com/Tao-AI-group/BSO_AD#00150	Charity	Class
https://github.com/Tao-AI-group/BSO_AD#00151	Element_Relevant_to_Insurance	Class
https://github.com/Tao-AI-group/BSO_AD#00152	Health_Insurance_Coverage	Class
https://github.com/Tao-AI-group/BSO_AD#00153	Insufficient_Health_Insurance_Coverage	Class
https://github.com/Tao-AI-group/BSO_AD#00154	Type_of_Insurance	Class
https://github.com/Tao-AI-group/BSO_AD#00155	Private_Insurance	Class
https://github.com/Tao-AI-group/BSO_AD#00156	Public_Insurance	Class
https://github.com/Tao-AI-group/BSO_AD#00157	Federal_Assistance	Class
https://github.com/Tao-AI-group/BSO_AD#00158	Children's_Health_Insurance_Program	Class
https://github.com/Tao-AI-group/BSO_AD#00159	Medicaid	Class
https://github.com/Tao-AI-group/BSO_AD#00160	Medicare	Class
https://github.com/Tao-AI-group/BSO_AD#00161	Out_of_Pocket	Class
https://github.com/Tao-AI-group/BSO_AD#00162	Socioeconomic_Status	Class
https://github.com/Tao-AI-group/BSO_AD#00163	Wealth	Class
https://github.com/Tao-AI-group/BSO_AD#00164	Money_and_Resource	Class
https://github.com/Tao-AI-group/BSO_AD#00165	Problem_Related_to_Housing_and_Economic_Circumstance	Class
https://github.com/Tao-AI-group/BSO_AD#00166	Discord_with_Neighbor_Lodger_and_Landlord	Class
https://github.com/Tao-AI-group/BSO_AD#00167	Problem_Related_to_Living_in_Residential_Institution	Class
https://github.com/Tao-AI-group/BSO_AD#00168	Other_Problem_Related_to_Housing_and_Economic_Circumstance_(category_Code)	Class
https://github.com/Tao-AI-group/BSO_AD#00169	Other_Problem_Related_to_Housing_and_Economic_Circumstance	Class
https://github.com/Tao-AI-group/BSO_AD#00170	Problem_Related_to__Housing_and_Economic_Circumstance_Unspecified	Class
https://github.com/Tao-AI-group/BSO_AD#00171	Element_Relevant_to_Education_and_Literacy	Class
https://github.com/Tao-AI-group/BSO_AD#00172	Access_to_Education	Class
https://github.com/Tao-AI-group/BSO_AD#00173	Schooling_Unavailable_and_Unattainable	Class
https://github.com/Tao-AI-group/BSO_AD#00174	Early_Childhood_Education	Class
https://github.com/Tao-AI-group/BSO_AD#00175	Education_Level	Class
https://github.com/Tao-AI-group/BSO_AD#00176	Elementary_School_Completed	Class
https://github.com/Tao-AI-group/BSO_AD#00177	High_School_Graduation	Class
https://github.com/Tao-AI-group/BSO_AD#00178	Higher_Education	Class
https://github.com/Tao-AI-group/BSO_AD#00179	Associate_Degree	Class
https://github.com/Tao-AI-group/BSO_AD#00180	Bachelor's_Degree	Class
https://github.com/Tao-AI-group/BSO_AD#00181	College_Completed	Class
https://github.com/Tao-AI-group/BSO_AD#00182	Master's_Degree	Class
https://github.com/Tao-AI-group/BSO_AD#00183	Phd_Degree	Class
https://github.com/Tao-AI-group/BSO_AD#00184	Middle_School_Completed	Class
https://github.com/Tao-AI-group/BSO_AD#00185	No_Formal_Education	Class
https://github.com/Tao-AI-group/BSO_AD#00186	Vocational_Training	Class
https://github.com/Tao-AI-group/BSO_AD#00187	Less_Than_a_High_School_Diploma	Class
https://github.com/Tao-AI-group/BSO_AD#00188	Education_Quality	Class
https://github.com/Tao-AI-group/BSO_AD#00189	Literacy	Class
https://github.com/Tao-AI-group/BSO_AD#00190	Element_Relevant_to_Health_Literacy	Class
https://github.com/Tao-AI-group/BSO_AD#00191	Health_Care_Translator_Service	Class
https://github.com/Tao-AI-group/BSO_AD#00192	Health_Discussion_Engagement	Class
https://github.com/Tao-AI-group/BSO_AD#00193	Health_Numeracy	Class
https://github.com/Tao-AI-group/BSO_AD#00194	Language_Proficiency	Class
https://github.com/Tao-AI-group/BSO_AD#00195	English_Proficiency	Class
https://github.com/Tao-AI-group/BSO_AD#00196	Illiteracy_and_Low_Level_Literacy	Class
https://github.com/Tao-AI-group/BSO_AD#00197	Problem_Related_to_Health_Literacy	Class
https://github.com/Tao-AI-group/BSO_AD#00198	Years_of_Education	Class
https://github.com/Tao-AI-group/BSO_AD#00199	Problem_Related_to_Education_and_Literacy	Class
https://github.com/Tao-AI-group/BSO_AD#00200	Failed_School_Examination	Class
https://github.com/Tao-AI-group/BSO_AD#00201	Underachievement_in_School	Class
https://github.com/Tao-AI-group/BSO_AD#00202	Educational_Maladjustment_and_Discord_with_Teachers_and_Classmates	Class
https://github.com/Tao-AI-group/BSO_AD#00203	Other_Problem_Related_to_Education_and_Literacy	Class
https://github.com/Tao-AI-group/BSO_AD#00204	Problem_Related_to_Education_and_Literacy_Unspecified	Class
https://github.com/Tao-AI-group/BSO_AD#00205	Element_Relevant_to_Food	Class
https://github.com/Tao-AI-group/BSO_AD#00206	Access_to_Healthy_and_Nutritious_Option	Class
https://github.com/Tao-AI-group/BSO_AD#00207	Food_Insecurity	Class
https://github.com/Tao-AI-group/BSO_AD#00208	Lack_of_Adequate_Food	Class
https://github.com/Tao-AI-group/BSO_AD#00209	Other_Specified_Lack_of_Adequate_Food	Class
https://github.com/Tao-AI-group/BSO_AD#00210	Element_Relevant_to_Health_Care	Class
https://github.com/Tao-AI-group/BSO_AD#00211	Element_Relevant_to_Health_Access	Class
https://github.com/Tao-AI-group/BSO_AD#00212	Access_to_Health_Service	Class
https://github.com/Tao-AI-group/BSO_AD#00213	Access_to_Health_Technology	Class
https://github.com/Tao-AI-group/BSO_AD#00214	Erratic_Healthcare	Class
https://github.com/Tao-AI-group/BSO_AD#00215	Maintaining_Care	Class
https://github.com/Tao-AI-group/BSO_AD#00216	Transportation	Class
https://github.com/Tao-AI-group/BSO_AD#00217	Element_Relevant_to_Quality_of_Care	Class
https://github.com/Tao-AI-group/BSO_AD#00218	Disparate_Health_Care_Quality	Class
https://github.com/Tao-AI-group/BSO_AD#00219	Person_Centered_Primary_Care_Measure	Class
https://github.com/Tao-AI-group/BSO_AD#00220	Result_of_Healthcare	Class
https://github.com/Tao-AI-group/BSO_AD#00221	Satisfaction_of_Treatment	Class
https://github.com/Tao-AI-group/BSO_AD#00222	Element_Relevant_to_Treatment_and_Medication	Class
https://github.com/Tao-AI-group/BSO_AD#00223	Healthcare_Visit	Class
https://github.com/Tao-AI-group/BSO_AD#00224	Emergency_Department_Visit	Class
https://github.com/Tao-AI-group/BSO_AD#00225	Hospitalization	Class
https://github.com/Tao-AI-group/BSO_AD#00226	Past_Year_Number_of_Visit	Class
https://github.com/Tao-AI-group/BSO_AD#00227	Element_Relevant_to_Neighborhood	Class
https://github.com/Tao-AI-group/BSO_AD#00228	Element_Relevant_to_Geographic_Location	Class
https://github.com/Tao-AI-group/BSO_AD#00229	Address	Class
https://github.com/Tao-AI-group/BSO_AD#00230	Concentrated_Poverty	Class
https://github.com/Tao-AI-group/BSO_AD#00231	Criminality	Class
https://github.com/Tao-AI-group/BSO_AD#00232	Food_Swamp	Class
https://github.com/Tao-AI-group/BSO_AD#00233	Land_Use_Pattern	Class
https://github.com/Tao-AI-group/BSO_AD#00234	Neighborhood_Concentrated_Disadvantage	Class
https://github.com/Tao-AI-group/BSO_AD#00235	Number_of_Shops_in_Walking_Distance	Class
https://github.com/Tao-AI-group/BSO_AD#00236	Support_Healthy_Eating_Pattern_Access	Class
https://github.com/Tao-AI-group/BSO_AD#00237	Zip_Code_and_Geography	Class
https://github.com/Tao-AI-group/BSO_AD#00238	Element_Relevant_to_Physical_Environment	Class
https://github.com/Tao-AI-group/BSO_AD#00239	Americans_with_Disabilities_Act_(ada)_Compliance_Construction	Class
https://github.com/Tao-AI-group/BSO_AD#00240	Element_Relevant_to_Air_Quality	Class
https://github.com/Tao-AI-group/BSO_AD#00241	Environment_Aesthetic	Class
https://github.com/Tao-AI-group/BSO_AD#00242	Exposure_to_Carcinogen_and_Pathogen	Class
https://github.com/Tao-AI-group/BSO_AD#00243	Occupational_Exposure_to_Risk_Factor	Class
https://github.com/Tao-AI-group/BSO_AD#00244	Occupational_Exposure_to_Noise	Class
https://github.com/Tao-AI-group/BSO_AD#00245	Occupational_Exposure_to_Radiation	Class
https://github.com/Tao-AI-group/BSO_AD#00246	Occupational_Exposure_to_Dust	Class
https://github.com/Tao-AI-group/BSO_AD#00247	Occupational_Exposure_to_Other_Air_Contaminant_(category_Code)	Class
https://github.com/Tao-AI-group/BSO_AD#00248	Occupational_Exposure_to_Environmental_Tobacco_Smoke	Class
https://github.com/Tao-AI-group/BSO_AD#00249	Occupational_Exposure_to_Other_Air_Contaminant	Class
https://github.com/Tao-AI-group/BSO_AD#00250	Occupational_Exposure_to_Toxic_Agent_in_Agriculture	Class
https://github.com/Tao-AI-group/BSO_AD#00251	Occupational_Exposure_to_Toxic_Agent_in_Other_Industry	Class
https://github.com/Tao-AI-group/BSO_AD#00252	Occupational_Exposure_to_Extreme_Temperature	Class
https://github.com/Tao-AI-group/BSO_AD#00253	Occupational_Exposure_to_Vibration	Class
https://github.com/Tao-AI-group/BSO_AD#00254	Occupational_Exposure_to_Other_Risk_Factor	Class
https://github.com/Tao-AI-group/BSO_AD#00255	Occupational_Exposure_to_Unspecified_Risk_Factor	Class
https://github.com/Tao-AI-group/BSO_AD#00256	Green_Space	Class
https://github.com/Tao-AI-group/BSO_AD#00257	Living_Status	Class
https://github.com/Tao-AI-group/BSO_AD#00258	Homeless	Class
https://github.com/Tao-AI-group/BSO_AD#00259	Homelessness_Unspecified	Class
https://github.com/Tao-AI-group/BSO_AD#00260	Sheltered_Homelessness	Class
https://github.com/Tao-AI-group/BSO_AD#00261	Unsheltered_Homelessness	Class
https://github.com/Tao-AI-group/BSO_AD#00262	Lives_Alone	Class
https://github.com/Tao-AI-group/BSO_AD#00263	Problem_Related_to_Living_Alone	Class
https://github.com/Tao-AI-group/BSO_AD#00264	Lives_in_Apartment/dormitory	Class
https://github.com/Tao-AI-group/BSO_AD#00265	Lives_in_Hospital	Class
https://github.com/Tao-AI-group/BSO_AD#00266	Lives_in_Hotel	Class
https://github.com/Tao-AI-group/BSO_AD#00267	Lives_in_Nursing_Home	Class
https://github.com/Tao-AI-group/BSO_AD#00268	Lives_in_Own_Home	Class
https://github.com/Tao-AI-group/BSO_AD#00269	Lives_with_Person	Class
https://github.com/Tao-AI-group/BSO_AD#00270	Lives_with_Child	Class
https://github.com/Tao-AI-group/BSO_AD#00271	Lives_with_Daughter	Class
https://github.com/Tao-AI-group/BSO_AD#00272	Lives_with_Son	Class
https://github.com/Tao-AI-group/BSO_AD#00273	Lives_with_Family	Class
https://github.com/Tao-AI-group/BSO_AD#00274	Lives_with_Friend	Class
https://github.com/Tao-AI-group/BSO_AD#00275	Lives_with_Parent	Class
https://github.com/Tao-AI-group/BSO_AD#00276	Lives_with_Father	Class
https://github.com/Tao-AI-group/BSO_AD#00277	Lives_with_Mother	Class
https://github.com/Tao-AI-group/BSO_AD#00278	Lives_with_Sibling	Class
https://github.com/Tao-AI-group/BSO_AD#00279	Lives_with_Brother	Class
https://github.com/Tao-AI-group/BSO_AD#00280	Lives_with_Sister	Class
https://github.com/Tao-AI-group/BSO_AD#00281	Lives_with_Spouse	Class
https://github.com/Tao-AI-group/BSO_AD#00282	Recreational_and_Leisure_Opportunity	Class
https://github.com/Tao-AI-group/BSO_AD#00283	Park	Class
https://github.com/Tao-AI-group/BSO_AD#00284	Playground	Class
https://github.com/Tao-AI-group/BSO_AD#00285	Walkability	Class
https://github.com/Tao-AI-group/BSO_AD#00286	Water_Quality	Class
https://github.com/Tao-AI-group/BSO_AD#00287	Water_Supply	Class
https://github.com/Tao-AI-group/BSO_AD#00288	Inadequate_Drinking_Water_Supply	Class
https://github.com/Tao-AI-group/BSO_AD#00289	Weather	Class
https://github.com/Tao-AI-group/BSO_AD#00290	Problem_Related_to_Physical_Environment	Class
https://github.com/Tao-AI-group/BSO_AD#00291	Other_Problem_Related_to_Physical_Environment_(category_Code)	Class
https://github.com/Tao-AI-group/BSO_AD#00292	Basic_Service_Unavailable_in_Physical_Environment	Class
https://github.com/Tao-AI-group/BSO_AD#00293	Other_Problem_Related_to_Physical_Environment	Class
https://github.com/Tao-AI-group/BSO_AD#00294	Element_Relevant_to_Socio_Environmental_Neighborhood	Class
https://github.com/Tao-AI-group/BSO_AD#00295	Environmental_Justice	Class
https://github.com/Tao-AI-group/BSO_AD#00296	Element_Relevant_to_Social_and_Community_Context	Class
https://github.com/Tao-AI-group/BSO_AD#00297	Community_Engagement	Class
https://github.com/Tao-AI-group/BSO_AD#00298	Civic_Participation	Class
https://github.com/Tao-AI-group/BSO_AD#00299	Culture	Class
https://github.com/Tao-AI-group/BSO_AD#00300	Incarceration	Class
https://github.com/Tao-AI-group/BSO_AD#00301	Conviction_in_Civil_and_Criminal_Proceeding_Without_Imprisonment	Class
https://github.com/Tao-AI-group/BSO_AD#00302	Imprisonment_and_Other_Incarceration	Class
https://github.com/Tao-AI-group/BSO_AD#00303	Problem_Related_to_Release_from_Prison	Class
https://github.com/Tao-AI-group/BSO_AD#00304	Material_Deprivation	Class
https://github.com/Tao-AI-group/BSO_AD#00305	Psychosocial_Factor	Class
https://github.com/Tao-AI-group/BSO_AD#00306	Adverse_Life_Experience	Class
https://github.com/Tao-AI-group/BSO_AD#00307	Adverse_Childhood_Experience	Class
https://github.com/Tao-AI-group/BSO_AD#00308	Problem_Related_to_Upbringing	Class
https://github.com/Tao-AI-group/BSO_AD#00309	Inadequate_Parental_Supervision_and_Control	Class
https://github.com/Tao-AI-group/BSO_AD#00310	Parental_Overprotection	Class
https://github.com/Tao-AI-group/BSO_AD#00311	Upbringing_Away_from_Parent	Class
https://github.com/Tao-AI-group/BSO_AD#00312	Child_in_Welfare_Custody	Class
https://github.com/Tao-AI-group/BSO_AD#00313	Institutional_Upbringing	Class
https://github.com/Tao-AI-group/BSO_AD#00314	Child_in_Custody_of_Non_Parental_Relative	Class
https://github.com/Tao-AI-group/BSO_AD#00315	Child_in_Custody_of_Non_Relative_Guardian	Class
https://github.com/Tao-AI-group/BSO_AD#00316	Other_Upbringing_Away_from_Parents	Class
https://github.com/Tao-AI-group/BSO_AD#00317	Hostility_Towards_and_Scapegoating_of_Child	Class
https://github.com/Tao-AI-group/BSO_AD#00318	Inappropriate_(excessive)_Parental_Pressure	Class
https://github.com/Tao-AI-group/BSO_AD#00319	Other_Specified_Problem_Related_to_Upbringing_(category_Code_1)	Class
https://github.com/Tao-AI-group/BSO_AD#00320	Personal_History_of_Abuse_in_Childhood	Class
https://github.com/Tao-AI-group/BSO_AD#00321	Personal_History_of_Physical_and_Sexual_Abuse_in_Childhood	Class
https://github.com/Tao-AI-group/BSO_AD#00322	Personal_History_of_Psychological_Abuse_in_Childhood	Class
https://github.com/Tao-AI-group/BSO_AD#00323	Personal_History_of_Neglect_in_Childhood	Class
https://github.com/Tao-AI-group/BSO_AD#00324	Personal_History_of_Forced_Labor_or_Sexual_Exploitation_in_Childhood	Class
https://github.com/Tao-AI-group/BSO_AD#00325	Personal_History_of_Child_Financial_Abuse	Class
https://github.com/Tao-AI-group/BSO_AD#00326	Personal_History_of_Intimate_Partner_Abuse_in_Childhood	Class
https://github.com/Tao-AI-group/BSO_AD#00327	Personal_History_of_Unspecified_Abuse_in_Childhood	Class
https://github.com/Tao-AI-group/BSO_AD#00328	Non_Parental_Relative_or_Guardian_Child_Conflict	Class
https://github.com/Tao-AI-group/BSO_AD#00329	Non_Parental_Relative_Child_Conflict	Class
https://github.com/Tao-AI-group/BSO_AD#00330	Non_Relative_Guardian_Child_Conflict	Class
https://github.com/Tao-AI-group/BSO_AD#00331	Group_Home_Staff_Child_Conflict	Class
https://github.com/Tao-AI-group/BSO_AD#00332	Other_Specified_Problem_Related_to_Upbringing_(category_Code_2)	Class
https://github.com/Tao-AI-group/BSO_AD#00333	Parent_Child_Estrangement_Nec	Class
https://github.com/Tao-AI-group/BSO_AD#00334	Sibling_Rivalry	Class
https://github.com/Tao-AI-group/BSO_AD#00335	Runaway_[from_Current_Living_Environment]	Class
https://github.com/Tao-AI-group/BSO_AD#00336	Other_Specified_Problem_Related_to_Upbringing	Class
https://github.com/Tao-AI-group/BSO_AD#00337	Problem_Related_to_Upbringing_Unspecified	Class
https://github.com/Tao-AI-group/BSO_AD#00338	Interpersonal_Relation	Class
https://github.com/Tao-AI-group/BSO_AD#00339	Child_Parent_Relationship	Class
https://github.com/Tao-AI-group/BSO_AD#00340	Parent_Child_Conflict	Class
https://github.com/Tao-AI-group/BSO_AD#00341	Parent_Biological_Child_Conflict	Class
https://github.com/Tao-AI-group/BSO_AD#00342	Parent_Adopted_Child_Conflict	Class
https://github.com/Tao-AI-group/BSO_AD#00343	Parent_Foster_Child_Conflict	Class
https://github.com/Tao-AI-group/BSO_AD#00344	Parent_Step_Child_Conflict	Class
https://github.com/Tao-AI-group/BSO_AD#00345	Coworker_and_Classmate_and_Roommate_Relationship	Class
https://github.com/Tao-AI-group/BSO_AD#00346	Extended_Family_Relationship	Class
https://github.com/Tao-AI-group/BSO_AD#00347	Friend_Relationship	Class
https://github.com/Tao-AI-group/BSO_AD#00348	Parent_Child_Relationship	Class
https://github.com/Tao-AI-group/BSO_AD#00349	Sibling_Relationship	Class
https://github.com/Tao-AI-group/BSO_AD#00350	Spouse_Relationship	Class
https://github.com/Tao-AI-group/BSO_AD#00351	Social_Behaviour	Class
https://github.com/Tao-AI-group/BSO_AD#00352	Stress	Class
https://github.com/Tao-AI-group/BSO_AD#00353	Material_Hardship_Due_to_Limited_Financial_Resources_Not_Elsewhere_Classified	Class
https://github.com/Tao-AI-group/BSO_AD#00354	Housed_with_Housing_Instability_Risk_of_Homelessness	Class
https://github.com/Tao-AI-group/BSO_AD#00355	Housed_with_Housing_Instability_and__Homelessness_in_Past_12_Months	Class
https://github.com/Tao-AI-group/BSO_AD#00356	Housed_with_Housing_Instability_Unspecified	Class
https://github.com/Tao-AI-group/BSO_AD#00357	Inadequate_Housing	Class
https://github.com/Tao-AI-group/BSO_AD#00358	Inadequate_Housing_Unspecified	Class
https://github.com/Tao-AI-group/BSO_AD#00359	Inadequate_Housing_Environmental_Temperature	Class
https://github.com/Tao-AI-group/BSO_AD#00360	Inadequate_Housing_Utility	Class
https://github.com/Tao-AI-group/BSO_AD#00361	Other_Inadequate_Housing	Class
https://github.com/Tao-AI-group/BSO_AD#00362	Transportation_Insecurity	Class
https://github.com/Tao-AI-group/BSO_AD#00363	Health_Stress	Class
https://github.com/Tao-AI-group/BSO_AD#00364	Work_Stress	Class
https://github.com/Tao-AI-group/BSO_AD#00365	Problem_Related_to_Certain_Psychosocial_Circumstance	Class
https://github.com/Tao-AI-group/BSO_AD#00366	Problem_Related_to_Unwanted_Pregnancy	Class
https://github.com/Tao-AI-group/BSO_AD#00367	Problem_Related_to_Multiparity	Class
https://github.com/Tao-AI-group/BSO_AD#00368	Discord_with_Counselor	Class
https://github.com/Tao-AI-group/BSO_AD#00369	Problem_Related_to_Other_Psychosocial_Circumstance	Class
https://github.com/Tao-AI-group/BSO_AD#00370	Problem_Related_to_Other_Legal_Circumstance	Class
https://github.com/Tao-AI-group/BSO_AD#00371	Victim_of_Crime_and_Terrorism	Class
https://github.com/Tao-AI-group/BSO_AD#00372	Exposure_to_Disaster_War_and_Other_Hostility	Class
https://github.com/Tao-AI-group/BSO_AD#00373	Other_Specified_Problem_Related_to_Psychosocial_Circumstance	Class
https://github.com/Tao-AI-group/BSO_AD#00374	Problem_Related_to_Unspecified_Psychosocial_Circumstance	Class
https://github.com/Tao-AI-group/BSO_AD#00375	Safety_Concern	Class
https://github.com/Tao-AI-group/BSO_AD#00376	Family_Conflict	Class
https://github.com/Tao-AI-group/BSO_AD#00377	Violence	Class
https://github.com/Tao-AI-group/BSO_AD#00378	Social_Activity	Class
https://github.com/Tao-AI-group/BSO_AD#00379	Social_Deprivation	Class
https://github.com/Tao-AI-group/BSO_AD#00380	Social_Environment	Class
https://github.com/Tao-AI-group/BSO_AD#00381	Social_Characteristic	Class
https://github.com/Tao-AI-group/BSO_AD#00382	Social_Conflict	Class
https://github.com/Tao-AI-group/BSO_AD#00383	Social_Disorder	Class
https://github.com/Tao-AI-group/BSO_AD#00384	Social_Integration	Class
https://github.com/Tao-AI-group/BSO_AD#00385	Social_Justice	Class
https://github.com/Tao-AI-group/BSO_AD#00386	Social_Vulnerability	Class
https://github.com/Tao-AI-group/BSO_AD#00387	Problem_Related_to_Social_Environment	Class
https://github.com/Tao-AI-group/BSO_AD#00388	Problem_of_Adjustment_to_Life_Cycle_Transition	Class
https://github.com/Tao-AI-group/BSO_AD#00389	Acculturation_Difficulty	Class
https://github.com/Tao-AI-group/BSO_AD#00390	Social_Exclusion_and_Rejection	Class
https://github.com/Tao-AI-group/BSO_AD#00391	Other_Problem_Related_to_Social_Environment	Class
https://github.com/Tao-AI-group/BSO_AD#00392	Problem_Related_to_Social_Environment_Unspecified	Class
https://github.com/Tao-AI-group/BSO_AD#00393	Social_Isolation	Class
https://github.com/Tao-AI-group/BSO_AD#00394	Social_Norms_and_Attitude	Class
https://github.com/Tao-AI-group/BSO_AD#00395	Discrimination	Class
https://github.com/Tao-AI-group/BSO_AD#00396	Target_of_(perceived)_Adverse_Discrimination_and_Persecution	Class
https://github.com/Tao-AI-group/BSO_AD#00397	Gender_Inequity	Class
https://github.com/Tao-AI-group/BSO_AD#00398	Racial_Disparity	Class
https://github.com/Tao-AI-group/BSO_AD#00399	Social_Support	Class
https://github.com/Tao-AI-group/BSO_AD#00400	Financial_Support	Class
https://github.com/Tao-AI-group/BSO_AD#00401	Food_Assistance	Class
https://github.com/Tao-AI-group/BSO_AD#00402	Food_Bank	Class
https://github.com/Tao-AI-group/BSO_AD#00403	Healthcare_Support	Class
https://github.com/Tao-AI-group/BSO_AD#00404	Interpersonal_Support	Class
https://github.com/Tao-AI-group/BSO_AD#00405	Family_Support	Class
https://github.com/Tao-AI-group/BSO_AD#00406	Problem_in_Relationship_with_Spouse_or_Partner	Class
https://github.com/Tao-AI-group/BSO_AD#00407	Problem_in_Relationship_with_in_Laws	Class
https://github.com/Tao-AI-group/BSO_AD#00408	Absence_of_Family_Member	Class
https://github.com/Tao-AI-group/BSO_AD#00409	Absence_of_Family_Member_Due_to_Military_Deployment	Class
https://github.com/Tao-AI-group/BSO_AD#00410	Other_Absence_of_Family_Member	Class
https://github.com/Tao-AI-group/BSO_AD#00411	Disappearance_and_Death_of_Family_Member	Class
https://github.com/Tao-AI-group/BSO_AD#00412	Disruption_of_Family_by_Separation_and_Divorce	Class
https://github.com/Tao-AI-group/BSO_AD#00413	Dependent_Relative_Needing_Care_at_Home	Class
https://github.com/Tao-AI-group/BSO_AD#00414	Other_Stressful_Life_Event_Affecting_Family_and_Household_(category_Code)	Class
https://github.com/Tao-AI-group/BSO_AD#00415	Stress_on_Family_Due_to_Return_of_Family_Member_from_Military_Deployment	Class
https://github.com/Tao-AI-group/BSO_AD#00416	Alcoholism_and_Drug_Addiction_in_Family	Class
https://github.com/Tao-AI-group/BSO_AD#00417	Other_Stressful_Life_Event_Affecting_Family_and_Household	Class
https://github.com/Tao-AI-group/BSO_AD#00418	Friend_Support	Class
https://github.com/Tao-AI-group/BSO_AD#00419	Social_Worker_Support	Class
https://github.com/Tao-AI-group/BSO_AD#00420	Other_Problem_Related_to_Primary_Support_Group_Including_Family_Circumstance	Class
https://github.com/Tao-AI-group/BSO_AD#00421	Other_Specified_Problem_Related_to_Primary_Support_Group	Class
https://github.com/Tao-AI-group/BSO_AD#00422	Problem_Related_to_Unspecified_Primary_Support_Group	Class
https://github.com/Tao-AI-group/BSO_AD#00423	Insufficient_Social_Insurance_and_Welfare_Support	Class
https://github.com/Tao-AI-group/BSO_AD#00424	Insufficient_Welfare_Support	Class
https://github.com/Tao-AI-group/BSO_AD#00425	Measure_and_Index_and_Score	Class
https://github.com/Tao-AI-group/BSO_AD#00426	Adherence	Class
https://github.com/Tao-AI-group/BSO_AD#00427	Environmental_Justice_Screening_and_Mapping_Tool	Class
https://github.com/Tao-AI-group/BSO_AD#00428	Epa_Air_Quality_Index	Class
https://github.com/Tao-AI-group/BSO_AD#00429	Excercise_Vital_Sign	Class
https://github.com/Tao-AI-group/BSO_AD#00430	Health_Care_Access_Score	Class
https://github.com/Tao-AI-group/BSO_AD#00431	Healthy_Eating_Index	Class
https://github.com/Tao-AI-group/BSO_AD#00432	Humiliation,_Afraid,_Rape,_Kick_Questions	Class
https://github.com/Tao-AI-group/BSO_AD#00433	Neighborhood_Concentrated_Disadvantage_Protocol	Class
https://github.com/Tao-AI-group/BSO_AD#00434	Occupational_Prestige_Score	Class
https://github.com/Tao-AI-group/BSO_AD#00435	Phenx_Measure–family_Conflict	Class
https://github.com/Tao-AI-group/BSO_AD#00436	Social_Deprivation_Index	Class
https://github.com/Tao-AI-group/BSO_AD#00437	Social_Vulnerability_Index	Class
https://github.com/Tao-AI-group/BSO_AD#00438	Support_Level	Class
https://github.com/Tao-AI-group/BSO_AD#00439	No_Support	Class
https://github.com/Tao-AI-group/BSO_AD#00440	Strong_Support	Class
https://github.com/Tao-AI-group/BSO_AD#00441	Weak_Support	Class
https://github.com/Tao-AI-group/BSO_AD#00442	The_Alcohol_Use_Disorders_Identification_Test–concise	Class
https://github.com/Tao-AI-group/BSO_AD#00443	The_National_Health_Interview_Survey	Class
https://github.com/Tao-AI-group/BSO_AD#00444	The_Third_National_Health_and_Nutrition_Examination_Survey	Class
https://github.com/Tao-AI-group/BSO_AD#00445	Traditional_Retail_Food_Environment_Index	Class
https://github.com/Tao-AI-group/BSO_AD#00446	Person	Class
https://github.com/Tao-AI-group/BSO_AD#00447	Men_Who_Have_Sex_with_Men	Class
https://github.com/Tao-AI-group/BSO_AD#00448	Patient	Class
https://github.com/Tao-AI-group/BSO_AD#00449	Person_at_Early_Childhood	Class
https://github.com/Tao-AI-group/BSO_AD#00450	Person_Needs_Financial_Support	Class
https://github.com/Tao-AI-group/BSO_AD#00451	No_Physical_Activity	Class
https://github.com/Tao-AI-group/BSO_AD#00452	Time_Flag	Class
https://github.com/Tao-AI-group/BSO_AD#00453	Current	Class
https://github.com/Tao-AI-group/BSO_AD#00454	Future	Class
https://github.com/Tao-AI-group/BSO_AD#00455	Past	Class
https://github.com/Tao-AI-group/BSO_AD#00456	Occupacy_of_Time	Class
https://github.com/Tao-AI-group/BSO_AD#00457	A_Little_of_the_Time	Class
https://github.com/Tao-AI-group/BSO_AD#00458	All_of_the_Time	Class
https://github.com/Tao-AI-group/BSO_AD#00459	Most_of_the_Time	Class
https://github.com/Tao-AI-group/BSO_AD#00460	None_of_the_Time	Class
https://github.com/Tao-AI-group/BSO_AD#00461	Some_of_the_Time	Class
https://github.com/Tao-AI-group/BSO_AD#00462	Subject_Measure	Class
https://github.com/Tao-AI-group/BSO_AD#00463	Bag	Class
https://github.com/Tao-AI-group/BSO_AD#00464	Bottle	Class
https://github.com/Tao-AI-group/BSO_AD#00465	Box	Class
https://github.com/Tao-AI-group/BSO_AD#00466	Dozen	Class
https://github.com/Tao-AI-group/BSO_AD#00467	Glass	Class
https://github.com/Tao-AI-group/BSO_AD#00468	Gram	Class
https://github.com/Tao-AI-group/BSO_AD#00469	Kilogram	Class
https://github.com/Tao-AI-group/BSO_AD#00470	Liter	Class
https://github.com/Tao-AI-group/BSO_AD#00471	Milliliter	Class
https://github.com/Tao-AI-group/BSO_AD#00472	Ounce	Class
https://github.com/Tao-AI-group/BSO_AD#00473	Pack	Class
https://github.com/Tao-AI-group/BSO_AD#00474	Uncomplicated_Senile_Dementia	Class
https://github.com/Tao-AI-group/BSO_AD#00475	Presenile_Dementia	Class
https://github.com/Tao-AI-group/BSO_AD#00476	Senile_Dementia_with_Delusional_or_Depressive_Feature	Class
https://github.com/Tao-AI-group/BSO_AD#00477	Senile_Dementia_with_Delirium	Class
https://github.com/Tao-AI-group/BSO_AD#00478	Other_Specified_Senile_Psychotic_Condition	Class
https://github.com/Tao-AI-group/BSO_AD#00479	Unspecified_Senile_Psychotic_Condition	Class
https://github.com/Tao-AI-group/BSO_AD#00480	Senility_without_Mention_of_Psychosis	Class
https://github.com/Tao-AI-group/BSO_AD#00481	Dementia_in_Other_Disease_Classified_Elsewhere	Class
https://github.com/Tao-AI-group/BSO_AD#00482	Unspecified_Dementia	Class
https://github.com/Tao-AI-group/BSO_AD#00483	Amnestic_Disorder_Due_to_Known_Physiological_Condition	Class
https://github.com/Tao-AI-group/BSO_AD#00484	Delirium_Due_to_Known_Physiological_condition	Class
https://github.com/Tao-AI-group/BSO_AD#00485	Other_Mental_Disorder_Due_to_Known_Physiological_Condition	Class
https://github.com/Tao-AI-group/BSO_AD#00486	Psychotic_Disorder_with_Hallucination_Due_to_Known_Physiological_Condition	Class
https://github.com/Tao-AI-group/BSO_AD#00487	Catatonic_Disorder_Due_to_Known_Physiological_Condition	Class
https://github.com/Tao-AI-group/BSO_AD#00488	Psychotic_Disorder_with_Delusion_Due_to_Known_Physiological_Condition	Class
https://github.com/Tao-AI-group/BSO_AD#00489	Mood_Disorder_Due_to_Known_Physiological_Condition	Class
https://github.com/Tao-AI-group/BSO_AD#00490	Frontotemporal_Dementia	Class
https://github.com/Tao-AI-group/BSO_AD#00491	Alzheimer's_Disease_with_Early_Onset	Class
https://github.com/Tao-AI-group/BSO_AD#00492	Alzheimer's_Disease_with_Late_Onset	Class
https://github.com/Tao-AI-group/BSO_AD#00493	Other_Alzheimer's_Disease	Class
https://github.com/Tao-AI-group/BSO_AD#00494	Unspecified_Alzheimer's_Disease	Class
https://github.com/Tao-AI-group/BSO_AD#00495	Element_Relevant_to_Behavior_Social_Factor	Class
https://github.com/Tao-AI-group/BSO_AD#00496	Element_Relevant_to_Time_Event	Class
https://sbmi.uth.edu/ontology/PeriodicTimeInterval	Periodic_Time_Interval	Class
https://sbmi.uth.edu/ontology/TEO.owl#Afternoon	Afternoon	Class
https://sbmi.uth.edu/ontology/TEO.owl#Clinical_Intervention	Clinical_Intervention	Class
https://sbmi.uth.edu/ontology/TEO.owl#Diagnosis	Diagnosis	Class
https://sbmi.uth.edu/ontology/TEO.owl#Documentation	Documentation	Class
https://sbmi.uth.edu/ontology/TEO.owl#Observation	Observation	Class
https://sbmi.uth.edu/ontology/TEO.owl#Other_Event	Other_Event	Class
https://sbmi.uth.edu/ontology/TEO.owl#Patient_Accident	Patient_Accident	Class
https://sbmi.uth.edu/ontology/TEO.owl#TEO_0000011	Holiday	Class
https://sbmi.uth.edu/ontology/TEO.owl#TEO_0000013	US_Holiday	Class
https://sbmi.uth.edu/ontology/TEO.owl#TEO_0000017	US_Federal_Holiday	Class
https://sbmi.uth.edu/ontology/TEO.owl#TEO_0000019	First_Week_of_a_Month	Class
https://sbmi.uth.edu/ontology/TEO.owl#TEO_0000021	New_Year's_Day	Class
https://sbmi.uth.edu/ontology/TEO.owl#TEO_0000025	Event	Class
https://sbmi.uth.edu/ontology/TEO.owl#TEO_0000030	Week	Class
https://sbmi.uth.edu/ontology/TEO.owl#TEO_0000031	Second_Week_of_a_Month	Class
https://sbmi.uth.edu/ontology/TEO.owl#TEO_0000032	Duration	Class
https://sbmi.uth.edu/ontology/TEO.owl#TEO_0000035	Third_Week_of_a_Month	Class
https://sbmi.uth.edu/ontology/TEO.owl#TEO_0000042	Monday	Class
https://sbmi.uth.edu/ontology/TEO.owl#TEO_0000043	Tuesday	Class
https://sbmi.uth.edu/ontology/TEO.owl#TEO_0000045	Wednesday	Class
https://sbmi.uth.edu/ontology/TEO.owl#TEO_0000046	Thursday	Class
https://sbmi.uth.edu/ontology/TEO.owl#TEO_0000047	Friday	Class
https://sbmi.uth.edu/ontology/TEO.owl#TEO_0000048	Saturday	Class
https://sbmi.uth.edu/ontology/TEO.owl#TEO_0000049	Sunday	Class
https://sbmi.uth.edu/ontology/TEO.owl#TEO_0000050	Month	Class
https://sbmi.uth.edu/ontology/TEO.owl#TEO_0000051	Year	Class
https://sbmi.uth.edu/ontology/TEO.owl#TEO_0000052	January	Class
https://sbmi.uth.edu/ontology/TEO.owl#TEO_0000053	February	Class
https://sbmi.uth.edu/ontology/TEO.owl#TEO_0000054	March	Class
https://sbmi.uth.edu/ontology/TEO.owl#TEO_0000055	April	Class
https://sbmi.uth.edu/ontology/TEO.owl#TEO_0000056	May	Class
https://sbmi.uth.edu/ontology/TEO.owl#TEO_0000057	June	Class
https://sbmi.uth.edu/ontology/TEO.owl#TEO_0000058	July	Class
https://sbmi.uth.edu/ontology/TEO.owl#TEO_0000059	August	Class
https://sbmi.uth.edu/ontology/TEO.owl#TEO_0000060	September	Class
https://sbmi.uth.edu/ontology/TEO.owl#TEO_0000061	October	Class
https://sbmi.uth.edu/ontology/TEO.owl#TEO_0000062	November	Class
https://sbmi.uth.edu/ontology/TEO.owl#TEO_0000063	December	Class
https://sbmi.uth.edu/ontology/TEO.owl#TEO_0000065	Birthday_of_Martin_Luther_King,_Jr.	Class
https://sbmi.uth.edu/ontology/TEO.owl#TEO_0000066	Inauguration_Day	Class
https://sbmi.uth.edu/ontology/TEO.owl#TEO_0000067	Washington's_Birthday	Class
https://sbmi.uth.edu/ontology/TEO.owl#TEO_0000068	Memorial_Day	Class
https://sbmi.uth.edu/ontology/TEO.owl#TEO_0000069	Independence_Day	Class
https://sbmi.uth.edu/ontology/TEO.owl#TEO_0000070	Labor_Day	Class
https://sbmi.uth.edu/ontology/TEO.owl#TEO_0000071	Columbus_Day	Class
https://sbmi.uth.edu/ontology/TEO.owl#TEO_0000072	Veterans_Day	Class
https://sbmi.uth.edu/ontology/TEO.owl#TEO_0000073	Thanksgiving_Day	Class
https://sbmi.uth.edu/ontology/TEO.owl#TEO_0000074	Christmas	Class
https://sbmi.uth.edu/ontology/TEO.owl#TEO_0000080	Relative_Time	Class
https://sbmi.uth.edu/ontology/TEO.owl#TEO_0000081	Today	Class
https://sbmi.uth.edu/ontology/TEO.owl#TEO_0000082	Tomorrow	Class
https://sbmi.uth.edu/ontology/TEO.owl#TEO_0000083	Yesterday	Class
https://sbmi.uth.edu/ontology/TEO.owl#TEO_0000084	Week_Day	Class
https://sbmi.uth.edu/ontology/TEO.owl#TEO_0000088	Fourth_Week_of_a_Month	Class
https://sbmi.uth.edu/ontology/TEO.owl#TEO_0000089	Fifth_Week_of_a_Month	Class
https://sbmi.uth.edu/ontology/TEO.owl#TEO_0000091	Month_Day	Class
https://sbmi.uth.edu/ontology/TEO.owl#TEO_0000094	Calendar_Month	Class
https://sbmi.uth.edu/ontology/TEO.owl#TEO_0000095	Day	Class
https://sbmi.uth.edu/ontology/TEO.owl#TEO_0000098	Day_1_of_a_Month	Class
https://sbmi.uth.edu/ontology/TEO.owl#TEO_0000099	Day_2_of_a_Month	Class
https://sbmi.uth.edu/ontology/TEO.owl#TEO_0000100	Day_3_of_a_Month	Class
https://sbmi.uth.edu/ontology/TEO.owl#TEO_0000101	Day_4_of_a_Month	Class
https://sbmi.uth.edu/ontology/TEO.owl#TEO_0000102	Day_5_of_a_Month	Class
https://sbmi.uth.edu/ontology/TEO.owl#TEO_0000103	Day_6_of_a_Month	Class
https://sbmi.uth.edu/ontology/TEO.owl#TEO_0000104	Day_7_of_a_Month	Class
https://sbmi.uth.edu/ontology/TEO.owl#TEO_0000105	Day_8_of_a_Month	Class
https://sbmi.uth.edu/ontology/TEO.owl#TEO_0000106	Day_9_of_a_Month	Class
https://sbmi.uth.edu/ontology/TEO.owl#TEO_0000107	Day_10_of_a_Month	Class
https://sbmi.uth.edu/ontology/TEO.owl#TEO_0000108	Day_11_of_a_Month	Class
https://sbmi.uth.edu/ontology/TEO.owl#TEO_0000109	Day_12_of_a_Month	Class
https://sbmi.uth.edu/ontology/TEO.owl#TEO_0000110	Day_13_of_a_Month	Class
https://sbmi.uth.edu/ontology/TEO.owl#TEO_0000111	Day_14_of_a_Month	Class
https://sbmi.uth.edu/ontology/TEO.owl#TEO_0000112	Day_15_of_a_Month	Class
https://sbmi.uth.edu/ontology/TEO.owl#TEO_0000113	Day_16_of_a_Month	Class
https://sbmi.uth.edu/ontology/TEO.owl#TEO_0000114	Day_17_of_a_Month	Class
https://sbmi.uth.edu/ontology/TEO.owl#TEO_0000115	Day_18_of_a_Month	Class
https://sbmi.uth.edu/ontology/TEO.owl#TEO_0000116	Day_19_of_a_Month	Class
https://sbmi.uth.edu/ontology/TEO.owl#TEO_0000117	Day_20_of_a_Month	Class
https://sbmi.uth.edu/ontology/TEO.owl#TEO_0000118	Day_21_of_a_Month	Class
https://sbmi.uth.edu/ontology/TEO.owl#TEO_0000119	Day_22_of_a_Month	Class
https://sbmi.uth.edu/ontology/TEO.owl#TEO_0000120	Day_23_of_a_Month	Class
https://sbmi.uth.edu/ontology/TEO.owl#TEO_0000121	Day_24_of_a_Month	Class
https://sbmi.uth.edu/ontology/TEO.owl#TEO_0000122	Day_25_of_a_Month	Class
https://sbmi.uth.edu/ontology/TEO.owl#TEO_0000123	Day_28_of_a_Month	Class
https://sbmi.uth.edu/ontology/TEO.owl#TEO_0000124	Day_29_of_a_Month	Class
https://sbmi.uth.edu/ontology/TEO.owl#TEO_0000125	Day_30_of_a_Month	Class
https://sbmi.uth.edu/ontology/TEO.owl#TEO_0000126	Day_31_of_a_Month	Class
https://sbmi.uth.edu/ontology/TEO.owl#TEO_0000127	Last_Week_of_a_Month	Class
https://sbmi.uth.edu/ontology/TEO.owl#TEO_0000162	Granularity	Class
https://sbmi.uth.edu/ontology/TEO.owl#TEO_0000163		Granularity
https://sbmi.uth.edu/ontology/TEO.owl#TEO_0000164		Granularity
https://sbmi.uth.edu/ontology/TEO.owl#TEO_0000165		Granularity
https://sbmi.uth.edu/ontology/TEO.owl#TEO_0000166		Granularity
https://sbmi.uth.edu/ontology/TEO.owl#TEO_0000167		Granularity
https://sbmi.uth.edu/ontology/TEO.owl#TEO_0000168		Granularity
https://sbmi.uth.edu/ontology/TEO.owl#TEO_0000169		Granularity
https://sbmi.uth.edu/ontology/TEO.owl#TEO_0000170		Granularity
https://sbmi.uth.edu/ontology/TEO.owl#TEO_0000190	Instant_of_the_Day	Class
https://sbmi.uth.edu/ontology/TEO.owl#TEO_0000191	Instant_of_the_Week	Class
https://sbmi.uth.edu/ontology/TEO.owl#TEO_0000192	Instant_of_the_Month	Class
https://sbmi.uth.edu/ontology/TEO.owl#TEO_0000193	Instant_of_the_Year	Class
https://sbmi.uth.edu/ontology/TEO.owl#TEO_0000194	Morning	Class
https://sbmi.uth.edu/ontology/TEO.owl#TEO_0000195	Noon	Class
https://sbmi.uth.edu/ontology/TEO.owl#TEO_0000196	Evening	Class
https://sbmi.uth.edu/ontology/TEO.owl#TEO_0000197	The_Beginning_of_the_Week	Class
https://sbmi.uth.edu/ontology/TEO.owl#TEO_0000198	The_Middle_of_the_Week	Class
https://sbmi.uth.edu/ontology/TEO.owl#TEO_0000199	The_End_of_the_Week	Class
https://sbmi.uth.edu/ontology/TEO.owl#TEO_0000200	The_Beginning_of_the_Month	Class
https://sbmi.uth.edu/ontology/TEO.owl#TEO_0000201	The_Middle_of_the_Month	Class
https://sbmi.uth.edu/ontology/TEO.owl#TEO_0000202	The_End_of_the_Month	Class
https://sbmi.uth.edu/ontology/TEO.owl#TEO_0000203	The_Beginning_of_the_Year	Class
https://sbmi.uth.edu/ontology/TEO.owl#TEO_0000204	The_Middle_of_the_Year	Class
https://sbmi.uth.edu/ontology/TEO.owl#TEO_0000205	The_End_of_the_Year	Class
https://sbmi.uth.edu/ontology/TEO.owl#TEO_0000207	Spring	Class
https://sbmi.uth.edu/ontology/TEO.owl#TEO_0000208	Fall	Class
https://sbmi.uth.edu/ontology/TEO.owl#TEO_0000209	Summer	Class
https://sbmi.uth.edu/ontology/TEO.owl#TEO_0000210	Winter	Class
https://sbmi.uth.edu/ontology/TEO.owl#TEO_0000211	Time_of_the_Age	Class
https://sbmi.uth.edu/ontology/TEO.owl#TEO_0000213	AM	Class
https://sbmi.uth.edu/ontology/TEO.owl#TEO_0000214	PM	Class
https://sbmi.uth.edu/ontology/TEO.owl#Test_and_Test_evaluation	Test_and_Test_Evaluation	Class
https://sbmi.uth.edu/ontology/TEO.owl#Time	Time	Class
