ID	LABEL	Type
http://www.semanticweb.org/fangli/ontologies/2019/2/untitled-ontology-107#2',3'-cyclic_nucleotide_3'_phosphodiesterase		Class
http://www.semanticweb.org/fangli/ontologies/2019/2/untitled-ontology-107#24-dehydrocholesterol_reductase		Class
http://www.semanticweb.org/fangli/ontologies/2019/2/untitled-ontology-107#6-phosphogluconolactonase		Class
http://www.semanticweb.org/fangli/ontologies/2019/2/untitled-ontology-107#A2M		Class
http://www.semanticweb.org/fangli/ontologies/2019/2/untitled-ontology-107#ABI_family_member_3		Class
http://www.semanticweb.org/fangli/ontologies/2019/2/untitled-ontology-107#AD10		Class
http://www.semanticweb.org/fangli/ontologies/2019/2/untitled-ontology-107#AD11		Class
http://www.semanticweb.org/fangli/ontologies/2019/2/untitled-ontology-107#AD12		Class
http://www.semanticweb.org/fangli/ontologies/2019/2/untitled-ontology-107#AD13		Class
http://www.semanticweb.org/fangli/ontologies/2019/2/untitled-ontology-107#AD14		Class
http://www.semanticweb.org/fangli/ontologies/2019/2/untitled-ontology-107#AD15		Class
http://www.semanticweb.org/fangli/ontologies/2019/2/untitled-ontology-107#AD16		Class
http://www.semanticweb.org/fangli/ontologies/2019/2/untitled-ontology-107#AD17		Class
http://www.semanticweb.org/fangli/ontologies/2019/2/untitled-ontology-107#AD5		Class
http://www.semanticweb.org/fangli/ontologies/2019/2/untitled-ontology-107#AD6		Class
http://www.semanticweb.org/fangli/ontologies/2019/2/untitled-ontology-107#AD7		Class
http://www.semanticweb.org/fangli/ontologies/2019/2/untitled-ontology-107#AD8		Class
http://www.semanticweb.org/fangli/ontologies/2019/2/untitled-ontology-107#ADAM10		Class
http://www.semanticweb.org/fangli/ontologies/2019/2/untitled-ontology-107#ADAM_metallopeptidase_domain_9		Class
http://www.semanticweb.org/fangli/ontologies/2019/2/untitled-ontology-107#ADAM_metallopeptidase_with_thrombospondin_type_1_motif_4		Class
http://www.semanticweb.org/fangli/ontologies/2019/2/untitled-ontology-107#ADH1C		Class
http://www.semanticweb.org/fangli/ontologies/2019/2/untitled-ontology-107#AD_Stage		Class
http://www.semanticweb.org/fangli/ontologies/2019/2/untitled-ontology-107#AD_Subtype		Class
http://www.semanticweb.org/fangli/ontologies/2019/2/untitled-ontology-107#AIDS_Dementia_Complex		Class
http://www.semanticweb.org/fangli/ontologies/2019/2/untitled-ontology-107#AKT_serine/threonine_kinase_1		Class
http://www.semanticweb.org/fangli/ontologies/2019/2/untitled-ontology-107#ALK_receptor_tyrosine_kinase		Class
http://www.semanticweb.org/fangli/ontologies/2019/2/untitled-ontology-107#APBA1		Class
http://www.semanticweb.org/fangli/ontologies/2019/2/untitled-ontology-107#APBA2		Class
http://www.semanticweb.org/fangli/ontologies/2019/2/untitled-ontology-107#APBA3		Class
http://www.semanticweb.org/fangli/ontologies/2019/2/untitled-ontology-107#APBB3		Class
http://www.semanticweb.org/fangli/ontologies/2019/2/untitled-ontology-107#APCS		Class
http://www.semanticweb.org/fangli/ontologies/2019/2/untitled-ontology-107#APLP1		Class
http://www.semanticweb.org/fangli/ontologies/2019/2/untitled-ontology-107#APLP2		Class
http://www.semanticweb.org/fangli/ontologies/2019/2/untitled-ontology-107#APOE-Cholesterol_metabolism		Class
http://www.semanticweb.org/fangli/ontologies/2019/2/untitled-ontology-107#APP		Class
http://www.semanticweb.org/fangli/ontologies/2019/2/untitled-ontology-107#ATCAY,_caytaxin		Class
http://www.semanticweb.org/fangli/ontologies/2019/2/untitled-ontology-107#ATP_binding_cassette_subfamily_A_member_7		Class
http://www.semanticweb.org/fangli/ontologies/2019/2/untitled-ontology-107#ATP_metabolic_process		Class
http://www.semanticweb.org/fangli/ontologies/2019/2/untitled-ontology-107#ATP_synthase_peripheral_stalk_subunit_OSCP		Class
http://www.semanticweb.org/fangli/ontologies/2019/2/untitled-ontology-107#ATXN2		Class
http://www.semanticweb.org/fangli/ontologies/2019/2/untitled-ontology-107#ATXN8OS		Class
http://www.semanticweb.org/fangli/ontologies/2019/2/untitled-ontology-107#Abducens_nucleus		Class
http://www.semanticweb.org/fangli/ontologies/2019/2/untitled-ontology-107#Abnormal_spindle_microtubule_assembly		Class
http://www.semanticweb.org/fangli/ontologies/2019/2/untitled-ontology-107#Acidic_nuclear_phosphoprotein_32_family_member_B		Class
http://www.semanticweb.org/fangli/ontologies/2019/2/untitled-ontology-107#Aconitase_2		Class
http://www.semanticweb.org/fangli/ontologies/2019/2/untitled-ontology-107#Actinin_alpha_1		Class
http://www.semanticweb.org/fangli/ontologies/2019/2/untitled-ontology-107#Actinin_alpha_2		Class
http://www.semanticweb.org/fangli/ontologies/2019/2/untitled-ontology-107#Acute_Febrile_Encephalopathy		Class
http://www.semanticweb.org/fangli/ontologies/2019/2/untitled-ontology-107#Acyl-coa_synthetase_long_chain_family_member_1		Class
http://www.semanticweb.org/fangli/ontologies/2019/2/untitled-ontology-107#Adaptive_thermogenesis		Class
http://www.semanticweb.org/fangli/ontologies/2019/2/untitled-ontology-107#Adaptor_related_protein_complex_2_subunit_alpha_1		Class
http://www.semanticweb.org/fangli/ontologies/2019/2/untitled-ontology-107#Adaptor_related_protein_complex_3_subunit_beta_2		Class
http://www.semanticweb.org/fangli/ontologies/2019/2/untitled-ontology-107#Adaptor_related_protein_complex_3_subunit_delta_1		Class
http://www.semanticweb.org/fangli/ontologies/2019/2/untitled-ontology-107#Adenylate_kinase_1		Class
http://www.semanticweb.org/fangli/ontologies/2019/2/untitled-ontology-107#Adenylate_kinase_4		Class
http://www.semanticweb.org/fangli/ontologies/2019/2/untitled-ontology-107#Aggression		Class
http://www.semanticweb.org/fangli/ontologies/2019/2/untitled-ontology-107#Agitation		Class
http://www.semanticweb.org/fangli/ontologies/2019/2/untitled-ontology-107#Akinetic_Mutism		Class
http://www.semanticweb.org/fangli/ontologies/2019/2/untitled-ontology-107#Alzheimer's_Disease		Class
http://www.semanticweb.org/fangli/ontologies/2019/2/untitled-ontology-107#Alzheimer_Disease_10		Class
http://www.semanticweb.org/fangli/ontologies/2019/2/untitled-ontology-107#Alzheimer_Disease_11		Class
http://www.semanticweb.org/fangli/ontologies/2019/2/untitled-ontology-107#Alzheimer_Disease_12		Class
http://www.semanticweb.org/fangli/ontologies/2019/2/untitled-ontology-107#Alzheimer_Disease_13		Class
http://www.semanticweb.org/fangli/ontologies/2019/2/untitled-ontology-107#Alzheimer_Disease_14		Class
http://www.semanticweb.org/fangli/ontologies/2019/2/untitled-ontology-107#Alzheimer_Disease_15		Class
http://www.semanticweb.org/fangli/ontologies/2019/2/untitled-ontology-107#Alzheimer_Disease_16		Class
http://www.semanticweb.org/fangli/ontologies/2019/2/untitled-ontology-107#Alzheimer_Disease_5		Class
http://www.semanticweb.org/fangli/ontologies/2019/2/untitled-ontology-107#Alzheimer_Disease_6		Class
http://www.semanticweb.org/fangli/ontologies/2019/2/untitled-ontology-107#Alzheimer_Disease_7		Class
http://www.semanticweb.org/fangli/ontologies/2019/2/untitled-ontology-107#Alzheimer_Disease_8		Class
http://www.semanticweb.org/fangli/ontologies/2019/2/untitled-ontology-107#Alzheimer_Disease_9		Class
http://www.semanticweb.org/fangli/ontologies/2019/2/untitled-ontology-107#Alzheimer_disease		Named individual
http://www.semanticweb.org/fangli/ontologies/2019/2/untitled-ontology-107#Alzheimer_disease_familial_type_3		Class
http://www.semanticweb.org/fangli/ontologies/2019/2/untitled-ontology-107#Alzheimer_disease_type_1		Class
http://www.semanticweb.org/fangli/ontologies/2019/2/untitled-ontology-107#Alzheimer_disease_type_2		Class
http://www.semanticweb.org/fangli/ontologies/2019/2/untitled-ontology-107#Alzheimer_disease_type_4		Class
http://www.semanticweb.org/fangli/ontologies/2019/2/untitled-ontology-107#Amantadine		Class
http://www.semanticweb.org/fangli/ontologies/2019/2/untitled-ontology-107#Amblyopia		Class
http://www.semanticweb.org/fangli/ontologies/2019/2/untitled-ontology-107#Aminoadipate_aminotransferase		Class
http://www.semanticweb.org/fangli/ontologies/2019/2/untitled-ontology-107#Amygdala		Class
http://www.semanticweb.org/fangli/ontologies/2019/2/untitled-ontology-107#Amyloid_deposition		Class
http://www.semanticweb.org/fangli/ontologies/2019/2/untitled-ontology-107#Amyloid_pathology		Class
http://www.semanticweb.org/fangli/ontologies/2019/2/untitled-ontology-107#Amyloid_plaque		Class
http://www.semanticweb.org/fangli/ontologies/2019/2/untitled-ontology-107#Anatomical_part		Class
http://www.semanticweb.org/fangli/ontologies/2019/2/untitled-ontology-107#Angiotensin_I_converting_enzyme		Class
http://www.semanticweb.org/fangli/ontologies/2019/2/untitled-ontology-107#Ankyrin_repeat_and_sterile_alpha_motif_domain_containing_1B		Class
http://www.semanticweb.org/fangli/ontologies/2019/2/untitled-ontology-107#Annexin_A5		Class
http://www.semanticweb.org/fangli/ontologies/2019/2/untitled-ontology-107#Anoctamin_6		Class
http://www.semanticweb.org/fangli/ontologies/2019/2/untitled-ontology-107#Anterior_cerebellar_commissure		Class
http://www.semanticweb.org/fangli/ontologies/2019/2/untitled-ontology-107#Anterior_horn_cell		Class
http://www.semanticweb.org/fangli/ontologies/2019/2/untitled-ontology-107#Anterior_hypothalamic_nucleus		Class
http://www.semanticweb.org/fangli/ontologies/2019/2/untitled-ontology-107#Anterior_hypothalamus		Class
http://www.semanticweb.org/fangli/ontologies/2019/2/untitled-ontology-107#Anterior_pituitary_gland		Class
http://www.semanticweb.org/fangli/ontologies/2019/2/untitled-ontology-107#Anterior_thalamic_nucleus		Class
http://www.semanticweb.org/fangli/ontologies/2019/2/untitled-ontology-107#Anti-Anxiety_Agent		Class
http://www.semanticweb.org/fangli/ontologies/2019/2/untitled-ontology-107#Anti-aggregation_drug		Class
http://www.semanticweb.org/fangli/ontologies/2019/2/untitled-ontology-107#Anti-amyloid_drug		Class
http://www.semanticweb.org/fangli/ontologies/2019/2/untitled-ontology-107#Anti-inflammatory_agent		Class
http://www.semanticweb.org/fangli/ontologies/2019/2/untitled-ontology-107#Anti-tau_drug		Class
http://www.semanticweb.org/fangli/ontologies/2019/2/untitled-ontology-107#Anticonvulsant		Class
http://www.semanticweb.org/fangli/ontologies/2019/2/untitled-ontology-107#Antidepressive_agent		Class
http://www.semanticweb.org/fangli/ontologies/2019/2/untitled-ontology-107#Antioxidant_activity		Class
http://www.semanticweb.org/fangli/ontologies/2019/2/untitled-ontology-107#Antipsychotic_agent		Class
http://www.semanticweb.org/fangli/ontologies/2019/2/untitled-ontology-107#Anxiety		Class
http://www.semanticweb.org/fangli/ontologies/2019/2/untitled-ontology-107#Apathy		Class
http://www.semanticweb.org/fangli/ontologies/2019/2/untitled-ontology-107#Apolipoprotein_C1		Class
http://www.semanticweb.org/fangli/ontologies/2019/2/untitled-ontology-107#Apolipoprotein_D		Class
http://www.semanticweb.org/fangli/ontologies/2019/2/untitled-ontology-107#Apolipoprotein_E		Class
http://www.semanticweb.org/fangli/ontologies/2019/2/untitled-ontology-107#Apoptosis_inducing_factor_mitochondria_associated_1		Class
http://www.semanticweb.org/fangli/ontologies/2019/2/untitled-ontology-107#Arachnoid		Class
http://www.semanticweb.org/fangli/ontologies/2019/2/untitled-ontology-107#Arcuate_nucleus_of_hypothalamus		Class
http://www.semanticweb.org/fangli/ontologies/2019/2/untitled-ontology-107#Area_postrema		Class
http://www.semanticweb.org/fangli/ontologies/2019/2/untitled-ontology-107#Aripiprazole		Class
http://www.semanticweb.org/fangli/ontologies/2019/2/untitled-ontology-107#Asymptomatic_at_risk		Class
http://www.semanticweb.org/fangli/ontologies/2019/2/untitled-ontology-107#Atpase_H+_transporting_V0_subunit_a1		Class
http://www.semanticweb.org/fangli/ontologies/2019/2/untitled-ontology-107#Atpase_H+_transporting_V0_subunit_d1		Class
http://www.semanticweb.org/fangli/ontologies/2019/2/untitled-ontology-107#Atpase_H+_transporting_V1_subunit_A		Class
http://www.semanticweb.org/fangli/ontologies/2019/2/untitled-ontology-107#Atpase_H+_transporting_V1_subunit_B2		Class
http://www.semanticweb.org/fangli/ontologies/2019/2/untitled-ontology-107#Atpase_H+_transporting_V1_subunit_E1		Class
http://www.semanticweb.org/fangli/ontologies/2019/2/untitled-ontology-107#Atpase_H+_transporting_V1_subunit_H		Class
http://www.semanticweb.org/fangli/ontologies/2019/2/untitled-ontology-107#Atpase_Na+/K+_transporting_subunit_alpha_3		Class
http://www.semanticweb.org/fangli/ontologies/2019/2/untitled-ontology-107#Atpase_Na+/K+_transporting_subunit_beta_1		Class
http://www.semanticweb.org/fangli/ontologies/2019/2/untitled-ontology-107#Atpase_plasma_membrane_Ca2+_transporting_1		Class
http://www.semanticweb.org/fangli/ontologies/2019/2/untitled-ontology-107#Atpase_plasma_membrane_Ca2+_transporting_2		Class
http://www.semanticweb.org/fangli/ontologies/2019/2/untitled-ontology-107#Atpase_sarcoplasmic/endoplasmic_reticulum_Ca2+_transporting_2		Class
http://www.semanticweb.org/fangli/ontologies/2019/2/untitled-ontology-107#Auditory_cortex		Class
http://www.semanticweb.org/fangli/ontologies/2019/2/untitled-ontology-107#Autoimmune_Diseases_of_the_Nervous_System		Class
http://www.semanticweb.org/fangli/ontologies/2019/2/untitled-ontology-107#Autonomic_Nervous_System_Diseases		Class
http://www.semanticweb.org/fangli/ontologies/2019/2/untitled-ontology-107#Autosomal_dominant_AD		Class
http://www.semanticweb.org/fangli/ontologies/2019/2/untitled-ontology-107#Aβ_clearance		Class
http://www.semanticweb.org/fangli/ontologies/2019/2/untitled-ontology-107#Aβ_cleavage		Class
http://www.semanticweb.org/fangli/ontologies/2019/2/untitled-ontology-107#Aβ_metabolism		Class
http://www.semanticweb.org/fangli/ontologies/2019/2/untitled-ontology-107#BACE1		Class
http://www.semanticweb.org/fangli/ontologies/2019/2/untitled-ontology-107#BACE2		Class
http://www.semanticweb.org/fangli/ontologies/2019/2/untitled-ontology-107#BAI1_associated_protein_2		Class
http://www.semanticweb.org/fangli/ontologies/2019/2/untitled-ontology-107#BCL2,_apoptosis_regulator		Class
http://www.semanticweb.org/fangli/ontologies/2019/2/untitled-ontology-107#BCL2_associated_athanogene_4		Class
http://www.semanticweb.org/fangli/ontologies/2019/2/untitled-ontology-107#BPTF		Class
http://www.semanticweb.org/fangli/ontologies/2019/2/untitled-ontology-107#Barrington's_nucleus		Class
http://www.semanticweb.org/fangli/ontologies/2019/2/untitled-ontology-107#Basal_Ganglia		Class
http://www.semanticweb.org/fangli/ontologies/2019/2/untitled-ontology-107#Basal_Ganglia_Diseases		Class
http://www.semanticweb.org/fangli/ontologies/2019/2/untitled-ontology-107#Basal_forebrain		Class
http://www.semanticweb.org/fangli/ontologies/2019/2/untitled-ontology-107#Basolateral_nuclear_complex		Class
http://www.semanticweb.org/fangli/ontologies/2019/2/untitled-ontology-107#Bassoon_presynaptic_cytomatrix_protein		Class
http://www.semanticweb.org/fangli/ontologies/2019/2/untitled-ontology-107#Behavioral_symptom		Class
http://www.semanticweb.org/fangli/ontologies/2019/2/untitled-ontology-107#Benzazepine		Class
http://www.semanticweb.org/fangli/ontologies/2019/2/untitled-ontology-107#Binding		Class
http://www.semanticweb.org/fangli/ontologies/2019/2/untitled-ontology-107#Biological_process		Class
http://www.semanticweb.org/fangli/ontologies/2019/2/untitled-ontology-107#Biological_regulation		Class
http://www.semanticweb.org/fangli/ontologies/2019/2/untitled-ontology-107#Biosynthetic_process		Class
http://www.semanticweb.org/fangli/ontologies/2019/2/untitled-ontology-107#Blood-brain_barrier		Class
http://www.semanticweb.org/fangli/ontologies/2019/2/untitled-ontology-107#Brain		Class
http://www.semanticweb.org/fangli/ontologies/2019/2/untitled-ontology-107#Brain_Abscess		Class
http://www.semanticweb.org/fangli/ontologies/2019/2/untitled-ontology-107#Brain_Death		Class
http://www.semanticweb.org/fangli/ontologies/2019/2/untitled-ontology-107#Brain_Diseases		Class
http://www.semanticweb.org/fangli/ontologies/2019/2/untitled-ontology-107#Brain_Edema		Class
http://www.semanticweb.org/fangli/ontologies/2019/2/untitled-ontology-107#Brain_Hypoxia		Class
http://www.semanticweb.org/fangli/ontologies/2019/2/untitled-ontology-107#Brain_Injuries		Class
http://www.semanticweb.org/fangli/ontologies/2019/2/untitled-ontology-107#Brain_Neoplasms		Class
http://www.semanticweb.org/fangli/ontologies/2019/2/untitled-ontology-107#Brain_derived_neurotrophic_factor		Class
http://www.semanticweb.org/fangli/ontologies/2019/2/untitled-ontology-107#Brain_fornix		Class
http://www.semanticweb.org/fangli/ontologies/2019/2/untitled-ontology-107#Brain_shrinkage_from_cell_loss		Class
http://www.semanticweb.org/fangli/ontologies/2019/2/untitled-ontology-107#Brain_stem		Class
http://www.semanticweb.org/fangli/ontologies/2019/2/untitled-ontology-107#Breast_carcinoma_amplified_sequence_1		Class
http://www.semanticweb.org/fangli/ontologies/2019/2/untitled-ontology-107#Bridging_integrator_1		Class
http://www.semanticweb.org/fangli/ontologies/2019/2/untitled-ontology-107#Broca_area		Class
http://www.semanticweb.org/fangli/ontologies/2019/2/untitled-ontology-107#C-X-C_motif_chemokine_ligand_10		Class
http://www.semanticweb.org/fangli/ontologies/2019/2/untitled-ontology-107#C-X3-C_motif_chemokine_ligand_1		Class
http://www.semanticweb.org/fangli/ontologies/2019/2/untitled-ontology-107#C-X3-C_motif_chemokine_receptor_1		Class
http://www.semanticweb.org/fangli/ontologies/2019/2/untitled-ontology-107#C1q_and_TNF_related_4		Class
http://www.semanticweb.org/fangli/ontologies/2019/2/untitled-ontology-107#C9orf72		Class
http://www.semanticweb.org/fangli/ontologies/2019/2/untitled-ontology-107#CASS4		Class
http://www.semanticweb.org/fangli/ontologies/2019/2/untitled-ontology-107#CD2AP		Class
http://www.semanticweb.org/fangli/ontologies/2019/2/untitled-ontology-107#CD33_molecule		Class
http://www.semanticweb.org/fangli/ontologies/2019/2/untitled-ontology-107#CD44_molecule_(Indian_blood_group)		Class
http://www.semanticweb.org/fangli/ontologies/2019/2/untitled-ontology-107#CD55_protein		Class
http://www.semanticweb.org/fangli/ontologies/2019/2/untitled-ontology-107#CDGSH_iron_sulfur_domain_1		Class
http://www.semanticweb.org/fangli/ontologies/2019/2/untitled-ontology-107#CELF1		Class
http://www.semanticweb.org/fangli/ontologies/2019/2/untitled-ontology-107#CHMP2B		Class
http://www.semanticweb.org/fangli/ontologies/2019/2/untitled-ontology-107#CREB_signalling		Class
http://www.semanticweb.org/fangli/ontologies/2019/2/untitled-ontology-107#CST3		Class
http://www.semanticweb.org/fangli/ontologies/2019/2/untitled-ontology-107#CUB_and_Sushi_multiple_domains_1		Class
http://www.semanticweb.org/fangli/ontologies/2019/2/untitled-ontology-107#Cadherin_22		Class
http://www.semanticweb.org/fangli/ontologies/2019/2/untitled-ontology-107#Calcium/calmodulin_dependent_protein_kinase_kinase_2		Class
http://www.semanticweb.org/fangli/ontologies/2019/2/untitled-ontology-107#Calcium_dependent_secretion_activator		Class
http://www.semanticweb.org/fangli/ontologies/2019/2/untitled-ontology-107#Calcium_signalling		Class
http://www.semanticweb.org/fangli/ontologies/2019/2/untitled-ontology-107#Calcium_voltage-gated_channel_auxiliary_subunit_beta_4		Class
http://www.semanticweb.org/fangli/ontologies/2019/2/untitled-ontology-107#Calpain_2		Class
http://www.semanticweb.org/fangli/ontologies/2019/2/untitled-ontology-107#Carbamate		Class
http://www.semanticweb.org/fangli/ontologies/2019/2/untitled-ontology-107#Carbamazepine		Class
http://www.semanticweb.org/fangli/ontologies/2019/2/untitled-ontology-107#Cargo_adaptor_activity		Class
http://www.semanticweb.org/fangli/ontologies/2019/2/untitled-ontology-107#Cargo_receptor_activity		Class
http://www.semanticweb.org/fangli/ontologies/2019/2/untitled-ontology-107#Catabolic_process		Class
http://www.semanticweb.org/fangli/ontologies/2019/2/untitled-ontology-107#Catalytic_activity		Class
http://www.semanticweb.org/fangli/ontologies/2019/2/untitled-ontology-107#Caudate_nucleus		Class
http://www.semanticweb.org/fangli/ontologies/2019/2/untitled-ontology-107#Cbl_proto-oncogene		Class
http://www.semanticweb.org/fangli/ontologies/2019/2/untitled-ontology-107#Cell-cell_signaling		Class
http://www.semanticweb.org/fangli/ontologies/2019/2/untitled-ontology-107#Cell_adhesion_and_endocytosis		Class
http://www.semanticweb.org/fangli/ontologies/2019/2/untitled-ontology-107#Cell_division_cycle_associated_7		Class
http://www.semanticweb.org/fangli/ontologies/2019/2/untitled-ontology-107#Cell_migration		Class
http://www.semanticweb.org/fangli/ontologies/2019/2/untitled-ontology-107#Cellular_metabolic_process		Class
http://www.semanticweb.org/fangli/ontologies/2019/2/untitled-ontology-107#Cellular_process		Class
http://www.semanticweb.org/fangli/ontologies/2019/2/untitled-ontology-107#Central_Auditory_Diseases		Class
http://www.semanticweb.org/fangli/ontologies/2019/2/untitled-ontology-107#Central_Nervous_System_Diseases		Class
http://www.semanticweb.org/fangli/ontologies/2019/2/untitled-ontology-107#Central_Nervous_System_Infections		Class
http://www.semanticweb.org/fangli/ontologies/2019/2/untitled-ontology-107#Central_amygdaloid_nucleus		Class
http://www.semanticweb.org/fangli/ontologies/2019/2/untitled-ontology-107#Central_nervous_system		Class
http://www.semanticweb.org/fangli/ontologies/2019/2/untitled-ontology-107#Cerebellar_Diseases		Class
http://www.semanticweb.org/fangli/ontologies/2019/2/untitled-ontology-107#Cerebellar_cortex		Class
http://www.semanticweb.org/fangli/ontologies/2019/2/untitled-ontology-107#Cerebellar_nuclei		Class
http://www.semanticweb.org/fangli/ontologies/2019/2/untitled-ontology-107#Cerebellar_vermis		Class
http://www.semanticweb.org/fangli/ontologies/2019/2/untitled-ontology-107#Cerebellopontine_angle		Class
http://www.semanticweb.org/fangli/ontologies/2019/2/untitled-ontology-107#Cerebellum		Class
http://www.semanticweb.org/fangli/ontologies/2019/2/untitled-ontology-107#Cerebral_Cortex		Class
http://www.semanticweb.org/fangli/ontologies/2019/2/untitled-ontology-107#Cerebral_amyloid_angiopathy		Class
http://www.semanticweb.org/fangli/ontologies/2019/2/untitled-ontology-107#Cerebral_aqueduct		Class
http://www.semanticweb.org/fangli/ontologies/2019/2/untitled-ontology-107#Cerebral_cortical_atrophy		Class
http://www.semanticweb.org/fangli/ontologies/2019/2/untitled-ontology-107#Cerebral_crus		Class
http://www.semanticweb.org/fangli/ontologies/2019/2/untitled-ontology-107#Cerebral_endothelial_cell_adhesion_molecule		Class
http://www.semanticweb.org/fangli/ontologies/2019/2/untitled-ontology-107#Cerebral_peduncle		Class
http://www.semanticweb.org/fangli/ontologies/2019/2/untitled-ontology-107#Cerebral_ventricle		Class
http://www.semanticweb.org/fangli/ontologies/2019/2/untitled-ontology-107#Cerebrovascular_Disorders		Class
http://www.semanticweb.org/fangli/ontologies/2019/2/untitled-ontology-107#Cerebrum		Class
http://www.semanticweb.org/fangli/ontologies/2019/2/untitled-ontology-107#Cervical_cord		Class
http://www.semanticweb.org/fangli/ontologies/2019/2/untitled-ontology-107#Change_in_episodic_memory		Class
http://www.semanticweb.org/fangli/ontologies/2019/2/untitled-ontology-107#Chaperonin_containing_TCP1_subunit_6B		Class
http://www.semanticweb.org/fangli/ontologies/2019/2/untitled-ontology-107#Chloride_intracellular_channel_1		Class
http://www.semanticweb.org/fangli/ontologies/2019/2/untitled-ontology-107#Cholesterol_metabolism		Class
http://www.semanticweb.org/fangli/ontologies/2019/2/untitled-ontology-107#Cholesteryl_ester_transfer_protein		Class
http://www.semanticweb.org/fangli/ontologies/2019/2/untitled-ontology-107#Cholinesterase_inhibitor		Class
http://www.semanticweb.org/fangli/ontologies/2019/2/untitled-ontology-107#Chondroadherin_like		Class
http://www.semanticweb.org/fangli/ontologies/2019/2/untitled-ontology-107#Choroid_plexus		Class
http://www.semanticweb.org/fangli/ontologies/2019/2/untitled-ontology-107#Chromodomain_Y_like		Class
http://www.semanticweb.org/fangli/ontologies/2019/2/untitled-ontology-107#Chronic_Brain_Damage		Class
http://www.semanticweb.org/fangli/ontologies/2019/2/untitled-ontology-107#Chronobiology_Disorders		Class
http://www.semanticweb.org/fangli/ontologies/2019/2/untitled-ontology-107#Cisterna_magna		Class
http://www.semanticweb.org/fangli/ontologies/2019/2/untitled-ontology-107#Citalopram		Class
http://www.semanticweb.org/fangli/ontologies/2019/2/untitled-ontology-107#Citrate_synthase		Class
http://www.semanticweb.org/fangli/ontologies/2019/2/untitled-ontology-107#Clozapine		Class
http://www.semanticweb.org/fangli/ontologies/2019/2/untitled-ontology-107#Clusterin		Class
http://www.semanticweb.org/fangli/ontologies/2019/2/untitled-ontology-107#Cochlear_nucleus		Class
http://www.semanticweb.org/fangli/ontologies/2019/2/untitled-ontology-107#Cognitive_dysfunction		Class
http://www.semanticweb.org/fangli/ontologies/2019/2/untitled-ontology-107#Coiled-coil-helix-coiled-coil-helix_domain_containing_3		Class
http://www.semanticweb.org/fangli/ontologies/2019/2/untitled-ontology-107#Cold_inducible_RNA_binding_protein		Class
http://www.semanticweb.org/fangli/ontologies/2019/2/untitled-ontology-107#Collagen_metabolic_process		Class
http://www.semanticweb.org/fangli/ontologies/2019/2/untitled-ontology-107#Collagen_type_I_alpha_2_chain		Class
http://www.semanticweb.org/fangli/ontologies/2019/2/untitled-ontology-107#Collagen_type_XXV_alpha_1_chain		Class
http://www.semanticweb.org/fangli/ontologies/2019/2/untitled-ontology-107#Colony_stimulating_factor_1		Class
http://www.semanticweb.org/fangli/ontologies/2019/2/untitled-ontology-107#Colony_stimulating_factor_1_receptor		Class
http://www.semanticweb.org/fangli/ontologies/2019/2/untitled-ontology-107#Complement_c3b/C4b_receptor_1_(Knops_blood_group)		Class
http://www.semanticweb.org/fangli/ontologies/2019/2/untitled-ontology-107#Complement_factor_H		Class
http://www.semanticweb.org/fangli/ontologies/2019/2/untitled-ontology-107#Complement_factor_I		Class
http://www.semanticweb.org/fangli/ontologies/2019/2/untitled-ontology-107#Complexin_1		Class
http://www.semanticweb.org/fangli/ontologies/2019/2/untitled-ontology-107#Connector_enhancer_of_kinase_suppressor_of_Ras_2		Class
http://www.semanticweb.org/fangli/ontologies/2019/2/untitled-ontology-107#Contactin_associated_protein_like_2		Class
http://www.semanticweb.org/fangli/ontologies/2019/2/untitled-ontology-107#Corpus_callosum		Class
http://www.semanticweb.org/fangli/ontologies/2019/2/untitled-ontology-107#Corpus_striatum		Class
http://www.semanticweb.org/fangli/ontologies/2019/2/untitled-ontology-107#Corticomedial_nuclear_complex		Class
http://www.semanticweb.org/fangli/ontologies/2019/2/untitled-ontology-107#Corticotroph		Class
http://www.semanticweb.org/fangli/ontologies/2019/2/untitled-ontology-107#Corticotropin_releasing_hormone		Class
http://www.semanticweb.org/fangli/ontologies/2019/2/untitled-ontology-107#Corticotropin_releasing_hormone_receptor_1		Class
http://www.semanticweb.org/fangli/ontologies/2019/2/untitled-ontology-107#Cranial_Nerve_Diseases		Class
http://www.semanticweb.org/fangli/ontologies/2019/2/untitled-ontology-107#Creutzfeldt-Jakob_Syndrome		Class
http://www.semanticweb.org/fangli/ontologies/2019/2/untitled-ontology-107#Cyclin_dependent_kinase_18		Class
http://www.semanticweb.org/fangli/ontologies/2019/2/untitled-ontology-107#Cysteine_and_glycine_rich_protein_1		Class
http://www.semanticweb.org/fangli/ontologies/2019/2/untitled-ontology-107#Cytochrome_P450_family_19_subfamily_A_member_1		Class
http://www.semanticweb.org/fangli/ontologies/2019/2/untitled-ontology-107#Cytochrome_P450_family_27_subfamily_A_member_1		Class
http://www.semanticweb.org/fangli/ontologies/2019/2/untitled-ontology-107#Cytochrome_P450_family_3_subfamily_A_member_43		Class
http://www.semanticweb.org/fangli/ontologies/2019/2/untitled-ontology-107#Cytochrome_b-245_alpha_chain		Class
http://www.semanticweb.org/fangli/ontologies/2019/2/untitled-ontology-107#Cytochrome_c_oxidase_subunit_5B		Class
http://www.semanticweb.org/fangli/ontologies/2019/2/untitled-ontology-107#Cytochrome_c_oxidase_subunit_6B1		Class
http://www.semanticweb.org/fangli/ontologies/2019/2/untitled-ontology-107#Cytoplasmic_FMR1_interacting_protein_2		Class
http://www.semanticweb.org/fangli/ontologies/2019/2/untitled-ontology-107#Cytoskeleton_and_axonal_transport		Class
http://www.semanticweb.org/fangli/ontologies/2019/2/untitled-ontology-107#Cytotoxic_T-lymphocyte_associated_protein_4		Class
http://www.semanticweb.org/fangli/ontologies/2019/2/untitled-ontology-107#DCR		Class
http://www.semanticweb.org/fangli/ontologies/2019/2/untitled-ontology-107#DDB1_and_CUL4_associated_factor_12		Class
http://www.semanticweb.org/fangli/ontologies/2019/2/untitled-ontology-107#DIRAS_family_gtpase_1		Class
http://www.semanticweb.org/fangli/ontologies/2019/2/untitled-ontology-107#DLG_associated_protein_1		Class
http://www.semanticweb.org/fangli/ontologies/2019/2/untitled-ontology-107#DND_microrna-mediated_repression_inhibitor_1		Class
http://www.semanticweb.org/fangli/ontologies/2019/2/untitled-ontology-107#DSG2		Class
http://www.semanticweb.org/fangli/ontologies/2019/2/untitled-ontology-107#Death_associated_protein_3		Class
http://www.semanticweb.org/fangli/ontologies/2019/2/untitled-ontology-107#Decorin		Class
http://www.semanticweb.org/fangli/ontologies/2019/2/untitled-ontology-107#Dedicator_of_cytokinesis_1		Class
http://www.semanticweb.org/fangli/ontologies/2019/2/untitled-ontology-107#Dedicator_of_cytokinesis_2		Class
http://www.semanticweb.org/fangli/ontologies/2019/2/untitled-ontology-107#Dedicator_of_cytokinesis_3		Class
http://www.semanticweb.org/fangli/ontologies/2019/2/untitled-ontology-107#Dedicator_of_cytokinesis_4		Class
http://www.semanticweb.org/fangli/ontologies/2019/2/untitled-ontology-107#Dehydrogenase/reductase_11		Class
http://www.semanticweb.org/fangli/ontologies/2019/2/untitled-ontology-107#Dehydrogenase_E1_and_transketolase_domain_containing_1		Class
http://www.semanticweb.org/fangli/ontologies/2019/2/untitled-ontology-107#Deltex_E3_ubiquitin_ligase_3L		Class
http://www.semanticweb.org/fangli/ontologies/2019/2/untitled-ontology-107#Delusion		Class
http://www.semanticweb.org/fangli/ontologies/2019/2/untitled-ontology-107#Dementia		Class
http://www.semanticweb.org/fangli/ontologies/2019/2/untitled-ontology-107#Dementia_due_to_AD		Class
http://www.semanticweb.org/fangli/ontologies/2019/2/untitled-ontology-107#Demethylation		Class
http://www.semanticweb.org/fangli/ontologies/2019/2/untitled-ontology-107#Demyelinating_Diseases		Class
http://www.semanticweb.org/fangli/ontologies/2019/2/untitled-ontology-107#Dentate_gyrus		Class
http://www.semanticweb.org/fangli/ontologies/2019/2/untitled-ontology-107#Depressive_symptom		Class
http://www.semanticweb.org/fangli/ontologies/2019/2/untitled-ontology-107#Desumoylating_isopeptidase_1		Class
http://www.semanticweb.org/fangli/ontologies/2019/2/untitled-ontology-107#Diagonal_band_of_broca		Class
http://www.semanticweb.org/fangli/ontologies/2019/2/untitled-ontology-107#Diazepam_binding_inhibitor,_acyl-coa_binding_protein		Class
http://www.semanticweb.org/fangli/ontologies/2019/2/untitled-ontology-107#Diencephalon		Class
http://www.semanticweb.org/fangli/ontologies/2019/2/untitled-ontology-107#Difficulty_learning_new_task		Class
http://www.semanticweb.org/fangli/ontologies/2019/2/untitled-ontology-107#Difficulty_recognizing_face		Class
http://www.semanticweb.org/fangli/ontologies/2019/2/untitled-ontology-107#Difficulty_speaking		Class
http://www.semanticweb.org/fangli/ontologies/2019/2/untitled-ontology-107#Difficulty_swallowing		Class
http://www.semanticweb.org/fangli/ontologies/2019/2/untitled-ontology-107#Difficulty_walking		Class
http://www.semanticweb.org/fangli/ontologies/2019/2/untitled-ontology-107#Diffuse_Cerebral_Sclerosis_of_Schilder		Class
http://www.semanticweb.org/fangli/ontologies/2019/2/untitled-ontology-107#Diffuse_Neurofibrillary_Tangles_with_Calcification		Class
http://www.semanticweb.org/fangli/ontologies/2019/2/untitled-ontology-107#Dihydrolipoamide_branched_chain_transacylase_E2		Class
http://www.semanticweb.org/fangli/ontologies/2019/2/untitled-ontology-107#Dihydrolipoamide_dehydrogenase		Class
http://www.semanticweb.org/fangli/ontologies/2019/2/untitled-ontology-107#Dihydropyrimidinase_like_3		Class
http://www.semanticweb.org/fangli/ontologies/2019/2/untitled-ontology-107#Dimethylarginine_dimethylaminohydrolase_2		Class
http://www.semanticweb.org/fangli/ontologies/2019/2/untitled-ontology-107#Dipeptidyl_peptidase_like_10		Class
http://www.semanticweb.org/fangli/ontologies/2019/2/untitled-ontology-107#Dipeptidyl_peptidase_like_6		Class
http://www.semanticweb.org/fangli/ontologies/2019/2/untitled-ontology-107#Discs_large_MAGUK_scaffold_protein_2		Class
http://www.semanticweb.org/fangli/ontologies/2019/2/untitled-ontology-107#Discs_large_MAGUK_scaffold_protein_4		Class
http://www.semanticweb.org/fangli/ontologies/2019/2/untitled-ontology-107#Disease		Class
http://www.semanticweb.org/fangli/ontologies/2019/2/untitled-ontology-107#Dishevelled_associated_activator_of_morphogenesis_2		Class
http://www.semanticweb.org/fangli/ontologies/2019/2/untitled-ontology-107#Disinhibited_behavior		Class
http://www.semanticweb.org/fangli/ontologies/2019/2/untitled-ontology-107#Disorientation		Class
http://www.semanticweb.org/fangli/ontologies/2019/2/untitled-ontology-107#Dmx_like_2		Class
http://www.semanticweb.org/fangli/ontologies/2019/2/untitled-ontology-107#Dnaj_heat_shock_protein_family_(Hsp40)_member_C6		Class
http://www.semanticweb.org/fangli/ontologies/2019/2/untitled-ontology-107#Donepezil		Class
http://www.semanticweb.org/fangli/ontologies/2019/2/untitled-ontology-107#Dorsomedial_hypothalamic_nucleus		Class
http://www.semanticweb.org/fangli/ontologies/2019/2/untitled-ontology-107#Doublecortin_like_kinase_1		Class
http://www.semanticweb.org/fangli/ontologies/2019/2/untitled-ontology-107#Dpy-30,_histone_methyltransferase_complex_regulatory_subunit		Class
http://www.semanticweb.org/fangli/ontologies/2019/2/untitled-ontology-107#Drug		Class
http://www.semanticweb.org/fangli/ontologies/2019/2/untitled-ontology-107#Drug_classified_by_chemical_structure		Class
http://www.semanticweb.org/fangli/ontologies/2019/2/untitled-ontology-107#Drug_classified_by_development_state		Class
http://www.semanticweb.org/fangli/ontologies/2019/2/untitled-ontology-107#Drug_classified_by_mechanism		Class
http://www.semanticweb.org/fangli/ontologies/2019/2/untitled-ontology-107#Drug_in_phase_III_clinical_trial		Class
http://www.semanticweb.org/fangli/ontologies/2019/2/untitled-ontology-107#Drug_in_phase_II_clinical_trial		Class
http://www.semanticweb.org/fangli/ontologies/2019/2/untitled-ontology-107#Drug_in_phase_IV_clinical_trial		Class
http://www.semanticweb.org/fangli/ontologies/2019/2/untitled-ontology-107#Drug_in_phase_I_clinical_trial		Class
http://www.semanticweb.org/fangli/ontologies/2019/2/untitled-ontology-107#Drug_target		Class
http://www.semanticweb.org/fangli/ontologies/2019/2/untitled-ontology-107#Dura_mater		Class
http://www.semanticweb.org/fangli/ontologies/2019/2/untitled-ontology-107#Dynactin_subunit_1		Class
http://www.semanticweb.org/fangli/ontologies/2019/2/untitled-ontology-107#Dynamin_1		Class
http://www.semanticweb.org/fangli/ontologies/2019/2/untitled-ontology-107#Dynamin_2		Class
http://www.semanticweb.org/fangli/ontologies/2019/2/untitled-ontology-107#Dynamin_3		Class
http://www.semanticweb.org/fangli/ontologies/2019/2/untitled-ontology-107#Dynein_cytoplasmic_1_intermediate_chain_1		Class
http://www.semanticweb.org/fangli/ontologies/2019/2/untitled-ontology-107#Dynein_cytoplasmic_2_light_intermediate_chain_1		Class
http://www.semanticweb.org/fangli/ontologies/2019/2/untitled-ontology-107#ELAV_like_RNA_binding_protein_2		Class
http://www.semanticweb.org/fangli/ontologies/2019/2/untitled-ontology-107#ELAV_like_RNA_binding_protein_4		Class
http://www.semanticweb.org/fangli/ontologies/2019/2/untitled-ontology-107#ELKS/RAB6-interacting/CAST_family_member_2		Class
http://www.semanticweb.org/fangli/ontologies/2019/2/untitled-ontology-107#EPH_receptor_A1		Class
http://www.semanticweb.org/fangli/ontologies/2019/2/untitled-ontology-107#EPH_receptor_A5		Class
http://www.semanticweb.org/fangli/ontologies/2019/2/untitled-ontology-107#Ectodermal-neural_cortex_1		Class
http://www.semanticweb.org/fangli/ontologies/2019/2/untitled-ontology-107#Edinger-westphal_nucleus		Class
http://www.semanticweb.org/fangli/ontologies/2019/2/untitled-ontology-107#Electron_transfer_flavoprotein_subunit_alpha		Class
http://www.semanticweb.org/fangli/ontologies/2019/2/untitled-ontology-107#Encephalitis		Class
http://www.semanticweb.org/fangli/ontologies/2019/2/untitled-ontology-107#Encephalomalacia		Class
http://www.semanticweb.org/fangli/ontologies/2019/2/untitled-ontology-107#Encephalomyelitis		Class
http://www.semanticweb.org/fangli/ontologies/2019/2/untitled-ontology-107#Endocytosis		Class
http://www.semanticweb.org/fangli/ontologies/2019/2/untitled-ontology-107#Enolase_1		Class
http://www.semanticweb.org/fangli/ontologies/2019/2/untitled-ontology-107#Entopeduncular_nucleus		Class
http://www.semanticweb.org/fangli/ontologies/2019/2/untitled-ontology-107#Entorhinal_cortex		Class
http://www.semanticweb.org/fangli/ontologies/2019/2/untitled-ontology-107#Ependyma		Class
http://www.semanticweb.org/fangli/ontologies/2019/2/untitled-ontology-107#Ephrin_A1		Class
http://www.semanticweb.org/fangli/ontologies/2019/2/untitled-ontology-107#Ephrin_A5		Class
http://www.semanticweb.org/fangli/ontologies/2019/2/untitled-ontology-107#Epigenetic_regulation		Class
http://www.semanticweb.org/fangli/ontologies/2019/2/untitled-ontology-107#Epilepsy		Class
http://www.semanticweb.org/fangli/ontologies/2019/2/untitled-ontology-107#Epithalamus		Class
http://www.semanticweb.org/fangli/ontologies/2019/2/untitled-ontology-107#Erb-b2_receptor_tyrosine_kinase_3		Class
http://www.semanticweb.org/fangli/ontologies/2019/2/untitled-ontology-107#Erb-b2_receptor_tyrosine_kinase_4		Class
http://www.semanticweb.org/fangli/ontologies/2019/2/untitled-ontology-107#Erythrocyte_membrane_protein_band_4.1_like_3		Class
http://www.semanticweb.org/fangli/ontologies/2019/2/untitled-ontology-107#Estrogen_related_receptor_gamma		Class
http://www.semanticweb.org/fangli/ontologies/2019/2/untitled-ontology-107#Experimental_drug		Class
http://www.semanticweb.org/fangli/ontologies/2019/2/untitled-ontology-107#External_capsule		Class
http://www.semanticweb.org/fangli/ontologies/2019/2/untitled-ontology-107#Extracellular_matrix-cell_signaling		Class
http://www.semanticweb.org/fangli/ontologies/2019/2/untitled-ontology-107#Extrapyramidal_tract		Class
http://www.semanticweb.org/fangli/ontologies/2019/2/untitled-ontology-107#F-box_and_WD_repeat_domain_containing_7		Class
http://www.semanticweb.org/fangli/ontologies/2019/2/untitled-ontology-107#F-box_and_leucine_rich_repeat_protein_16		Class
http://www.semanticweb.org/fangli/ontologies/2019/2/untitled-ontology-107#FANCD2_and_FANCI_associated_nuclease_1		Class
http://www.semanticweb.org/fangli/ontologies/2019/2/untitled-ontology-107#FDA-approved_drug		Class
http://www.semanticweb.org/fangli/ontologies/2019/2/untitled-ontology-107#FERMT2		Class
http://www.semanticweb.org/fangli/ontologies/2019/2/untitled-ontology-107#FERM_and_PDZ_domain_containing_4		Class
http://www.semanticweb.org/fangli/ontologies/2019/2/untitled-ontology-107#FGF1_intracellular_binding_protein		Class
http://www.semanticweb.org/fangli/ontologies/2019/2/untitled-ontology-107#FK506_binding_protein_5		Class
http://www.semanticweb.org/fangli/ontologies/2019/2/untitled-ontology-107#FRAT2,_WNT_signaling_pathway_regulator		Class
http://www.semanticweb.org/fangli/ontologies/2019/2/untitled-ontology-107#FUS		Class
http://www.semanticweb.org/fangli/ontologies/2019/2/untitled-ontology-107#Facial_nucleus		Class
http://www.semanticweb.org/fangli/ontologies/2019/2/untitled-ontology-107#Family_with_sequence_similarity_107_member_A		Class
http://www.semanticweb.org/fangli/ontologies/2019/2/untitled-ontology-107#Family_with_sequence_similarity_111_member_A		Class
http://www.semanticweb.org/fangli/ontologies/2019/2/untitled-ontology-107#Fascin_actin-bundling_protein_3		Class
http://www.semanticweb.org/fangli/ontologies/2019/2/untitled-ontology-107#Fatty_acid_2-hydroxylase		Class
http://www.semanticweb.org/fangli/ontologies/2019/2/untitled-ontology-107#Fatty_acid_desaturase_1		Class
http://www.semanticweb.org/fangli/ontologies/2019/2/untitled-ontology-107#Fatty_acid_desaturase_2		Class
http://www.semanticweb.org/fangli/ontologies/2019/2/untitled-ontology-107#Fc_fragment_of_ige_receptor_Ig		Class
http://www.semanticweb.org/fangli/ontologies/2019/2/untitled-ontology-107#Fc_fragment_of_igg_receptor_Ia		Class
http://www.semanticweb.org/fangli/ontologies/2019/2/untitled-ontology-107#Fermitin_family_member_3		Class
http://www.semanticweb.org/fangli/ontologies/2019/2/untitled-ontology-107#Fibroblast_growth_factor_12		Class
http://www.semanticweb.org/fangli/ontologies/2019/2/untitled-ontology-107#Fibroblast_growth_factor_14		Class
http://www.semanticweb.org/fangli/ontologies/2019/2/untitled-ontology-107#Fluoxetine		Class
http://www.semanticweb.org/fangli/ontologies/2019/2/untitled-ontology-107#Forkhead_box_O1		Class
http://www.semanticweb.org/fangli/ontologies/2019/2/untitled-ontology-107#Fourth_ventricle		Class
http://www.semanticweb.org/fangli/ontologies/2019/2/untitled-ontology-107#Frontal_lobe		Class
http://www.semanticweb.org/fangli/ontologies/2019/2/untitled-ontology-107#Frontotemporal_Lobar_Degeneration		Class
http://www.semanticweb.org/fangli/ontologies/2019/2/untitled-ontology-107#Fumarylacetoacetate_hydrolase_domain_containing_2C,_pseudogene		Class
http://www.semanticweb.org/fangli/ontologies/2019/2/untitled-ontology-107#GABA_type_A_receptor_associated_protein_like_1		Class
http://www.semanticweb.org/fangli/ontologies/2019/2/untitled-ontology-107#GBA		Class
http://www.semanticweb.org/fangli/ontologies/2019/2/untitled-ontology-107#GLUD2		Class
http://www.semanticweb.org/fangli/ontologies/2019/2/untitled-ontology-107#GPR3		Class
http://www.semanticweb.org/fangli/ontologies/2019/2/untitled-ontology-107#GRAM_domain_containing_2B		Class
http://www.semanticweb.org/fangli/ontologies/2019/2/untitled-ontology-107#GRN		Class
http://www.semanticweb.org/fangli/ontologies/2019/2/untitled-ontology-107#GTP-binding_protein		Class
http://www.semanticweb.org/fangli/ontologies/2019/2/untitled-ontology-107#G_protein-coupled_receptor_37		Class
http://www.semanticweb.org/fangli/ontologies/2019/2/untitled-ontology-107#G_protein-coupled_receptor_84		Class
http://www.semanticweb.org/fangli/ontologies/2019/2/untitled-ontology-107#G_protein_subunit_beta_5		Class
http://www.semanticweb.org/fangli/ontologies/2019/2/untitled-ontology-107#G_protein–coupled_receptor_3		Class
http://www.semanticweb.org/fangli/ontologies/2019/2/untitled-ontology-107#Galantamine		Class
http://www.semanticweb.org/fangli/ontologies/2019/2/untitled-ontology-107#Gamma-aminobutyric_acid_type_A_receptor_alpha1_subunit		Class
http://www.semanticweb.org/fangli/ontologies/2019/2/untitled-ontology-107#Gamma-aminobutyric_acid_type_A_receptor_alpha4_subunit		Class
http://www.semanticweb.org/fangli/ontologies/2019/2/untitled-ontology-107#Gamma-aminobutyric_acid_type_A_receptor_beta2_subunit		Class
http://www.semanticweb.org/fangli/ontologies/2019/2/untitled-ontology-107#Gamma-aminobutyric_acid_type_A_receptor_gamma2_subunit		Class
http://www.semanticweb.org/fangli/ontologies/2019/2/untitled-ontology-107#Ganglioside_induced_differentiation_associated_protein_1		Class
http://www.semanticweb.org/fangli/ontologies/2019/2/untitled-ontology-107#Gap_junction_protein_alpha_1		Class
http://www.semanticweb.org/fangli/ontologies/2019/2/untitled-ontology-107#Gelsolin		Class
http://www.semanticweb.org/fangli/ontologies/2019/2/untitled-ontology-107#Gene		Class
http://www.semanticweb.org/fangli/ontologies/2019/2/untitled-ontology-107#Geniculate_body		Class
http://www.semanticweb.org/fangli/ontologies/2019/2/untitled-ontology-107#Glial_cell_derived_neurotrophic_factor		Class
http://www.semanticweb.org/fangli/ontologies/2019/2/untitled-ontology-107#Glial_fibrillary_acidic_protein		Class
http://www.semanticweb.org/fangli/ontologies/2019/2/untitled-ontology-107#Globus_pallidus		Class
http://www.semanticweb.org/fangli/ontologies/2019/2/untitled-ontology-107#Glucose-6-phosphate_isomerase		Class
http://www.semanticweb.org/fangli/ontologies/2019/2/untitled-ontology-107#Glutamate_antagonist_memantine		Class
http://www.semanticweb.org/fangli/ontologies/2019/2/untitled-ontology-107#Glutamate_decarboxylase_1		Class
http://www.semanticweb.org/fangli/ontologies/2019/2/untitled-ontology-107#Glutamate_ionotropic_receptor_AMPA_type_subunit_2		Class
http://www.semanticweb.org/fangli/ontologies/2019/2/untitled-ontology-107#Glutamate_ionotropic_receptor_NMDA_type_subunit_2A		Class
http://www.semanticweb.org/fangli/ontologies/2019/2/untitled-ontology-107#Glutathione_S-transferase_kappa_1		Class
http://www.semanticweb.org/fangli/ontologies/2019/2/untitled-ontology-107#Glyceraldehyde-3-phosphate_dehydrogenase		Class
http://www.semanticweb.org/fangli/ontologies/2019/2/untitled-ontology-107#Glycoprotein_M6B		Class
http://www.semanticweb.org/fangli/ontologies/2019/2/untitled-ontology-107#Glycosylation		Class
http://www.semanticweb.org/fangli/ontologies/2019/2/untitled-ontology-107#Glymphatic_system		Class
http://www.semanticweb.org/fangli/ontologies/2019/2/untitled-ontology-107#Glypican_2		Class
http://www.semanticweb.org/fangli/ontologies/2019/2/untitled-ontology-107#Glypican_6		Class
http://www.semanticweb.org/fangli/ontologies/2019/2/untitled-ontology-107#Gonadotroph		Class
http://www.semanticweb.org/fangli/ontologies/2019/2/untitled-ontology-107#Granulovacuolar_degeneration		Class
http://www.semanticweb.org/fangli/ontologies/2019/2/untitled-ontology-107#Gray_matter		Class
http://www.semanticweb.org/fangli/ontologies/2019/2/untitled-ontology-107#Growth_differentiation_factor_10		Class
http://www.semanticweb.org/fangli/ontologies/2019/2/untitled-ontology-107#Guanine_deaminase		Class
http://www.semanticweb.org/fangli/ontologies/2019/2/untitled-ontology-107#Guanosine_monophosphate_reductase		Class
http://www.semanticweb.org/fangli/ontologies/2019/2/untitled-ontology-107#Guanylate_binding_protein_1		Class
http://www.semanticweb.org/fangli/ontologies/2019/2/untitled-ontology-107#Guanylate_binding_protein_2		Class
http://www.semanticweb.org/fangli/ontologies/2019/2/untitled-ontology-107#Guanylate_binding_protein_3		Class
http://www.semanticweb.org/fangli/ontologies/2019/2/untitled-ontology-107#Guanylate_cyclase_1_soluble_subunit_beta_1		Class
http://www.semanticweb.org/fangli/ontologies/2019/2/untitled-ontology-107#Gyrus_cinguli		Class
http://www.semanticweb.org/fangli/ontologies/2019/2/untitled-ontology-107#HECT,_C2_and_WW_domain_containing_E3_ubiquitin_protein_ligase_2		Class
http://www.semanticweb.org/fangli/ontologies/2019/2/untitled-ontology-107#HFE		Class
http://www.semanticweb.org/fangli/ontologies/2019/2/untitled-ontology-107#HLA-DRB1		Class
http://www.semanticweb.org/fangli/ontologies/2019/2/untitled-ontology-107#HLA-DRB5		Class
http://www.semanticweb.org/fangli/ontologies/2019/2/untitled-ontology-107#HLA_complex_P5		Class
http://www.semanticweb.org/fangli/ontologies/2019/2/untitled-ontology-107#Habenula		Class
http://www.semanticweb.org/fangli/ontologies/2019/2/untitled-ontology-107#Hallucination		Class
http://www.semanticweb.org/fangli/ontologies/2019/2/untitled-ontology-107#Haloperidol		Class
http://www.semanticweb.org/fangli/ontologies/2019/2/untitled-ontology-107#Headache_Disorders		Class
http://www.semanticweb.org/fangli/ontologies/2019/2/untitled-ontology-107#Heat_shock_protein_family_A_(Hsp70)_member_2		Class
http://www.semanticweb.org/fangli/ontologies/2019/2/untitled-ontology-107#Heat_shock_protein_family_B_(small)_member_1		Class
http://www.semanticweb.org/fangli/ontologies/2019/2/untitled-ontology-107#Heat_shock_protein_family_B_(small)_member_2		Class
http://www.semanticweb.org/fangli/ontologies/2019/2/untitled-ontology-107#Heme_binding_protein_2		Class
http://www.semanticweb.org/fangli/ontologies/2019/2/untitled-ontology-107#Heparan_sulfate-glucosamine_3-sulfotransferase_5		Class
http://www.semanticweb.org/fangli/ontologies/2019/2/untitled-ontology-107#Heterogeneous_nuclear_ribonucleoprotein_M		Class
http://www.semanticweb.org/fangli/ontologies/2019/2/untitled-ontology-107#Heterogeneous_nuclear_ribonucleoprotein_U		Class
http://www.semanticweb.org/fangli/ontologies/2019/2/untitled-ontology-107#High_Pressure_Neurological_Syndrome		Class
http://www.semanticweb.org/fangli/ontologies/2019/2/untitled-ontology-107#High_probalitiy		Class
http://www.semanticweb.org/fangli/ontologies/2019/2/untitled-ontology-107#High_vocal_center		Class
http://www.semanticweb.org/fangli/ontologies/2019/2/untitled-ontology-107#Hippocampal_CA1_region		Class
http://www.semanticweb.org/fangli/ontologies/2019/2/untitled-ontology-107#Hippocampal_CA2_region		Class
http://www.semanticweb.org/fangli/ontologies/2019/2/untitled-ontology-107#Hippocampal_CA3_region		Class
http://www.semanticweb.org/fangli/ontologies/2019/2/untitled-ontology-107#Hippocampal_mossy_fibers		Class
http://www.semanticweb.org/fangli/ontologies/2019/2/untitled-ontology-107#Hippocampal_synaptic_function		Class
http://www.semanticweb.org/fangli/ontologies/2019/2/untitled-ontology-107#Hippocampus		Class
http://www.semanticweb.org/fangli/ontologies/2019/2/untitled-ontology-107#Histone_deacetylase_1		Class
http://www.semanticweb.org/fangli/ontologies/2019/2/untitled-ontology-107#Homer_scaffold_protein_1		Class
http://www.semanticweb.org/fangli/ontologies/2019/2/untitled-ontology-107#Hormone_metabolic_process		Class
http://www.semanticweb.org/fangli/ontologies/2019/2/untitled-ontology-107#Htra_serine_peptidase_1		Class
http://www.semanticweb.org/fangli/ontologies/2019/2/untitled-ontology-107#Huntington_Disease		Class
http://www.semanticweb.org/fangli/ontologies/2019/2/untitled-ontology-107#Hyaluronan_binding_protein_4		Class
http://www.semanticweb.org/fangli/ontologies/2019/2/untitled-ontology-107#Hydrocephalus		Class
http://www.semanticweb.org/fangli/ontologies/2019/2/untitled-ontology-107#Hydrogen_metabolic_process		Class
http://www.semanticweb.org/fangli/ontologies/2019/2/untitled-ontology-107#Hyperekplexia		Class
http://www.semanticweb.org/fangli/ontologies/2019/2/untitled-ontology-107#Hypothalamic_Diseases		Class
http://www.semanticweb.org/fangli/ontologies/2019/2/untitled-ontology-107#Hypothalamo-hypophyseal_system		Class
http://www.semanticweb.org/fangli/ontologies/2019/2/untitled-ontology-107#Hypothalamus		Class
http://www.semanticweb.org/fangli/ontologies/2019/2/untitled-ontology-107#IAPP		Class
http://www.semanticweb.org/fangli/ontologies/2019/2/untitled-ontology-107#IQ_motif_containing_gtpase_activating_protein_1		Class
http://www.semanticweb.org/fangli/ontologies/2019/2/untitled-ontology-107#ITM2B		Class
http://www.semanticweb.org/fangli/ontologies/2019/2/untitled-ontology-107#Immune_response		Class
http://www.semanticweb.org/fangli/ontologies/2019/2/untitled-ontology-107#Immune_system_process		Class
http://www.semanticweb.org/fangli/ontologies/2019/2/untitled-ontology-107#Impaired_communication		Class
http://www.semanticweb.org/fangli/ontologies/2019/2/untitled-ontology-107#Incontinence		Class
http://www.semanticweb.org/fangli/ontologies/2019/2/untitled-ontology-107#Inferior_colliculi		Class
http://www.semanticweb.org/fangli/ontologies/2019/2/untitled-ontology-107#Inflammatory_response		Class
http://www.semanticweb.org/fangli/ontologies/2019/2/untitled-ontology-107#Inner_membrane_mitochondrial_protein		Class
http://www.semanticweb.org/fangli/ontologies/2019/2/untitled-ontology-107#Inositol-tetrakisphosphate_1-kinase		Class
http://www.semanticweb.org/fangli/ontologies/2019/2/untitled-ontology-107#Inositol_1,4,5-trisphosphate_receptor_type_1		Class
http://www.semanticweb.org/fangli/ontologies/2019/2/untitled-ontology-107#Inositol_polyphosphate-5-phosphatase_D		Class
http://www.semanticweb.org/fangli/ontologies/2019/2/untitled-ontology-107#Inositol_polyphosphate_phosphatase_like_1		Class
http://www.semanticweb.org/fangli/ontologies/2019/2/untitled-ontology-107#Insulin_like_growth_factor_1		Class
http://www.semanticweb.org/fangli/ontologies/2019/2/untitled-ontology-107#Insulin_like_growth_factor_1_receptor		Class
http://www.semanticweb.org/fangli/ontologies/2019/2/untitled-ontology-107#Insulin_like_growth_factor_binding_protein_5		Class
http://www.semanticweb.org/fangli/ontologies/2019/2/untitled-ontology-107#Insulin_receptor		Class
http://www.semanticweb.org/fangli/ontologies/2019/2/untitled-ontology-107#Insulin_receptor_substrate_1		Class
http://www.semanticweb.org/fangli/ontologies/2019/2/untitled-ontology-107#Insulin_signaling		Class
http://www.semanticweb.org/fangli/ontologies/2019/2/untitled-ontology-107#Inter-alpha-trypsin_inhibitor_heavy_chain_2		Class
http://www.semanticweb.org/fangli/ontologies/2019/2/untitled-ontology-107#Interferon_induced_transmembrane_protein_2		Class
http://www.semanticweb.org/fangli/ontologies/2019/2/untitled-ontology-107#Interleukin_10		Class
http://www.semanticweb.org/fangli/ontologies/2019/2/untitled-ontology-107#Interleukin_10_receptor_subunit_alpha		Class
http://www.semanticweb.org/fangli/ontologies/2019/2/untitled-ontology-107#Interleukin_23_receptor		Class
http://www.semanticweb.org/fangli/ontologies/2019/2/untitled-ontology-107#Interleukin_6_signal_transducer		Class
http://www.semanticweb.org/fangli/ontologies/2019/2/untitled-ontology-107#Intermediate_pituitary_gland		Class
http://www.semanticweb.org/fangli/ontologies/2019/2/untitled-ontology-107#Internal_capsule		Class
http://www.semanticweb.org/fangli/ontologies/2019/2/untitled-ontology-107#Intracranial_Hypertension		Class
http://www.semanticweb.org/fangli/ontologies/2019/2/untitled-ontology-107#Intracranial_Hypotension		Class
http://www.semanticweb.org/fangli/ontologies/2019/2/untitled-ontology-107#Intralaminar_thalamic_nuclei		Class
http://www.semanticweb.org/fangli/ontologies/2019/2/untitled-ontology-107#Investigational_drug		Class
http://www.semanticweb.org/fangli/ontologies/2019/2/untitled-ontology-107#Irritability		Class
http://www.semanticweb.org/fangli/ontologies/2019/2/untitled-ontology-107#Islands_of_calleja		Class
http://www.semanticweb.org/fangli/ontologies/2019/2/untitled-ontology-107#Islet_cell_autoantigen_1		Class
http://www.semanticweb.org/fangli/ontologies/2019/2/untitled-ontology-107#Isocitrate_dehydrogenase_(NADP(+))_2,_mitochondrial		Class
http://www.semanticweb.org/fangli/ontologies/2019/2/untitled-ontology-107#Isoleucyl-trna_synthetase		Class
http://www.semanticweb.org/fangli/ontologies/2019/2/untitled-ontology-107#Jumonji_domain_containing_6,_arginine_demethylase_and_lysine_hydroxylase		Class
http://www.semanticweb.org/fangli/ontologies/2019/2/untitled-ontology-107#KH_RNA_binding_domain_containing,_signal_transduction_associated_2		Class
http://www.semanticweb.org/fangli/ontologies/2019/2/untitled-ontology-107#KIAA1549_like		Class
http://www.semanticweb.org/fangli/ontologies/2019/2/untitled-ontology-107#Kalirin_rhogef_kinase		Class
http://www.semanticweb.org/fangli/ontologies/2019/2/untitled-ontology-107#Karyopherin_subunit_beta_1		Class
http://www.semanticweb.org/fangli/ontologies/2019/2/untitled-ontology-107#Kinase_D_interacting_substrate_220		Class
http://www.semanticweb.org/fangli/ontologies/2019/2/untitled-ontology-107#Kinesin_family_member_13B		Class
http://www.semanticweb.org/fangli/ontologies/2019/2/untitled-ontology-107#Kluver-Bucy_Syndrome		Class
http://www.semanticweb.org/fangli/ontologies/2019/2/untitled-ontology-107#Kolliker-fuse_nucleus		Class
http://www.semanticweb.org/fangli/ontologies/2019/2/untitled-ontology-107#Kruppel_like_factor_15		Class
http://www.semanticweb.org/fangli/ontologies/2019/2/untitled-ontology-107#LIM_domain_binding_2		Class
http://www.semanticweb.org/fangli/ontologies/2019/2/untitled-ontology-107#LIM_domain_containing_preferred_translocation_partner_in_lipoma		Class
http://www.semanticweb.org/fangli/ontologies/2019/2/untitled-ontology-107#LRRK2		Class
http://www.semanticweb.org/fangli/ontologies/2019/2/untitled-ontology-107#LYL1,_basic_helix-loop-helix_family_member		Class
http://www.semanticweb.org/fangli/ontologies/2019/2/untitled-ontology-107#Lactotroph		Class
http://www.semanticweb.org/fangli/ontologies/2019/2/untitled-ontology-107#Lamin_A/C		Class
http://www.semanticweb.org/fangli/ontologies/2019/2/untitled-ontology-107#Lateral_hypothalamic_area		Class
http://www.semanticweb.org/fangli/ontologies/2019/2/untitled-ontology-107#Lateral_thalamic_nuclei		Class
http://www.semanticweb.org/fangli/ontologies/2019/2/untitled-ontology-107#Lateral_ventricle		Class
http://www.semanticweb.org/fangli/ontologies/2019/2/untitled-ontology-107#Lateral_vestibular_nucleus		Class
http://www.semanticweb.org/fangli/ontologies/2019/2/untitled-ontology-107#Leucine_rich_pentatricopeptide_repeat_containing		Class
http://www.semanticweb.org/fangli/ontologies/2019/2/untitled-ontology-107#Leukoaraiosis		Class
http://www.semanticweb.org/fangli/ontologies/2019/2/untitled-ontology-107#Leukocyte_immunoglobulin_like_receptor_B1		Class
http://www.semanticweb.org/fangli/ontologies/2019/2/untitled-ontology-107#Leukoencephalopathies		Class
http://www.semanticweb.org/fangli/ontologies/2019/2/untitled-ontology-107#Lewy_Body_Disease		Class
http://www.semanticweb.org/fangli/ontologies/2019/2/untitled-ontology-107#Ligand_of_numb-protein_X_1		Class
http://www.semanticweb.org/fangli/ontologies/2019/2/untitled-ontology-107#Limbic_lobe		Class
http://www.semanticweb.org/fangli/ontologies/2019/2/untitled-ontology-107#Limbic_system		Class
http://www.semanticweb.org/fangli/ontologies/2019/2/untitled-ontology-107#Lipin_1		Class
http://www.semanticweb.org/fangli/ontologies/2019/2/untitled-ontology-107#Locus_coeruleus		Class
http://www.semanticweb.org/fangli/ontologies/2019/2/untitled-ontology-107#Lonafarnib		Class
http://www.semanticweb.org/fangli/ontologies/2019/2/untitled-ontology-107#Long-term_memory_impairment		Class
http://www.semanticweb.org/fangli/ontologies/2019/2/untitled-ontology-107#Lorazepam		Class
http://www.semanticweb.org/fangli/ontologies/2019/2/untitled-ontology-107#Loss_of_synapse_and_synaptic_protein		Class
http://www.semanticweb.org/fangli/ontologies/2019/2/untitled-ontology-107#Low_probability		Class
http://www.semanticweb.org/fangli/ontologies/2019/2/untitled-ontology-107#Lymphatic_vessel_endothelial_hyaluronan_receptor_1		Class
http://www.semanticweb.org/fangli/ontologies/2019/2/untitled-ontology-107#Lymphocyte_activating_3		Class
http://www.semanticweb.org/fangli/ontologies/2019/2/untitled-ontology-107#Lysine_acetyltransferase_2B		Class
http://www.semanticweb.org/fangli/ontologies/2019/2/untitled-ontology-107#Lysine_demethylase_3B		Class
http://www.semanticweb.org/fangli/ontologies/2019/2/untitled-ontology-107#Lysosomal_protein_transmembrane_5		Class
http://www.semanticweb.org/fangli/ontologies/2019/2/untitled-ontology-107#MAF1_homolog,_negative_regulator_of_RNA_polymerase_III		Class
http://www.semanticweb.org/fangli/ontologies/2019/2/untitled-ontology-107#MAPK_signaling		Class
http://www.semanticweb.org/fangli/ontologies/2019/2/untitled-ontology-107#MAPT		Class
http://www.semanticweb.org/fangli/ontologies/2019/2/untitled-ontology-107#MPO		Class
http://www.semanticweb.org/fangli/ontologies/2019/2/untitled-ontology-107#MS4A6E		Class
http://www.semanticweb.org/fangli/ontologies/2019/2/untitled-ontology-107#Major_histocompatibility_complex,_class_II,_DR_alpha		Class
http://www.semanticweb.org/fangli/ontologies/2019/2/untitled-ontology-107#Malate_dehydrogenase_1		Class
http://www.semanticweb.org/fangli/ontologies/2019/2/untitled-ontology-107#Malate_dehydrogenase_2		Class
http://www.semanticweb.org/fangli/ontologies/2019/2/untitled-ontology-107#Mammillary_body		Class
http://www.semanticweb.org/fangli/ontologies/2019/2/untitled-ontology-107#Matrix_metallopeptidase_17		Class
http://www.semanticweb.org/fangli/ontologies/2019/2/untitled-ontology-107#Median_eminence		Class
http://www.semanticweb.org/fangli/ontologies/2019/2/untitled-ontology-107#Mediodorsal_thalamic_nucleus		Class
http://www.semanticweb.org/fangli/ontologies/2019/2/untitled-ontology-107#Medulla_oblongata		Class
http://www.semanticweb.org/fangli/ontologies/2019/2/untitled-ontology-107#Melanotroph		Class
http://www.semanticweb.org/fangli/ontologies/2019/2/untitled-ontology-107#Memantine		Class
http://www.semanticweb.org/fangli/ontologies/2019/2/untitled-ontology-107#Memantine_+_donepezil		Class
http://www.semanticweb.org/fangli/ontologies/2019/2/untitled-ontology-107#Membrane_spanning_4-domains_A2		Class
http://www.semanticweb.org/fangli/ontologies/2019/2/untitled-ontology-107#Membrane_spanning_4-domains_A4A		Class
http://www.semanticweb.org/fangli/ontologies/2019/2/untitled-ontology-107#Membrane_spanning_4-domains_A6A		Class
http://www.semanticweb.org/fangli/ontologies/2019/2/untitled-ontology-107#Memory_impairment		Class
http://www.semanticweb.org/fangli/ontologies/2019/2/untitled-ontology-107#Meninge		Class
http://www.semanticweb.org/fangli/ontologies/2019/2/untitled-ontology-107#Meningitis		Class
http://www.semanticweb.org/fangli/ontologies/2019/2/untitled-ontology-107#Mesencephalon		Class
http://www.semanticweb.org/fangli/ontologies/2019/2/untitled-ontology-107#Metabolic_Brain_Diseases		Class
http://www.semanticweb.org/fangli/ontologies/2019/2/untitled-ontology-107#Metabolic_drug		Class
http://www.semanticweb.org/fangli/ontologies/2019/2/untitled-ontology-107#Metabolic_process		Class
http://www.semanticweb.org/fangli/ontologies/2019/2/untitled-ontology-107#Metencephalon		Class
http://www.semanticweb.org/fangli/ontologies/2019/2/untitled-ontology-107#Methyl-cpg_binding_domain_protein_3		Class
http://www.semanticweb.org/fangli/ontologies/2019/2/untitled-ontology-107#Methylation		Class
http://www.semanticweb.org/fangli/ontologies/2019/2/untitled-ontology-107#Microscopic_lesion		Class
http://www.semanticweb.org/fangli/ontologies/2019/2/untitled-ontology-107#Microsomal_glutathione_S-transferase_3		Class
http://www.semanticweb.org/fangli/ontologies/2019/2/untitled-ontology-107#Microtubule_affinity_regulating_kinase_4		Class
http://www.semanticweb.org/fangli/ontologies/2019/2/untitled-ontology-107#Microtubule_associated_protein_1B		Class
http://www.semanticweb.org/fangli/ontologies/2019/2/untitled-ontology-107#Microtubule_associated_protein_2		Class
http://www.semanticweb.org/fangli/ontologies/2019/2/untitled-ontology-107#Microtubule_associated_protein_4		Class
http://www.semanticweb.org/fangli/ontologies/2019/2/untitled-ontology-107#Microtubule_associated_protein_7		Class
http://www.semanticweb.org/fangli/ontologies/2019/2/untitled-ontology-107#Midbrain_reticular_formation		Class
http://www.semanticweb.org/fangli/ontologies/2019/2/untitled-ontology-107#Middle_cerebellar_peduncle		Class
http://www.semanticweb.org/fangli/ontologies/2019/2/untitled-ontology-107#Middle_hypothalamus		Class
http://www.semanticweb.org/fangli/ontologies/2019/2/untitled-ontology-107#Midkine		Class
http://www.semanticweb.org/fangli/ontologies/2019/2/untitled-ontology-107#Midline_thalamic_nucleus		Class
http://www.semanticweb.org/fangli/ontologies/2019/2/untitled-ontology-107#Mild_cognitive_impairment_due_to_AD		Class
http://www.semanticweb.org/fangli/ontologies/2019/2/untitled-ontology-107#Mild_stage_of_dementia_due_to_AD		Class
http://www.semanticweb.org/fangli/ontologies/2019/2/untitled-ontology-107#Misidentification		Class
http://www.semanticweb.org/fangli/ontologies/2019/2/untitled-ontology-107#Mitochondrial_fission_factor		Class
http://www.semanticweb.org/fangli/ontologies/2019/2/untitled-ontology-107#Mitochondrial_ribosomal_protein_L1		Class
http://www.semanticweb.org/fangli/ontologies/2019/2/untitled-ontology-107#Mitochondrial_ribosomal_protein_L11		Class
http://www.semanticweb.org/fangli/ontologies/2019/2/untitled-ontology-107#Mitochondrial_ribosomal_protein_L12		Class
http://www.semanticweb.org/fangli/ontologies/2019/2/untitled-ontology-107#Mitochondrial_ribosomal_protein_L14		Class
http://www.semanticweb.org/fangli/ontologies/2019/2/untitled-ontology-107#Mitochondrial_ribosomal_protein_L15		Class
http://www.semanticweb.org/fangli/ontologies/2019/2/untitled-ontology-107#Mitochondrial_ribosomal_protein_L16		Class
http://www.semanticweb.org/fangli/ontologies/2019/2/untitled-ontology-107#Mitochondrial_ribosomal_protein_L17		Class
http://www.semanticweb.org/fangli/ontologies/2019/2/untitled-ontology-107#Mitochondrial_ribosomal_protein_L30		Class
http://www.semanticweb.org/fangli/ontologies/2019/2/untitled-ontology-107#Mitochondrial_ribosomal_protein_L37		Class
http://www.semanticweb.org/fangli/ontologies/2019/2/untitled-ontology-107#Mitochondrial_ribosomal_protein_L39		Class
http://www.semanticweb.org/fangli/ontologies/2019/2/untitled-ontology-107#Mitochondrial_ribosomal_protein_L40		Class
http://www.semanticweb.org/fangli/ontologies/2019/2/untitled-ontology-107#Mitochondrial_ribosomal_protein_L43		Class
http://www.semanticweb.org/fangli/ontologies/2019/2/untitled-ontology-107#Mitochondrial_ribosomal_protein_L44		Class
http://www.semanticweb.org/fangli/ontologies/2019/2/untitled-ontology-107#Mitochondrial_ribosomal_protein_L46		Class
http://www.semanticweb.org/fangli/ontologies/2019/2/untitled-ontology-107#Mitochondrial_ribosomal_protein_L48		Class
http://www.semanticweb.org/fangli/ontologies/2019/2/untitled-ontology-107#Mitochondrial_ribosomal_protein_L49		Class
http://www.semanticweb.org/fangli/ontologies/2019/2/untitled-ontology-107#Mitochondrial_ribosomal_protein_L50		Class
http://www.semanticweb.org/fangli/ontologies/2019/2/untitled-ontology-107#Mitochondrial_ribosomal_protein_L53		Class
http://www.semanticweb.org/fangli/ontologies/2019/2/untitled-ontology-107#Mitochondrial_ribosomal_protein_L57		Class
http://www.semanticweb.org/fangli/ontologies/2019/2/untitled-ontology-107#Mitochondrial_ribosomal_protein_L58		Class
http://www.semanticweb.org/fangli/ontologies/2019/2/untitled-ontology-107#Mitochondrial_ribosomal_protein_S15		Class
http://www.semanticweb.org/fangli/ontologies/2019/2/untitled-ontology-107#Mitochondrial_ribosomal_protein_S16		Class
http://www.semanticweb.org/fangli/ontologies/2019/2/untitled-ontology-107#Mitochondrial_ribosomal_protein_S2		Class
http://www.semanticweb.org/fangli/ontologies/2019/2/untitled-ontology-107#Mitochondrial_ribosomal_protein_S22		Class
http://www.semanticweb.org/fangli/ontologies/2019/2/untitled-ontology-107#Mitochondrial_ribosomal_protein_S23		Class
http://www.semanticweb.org/fangli/ontologies/2019/2/untitled-ontology-107#Mitogen-activated_protein_kinase_1		Class
http://www.semanticweb.org/fangli/ontologies/2019/2/untitled-ontology-107#Mitogen-activated_protein_kinase_9		Class
http://www.semanticweb.org/fangli/ontologies/2019/2/untitled-ontology-107#Moderate_stage_of_dementia_due_to_AD		Class
http://www.semanticweb.org/fangli/ontologies/2019/2/untitled-ontology-107#Moesin		Class
http://www.semanticweb.org/fangli/ontologies/2019/2/untitled-ontology-107#Molecular_carrier_activity		Class
http://www.semanticweb.org/fangli/ontologies/2019/2/untitled-ontology-107#Molecular_function		Class
http://www.semanticweb.org/fangli/ontologies/2019/2/untitled-ontology-107#Molecular_function_regulator		Class
http://www.semanticweb.org/fangli/ontologies/2019/2/untitled-ontology-107#Molecular_sequestering_activity		Class
http://www.semanticweb.org/fangli/ontologies/2019/2/untitled-ontology-107#Molecular_transducer_activity		Class
http://www.semanticweb.org/fangli/ontologies/2019/2/untitled-ontology-107#Mood_symptom		Class
http://www.semanticweb.org/fangli/ontologies/2019/2/untitled-ontology-107#Motogenic_signaling_initiating_cell_movement_in_cerebral_cortex		Class
http://www.semanticweb.org/fangli/ontologies/2019/2/untitled-ontology-107#Motogenic_signaling_involved_in_interneuron_migration_from_the_subpallium_to_the_cortex		Class
http://www.semanticweb.org/fangli/ontologies/2019/2/untitled-ontology-107#Motogenic_signaling_involved_in_postnatal_olfactory_bulb_interneuron_migration		Class
http://www.semanticweb.org/fangli/ontologies/2019/2/untitled-ontology-107#Motor_cortex		Class
http://www.semanticweb.org/fangli/ontologies/2019/2/untitled-ontology-107#Movement_Disorders		Class
http://www.semanticweb.org/fangli/ontologies/2019/2/untitled-ontology-107#Multi-organism_metabolic_process		Class
http://www.semanticweb.org/fangli/ontologies/2019/2/untitled-ontology-107#Multicellular_organismal_signaling		Class
http://www.semanticweb.org/fangli/ontologies/2019/2/untitled-ontology-107#Myelencephalon		Class
http://www.semanticweb.org/fangli/ontologies/2019/2/untitled-ontology-107#Myelin-associated_oligodendrocyte_basic_protein		Class
http://www.semanticweb.org/fangli/ontologies/2019/2/untitled-ontology-107#Myelin_oligodendrocyte_glycoprotein		Class
http://www.semanticweb.org/fangli/ontologies/2019/2/untitled-ontology-107#Myelin_regulatory_factor		Class
http://www.semanticweb.org/fangli/ontologies/2019/2/untitled-ontology-107#Myocyte_enhancer_factor_2C		Class
http://www.semanticweb.org/fangli/ontologies/2019/2/untitled-ontology-107#Myosin_ID		Class
http://www.semanticweb.org/fangli/ontologies/2019/2/untitled-ontology-107#Myotubularin_related_protein_10		Class
http://www.semanticweb.org/fangli/ontologies/2019/2/untitled-ontology-107#N-ethylmaleimide_sensitive_factor,_vesicle_fusing_atpase		Class
http://www.semanticweb.org/fangli/ontologies/2019/2/untitled-ontology-107#NADH:ubiquinone_oxidoreductase_core_subunit_S1		Class
http://www.semanticweb.org/fangli/ontologies/2019/2/untitled-ontology-107#NADH:ubiquinone_oxidoreductase_core_subunit_S2		Class
http://www.semanticweb.org/fangli/ontologies/2019/2/untitled-ontology-107#NADH:ubiquinone_oxidoreductase_core_subunit_S7		Class
http://www.semanticweb.org/fangli/ontologies/2019/2/untitled-ontology-107#NADH:ubiquinone_oxidoreductase_core_subunit_V1		Class
http://www.semanticweb.org/fangli/ontologies/2019/2/untitled-ontology-107#NADH:ubiquinone_oxidoreductase_subunit_A10		Class
http://www.semanticweb.org/fangli/ontologies/2019/2/untitled-ontology-107#NADH:ubiquinone_oxidoreductase_subunit_A11		Class
http://www.semanticweb.org/fangli/ontologies/2019/2/untitled-ontology-107#NADH:ubiquinone_oxidoreductase_subunit_A13		Class
http://www.semanticweb.org/fangli/ontologies/2019/2/untitled-ontology-107#NADH:ubiquinone_oxidoreductase_subunit_A9		Class
http://www.semanticweb.org/fangli/ontologies/2019/2/untitled-ontology-107#NADH_metabolic_process		Class
http://www.semanticweb.org/fangli/ontologies/2019/2/untitled-ontology-107#NADP_metabolic_process		Class
http://www.semanticweb.org/fangli/ontologies/2019/2/untitled-ontology-107#NAD_metabolic_process		Class
http://www.semanticweb.org/fangli/ontologies/2019/2/untitled-ontology-107#NECAB3		Class
http://www.semanticweb.org/fangli/ontologies/2019/2/untitled-ontology-107#NEDD4_binding_protein_3		Class
http://www.semanticweb.org/fangli/ontologies/2019/2/untitled-ontology-107#NFKB_inhibitor_alpha		Class
http://www.semanticweb.org/fangli/ontologies/2019/2/untitled-ontology-107#NFKB_inhibitor_zeta		Class
http://www.semanticweb.org/fangli/ontologies/2019/2/untitled-ontology-107#NFS1,_cysteine_desulfurase		Class
http://www.semanticweb.org/fangli/ontologies/2019/2/untitled-ontology-107#NHS_like_1		Class
http://www.semanticweb.org/fangli/ontologies/2019/2/untitled-ontology-107#NLR_family_CARD_domain_containing_5		Class
http://www.semanticweb.org/fangli/ontologies/2019/2/untitled-ontology-107#NMDA_receptor_antagonist		Class
http://www.semanticweb.org/fangli/ontologies/2019/2/untitled-ontology-107#NME8		Class
http://www.semanticweb.org/fangli/ontologies/2019/2/untitled-ontology-107#NOS3		Class
http://www.semanticweb.org/fangli/ontologies/2019/2/untitled-ontology-107#NPC1		Class
http://www.semanticweb.org/fangli/ontologies/2019/2/untitled-ontology-107#NUAK_family_kinase_2		Class
http://www.semanticweb.org/fangli/ontologies/2019/2/untitled-ontology-107#Neocortex		Class
http://www.semanticweb.org/fangli/ontologies/2019/2/untitled-ontology-107#Neostriatum		Class
http://www.semanticweb.org/fangli/ontologies/2019/2/untitled-ontology-107#Nervous_System_Diseases		Class
http://www.semanticweb.org/fangli/ontologies/2019/2/untitled-ontology-107#Nervous_System_Malformations		Class
http://www.semanticweb.org/fangli/ontologies/2019/2/untitled-ontology-107#Nervous_System_Neoplasms		Class
http://www.semanticweb.org/fangli/ontologies/2019/2/untitled-ontology-107#Nervous_System_Trauma		Class
http://www.semanticweb.org/fangli/ontologies/2019/2/untitled-ontology-107#Neural_development		Class
http://www.semanticweb.org/fangli/ontologies/2019/2/untitled-ontology-107#Neuregulin_1		Class
http://www.semanticweb.org/fangli/ontologies/2019/2/untitled-ontology-107#Neurexin_3		Class
http://www.semanticweb.org/fangli/ontologies/2019/2/untitled-ontology-107#Neuritin_1		Class
http://www.semanticweb.org/fangli/ontologies/2019/2/untitled-ontology-107#Neuroaxonal_Dystrophies		Class
http://www.semanticweb.org/fangli/ontologies/2019/2/untitled-ontology-107#Neurocutaneous_Syndromes		Class
http://www.semanticweb.org/fangli/ontologies/2019/2/untitled-ontology-107#Neurodegenerative_Diseases		Class
http://www.semanticweb.org/fangli/ontologies/2019/2/untitled-ontology-107#Neurofibrillary_degeneration		Class
http://www.semanticweb.org/fangli/ontologies/2019/2/untitled-ontology-107#Neurofilament_light		Class
http://www.semanticweb.org/fangli/ontologies/2019/2/untitled-ontology-107#Neuroinflammation		Class
http://www.semanticweb.org/fangli/ontologies/2019/2/untitled-ontology-107#Neurologic_Manifestations		Class
http://www.semanticweb.org/fangli/ontologies/2019/2/untitled-ontology-107#Neuromuscular_Diseases		Class
http://www.semanticweb.org/fangli/ontologies/2019/2/untitled-ontology-107#Neuron_death		Class
http://www.semanticweb.org/fangli/ontologies/2019/2/untitled-ontology-107#Neuronal_differentiation_6		Class
http://www.semanticweb.org/fangli/ontologies/2019/2/untitled-ontology-107#Neuronal_tyrosine_phosphorylated_phosphoinositide-3-kinase_adaptor_1		Class
http://www.semanticweb.org/fangli/ontologies/2019/2/untitled-ontology-107#Neuroprotective_drug		Class
http://www.semanticweb.org/fangli/ontologies/2019/2/untitled-ontology-107#Neurotoxicity_Syndromes		Class
http://www.semanticweb.org/fangli/ontologies/2019/2/untitled-ontology-107#Neurotransmitter_based_drug		Class
http://www.semanticweb.org/fangli/ontologies/2019/2/untitled-ontology-107#Neurotrophin_signaling		Class
http://www.semanticweb.org/fangli/ontologies/2019/2/untitled-ontology-107#Nicotinamide_nucleotide_adenylyltransferase_2		Class
http://www.semanticweb.org/fangli/ontologies/2019/2/untitled-ontology-107#Nicotinamide_nucleotide_transhydrogenase		Class
http://www.semanticweb.org/fangli/ontologies/2019/2/untitled-ontology-107#Nipsnap_homolog_2		Class
http://www.semanticweb.org/fangli/ontologies/2019/2/untitled-ontology-107#Nitrogen_compound_metabolic_process		Class
http://www.semanticweb.org/fangli/ontologies/2019/2/untitled-ontology-107#Nocturnal_disruption		Class
http://www.semanticweb.org/fangli/ontologies/2019/2/untitled-ontology-107#Non-POU_domain_containing_octamer_binding		Class
http://www.semanticweb.org/fangli/ontologies/2019/2/untitled-ontology-107#Noradrenergic_and_specific_serotonergic_antidepressant		Class
http://www.semanticweb.org/fangli/ontologies/2019/2/untitled-ontology-107#Notch_signalling		Class
http://www.semanticweb.org/fangli/ontologies/2019/2/untitled-ontology-107#Nuclear_protein_1,_transcriptional_regulator		Class
http://www.semanticweb.org/fangli/ontologies/2019/2/untitled-ontology-107#Nuclear_receptor_subfamily_1_group_H_member_2		Class
http://www.semanticweb.org/fangli/ontologies/2019/2/untitled-ontology-107#Nuclear_receptor_subfamily_1_group_H_member_3		Class
http://www.semanticweb.org/fangli/ontologies/2019/2/untitled-ontology-107#Nuclear_receptor_subfamily_1_group_H_member_4		Class
http://www.semanticweb.org/fangli/ontologies/2019/2/untitled-ontology-107#Nuclear_receptor_subfamily_3_group_C_member_1		Class
http://www.semanticweb.org/fangli/ontologies/2019/2/untitled-ontology-107#Nuclear_receptor_subfamily_5_group_A_member_2		Class
http://www.semanticweb.org/fangli/ontologies/2019/2/untitled-ontology-107#Nucleophosmin/nucleoplasmin_3		Class
http://www.semanticweb.org/fangli/ontologies/2019/2/untitled-ontology-107#Nucleus_accumbens		Class
http://www.semanticweb.org/fangli/ontologies/2019/2/untitled-ontology-107#Nutrient_reservoir_activity		Class
http://www.semanticweb.org/fangli/ontologies/2019/2/untitled-ontology-107#Occipital_lobe		Class
http://www.semanticweb.org/fangli/ontologies/2019/2/untitled-ontology-107#Ocular_Motility_Disorders		Class
http://www.semanticweb.org/fangli/ontologies/2019/2/untitled-ontology-107#Oculomotor_nuclear_complex		Class
http://www.semanticweb.org/fangli/ontologies/2019/2/untitled-ontology-107#Olanzapine		Class
http://www.semanticweb.org/fangli/ontologies/2019/2/untitled-ontology-107#Olfactomedin_1		Class
http://www.semanticweb.org/fangli/ontologies/2019/2/untitled-ontology-107#Olfactomedin_3		Class
http://www.semanticweb.org/fangli/ontologies/2019/2/untitled-ontology-107#Olfactory_bulb		Class
http://www.semanticweb.org/fangli/ontologies/2019/2/untitled-ontology-107#Olfactory_cortex		Class
http://www.semanticweb.org/fangli/ontologies/2019/2/untitled-ontology-107#Olfactory_pathway		Class
http://www.semanticweb.org/fangli/ontologies/2019/2/untitled-ontology-107#Olfactory_tubercle		Class
http://www.semanticweb.org/fangli/ontologies/2019/2/untitled-ontology-107#Oligodendrocytic_myelin_paranodal_and_inner_loop_protein		Class
http://www.semanticweb.org/fangli/ontologies/2019/2/untitled-ontology-107#Olivary_nucleus		Class
http://www.semanticweb.org/fangli/ontologies/2019/2/untitled-ontology-107#Optic_chiasm		Class
http://www.semanticweb.org/fangli/ontologies/2019/2/untitled-ontology-107#Optic_tract		Class
http://www.semanticweb.org/fangli/ontologies/2019/2/untitled-ontology-107#Organic_substance_metabolic_process		Class
http://www.semanticweb.org/fangli/ontologies/2019/2/untitled-ontology-107#Organum_vasculosum		Class
http://www.semanticweb.org/fangli/ontologies/2019/2/untitled-ontology-107#Oxazepam		Class
http://www.semanticweb.org/fangli/ontologies/2019/2/untitled-ontology-107#Oxidation-reduction_process		Class
http://www.semanticweb.org/fangli/ontologies/2019/2/untitled-ontology-107#Oxidation_resistance_1		Class
http://www.semanticweb.org/fangli/ontologies/2019/2/untitled-ontology-107#P21_(RAC1)_activated_kinase_1		Class
http://www.semanticweb.org/fangli/ontologies/2019/2/untitled-ontology-107#PHD_finger_protein_24		Class
http://www.semanticweb.org/fangli/ontologies/2019/2/untitled-ontology-107#PLA2G6		Class
http://www.semanticweb.org/fangli/ontologies/2019/2/untitled-ontology-107#PLAU		Class
http://www.semanticweb.org/fangli/ontologies/2019/2/untitled-ontology-107#PNMA_family_member_2		Class
http://www.semanticweb.org/fangli/ontologies/2019/2/untitled-ontology-107#PRKN		Class
http://www.semanticweb.org/fangli/ontologies/2019/2/untitled-ontology-107#PRNP		Class
http://www.semanticweb.org/fangli/ontologies/2019/2/untitled-ontology-107#PSEN1		Class
http://www.semanticweb.org/fangli/ontologies/2019/2/untitled-ontology-107#PSEN2		Class
http://www.semanticweb.org/fangli/ontologies/2019/2/untitled-ontology-107#PTK2B		Class
http://www.semanticweb.org/fangli/ontologies/2019/2/untitled-ontology-107#PTTG1_interacting_protein		Class
http://www.semanticweb.org/fangli/ontologies/2019/2/untitled-ontology-107#Paired_box_6		Class
http://www.semanticweb.org/fangli/ontologies/2019/2/untitled-ontology-107#Parabrachial_nucleus		Class
http://www.semanticweb.org/fangli/ontologies/2019/2/untitled-ontology-107#Parahippocampal_gyrus		Class
http://www.semanticweb.org/fangli/ontologies/2019/2/untitled-ontology-107#Paraventricular_hypothalamic_nucleus		Class
http://www.semanticweb.org/fangli/ontologies/2019/2/untitled-ontology-107#Parietal_lobe		Class
http://www.semanticweb.org/fangli/ontologies/2019/2/untitled-ontology-107#Paroxetine		Class
http://www.semanticweb.org/fangli/ontologies/2019/2/untitled-ontology-107#Pars_compacta		Class
http://www.semanticweb.org/fangli/ontologies/2019/2/untitled-ontology-107#Pars_reticulata		Class
http://www.semanticweb.org/fangli/ontologies/2019/2/untitled-ontology-107#Pathology		Class
http://www.semanticweb.org/fangli/ontologies/2019/2/untitled-ontology-107#Pathway		Class
http://www.semanticweb.org/fangli/ontologies/2019/2/untitled-ontology-107#Pedunculopontine_tegmental_nucleus		Class
http://www.semanticweb.org/fangli/ontologies/2019/2/untitled-ontology-107#Peptidyl_arginine_deiminase_2		Class
http://www.semanticweb.org/fangli/ontologies/2019/2/untitled-ontology-107#Perforant_pathway		Class
http://www.semanticweb.org/fangli/ontologies/2019/2/untitled-ontology-107#Periamygdaloid_cortex		Class
http://www.semanticweb.org/fangli/ontologies/2019/2/untitled-ontology-107#Periaqueductal_gray		Class
http://www.semanticweb.org/fangli/ontologies/2019/2/untitled-ontology-107#Perilipin_4		Class
http://www.semanticweb.org/fangli/ontologies/2019/2/untitled-ontology-107#Perirhinal_cortex		Class
http://www.semanticweb.org/fangli/ontologies/2019/2/untitled-ontology-107#Peroxiredoxin_1		Class
http://www.semanticweb.org/fangli/ontologies/2019/2/untitled-ontology-107#Peroxiredoxin_6		Class
http://www.semanticweb.org/fangli/ontologies/2019/2/untitled-ontology-107#Peroxisome_proliferator_activated_receptor_alpha		Class
http://www.semanticweb.org/fangli/ontologies/2019/2/untitled-ontology-107#Phosphatidylinositol-3,4,5-trisphosphate_dependent_Rac_exchange_factor_1		Class
http://www.semanticweb.org/fangli/ontologies/2019/2/untitled-ontology-107#Phosphatidylinositol-4,5-bisphosphate_3-kinase_catalytic_subunit_alpha		Class
http://www.semanticweb.org/fangli/ontologies/2019/2/untitled-ontology-107#Phosphatidylinositol-4,5-bisphosphate_3-kinase_catalytic_subunit_beta		Class
http://www.semanticweb.org/fangli/ontologies/2019/2/untitled-ontology-107#Phosphatidylinositol_binding_clathrin_assembly_protein		Class
http://www.semanticweb.org/fangli/ontologies/2019/2/untitled-ontology-107#Phosphofructokinase,_platelet		Class
http://www.semanticweb.org/fangli/ontologies/2019/2/untitled-ontology-107#Phosphoglucomutase_2_like_1		Class
http://www.semanticweb.org/fangli/ontologies/2019/2/untitled-ontology-107#Phosphoglycerate_dehydrogenase		Class
http://www.semanticweb.org/fangli/ontologies/2019/2/untitled-ontology-107#Phospholipase_C_beta_1		Class
http://www.semanticweb.org/fangli/ontologies/2019/2/untitled-ontology-107#Phospholipase_C_gamma_2		Class
http://www.semanticweb.org/fangli/ontologies/2019/2/untitled-ontology-107#Phospholipase_D_family_member_4		Class
http://www.semanticweb.org/fangli/ontologies/2019/2/untitled-ontology-107#Phospholipid_phosphatase_related_4		Class
http://www.semanticweb.org/fangli/ontologies/2019/2/untitled-ontology-107#Phosphoserine_phosphatase		Class
http://www.semanticweb.org/fangli/ontologies/2019/2/untitled-ontology-107#Physical_difficulty		Class
http://www.semanticweb.org/fangli/ontologies/2019/2/untitled-ontology-107#Pia_mater		Class
http://www.semanticweb.org/fangli/ontologies/2019/2/untitled-ontology-107#Pigment_metabolic_process		Class
http://www.semanticweb.org/fangli/ontologies/2019/2/untitled-ontology-107#Pineal_gland		Class
http://www.semanticweb.org/fangli/ontologies/2019/2/untitled-ontology-107#Piperidine		Class
http://www.semanticweb.org/fangli/ontologies/2019/2/untitled-ontology-107#Piriform_cortex		Class
http://www.semanticweb.org/fangli/ontologies/2019/2/untitled-ontology-107#Pituitary_gland		Class
http://www.semanticweb.org/fangli/ontologies/2019/2/untitled-ontology-107#Plasmolipin		Class
http://www.semanticweb.org/fangli/ontologies/2019/2/untitled-ontology-107#Platelet_activating_factor_acetylhydrolase_1b_catalytic_subunit_3		Class
http://www.semanticweb.org/fangli/ontologies/2019/2/untitled-ontology-107#Pleckstrin_homology,_myth4_and_FERM_domain_containing_H1		Class
http://www.semanticweb.org/fangli/ontologies/2019/2/untitled-ontology-107#Plectin		Class
http://www.semanticweb.org/fangli/ontologies/2019/2/untitled-ontology-107#Pleiotrophin		Class
http://www.semanticweb.org/fangli/ontologies/2019/2/untitled-ontology-107#Plexin_A1		Class
http://www.semanticweb.org/fangli/ontologies/2019/2/untitled-ontology-107#Plexin_B1		Class
http://www.semanticweb.org/fangli/ontologies/2019/2/untitled-ontology-107#Pneumocephalus		Class
http://www.semanticweb.org/fangli/ontologies/2019/2/untitled-ontology-107#Poly(A)_polymerase_alpha		Class
http://www.semanticweb.org/fangli/ontologies/2019/2/untitled-ontology-107#Poly(ADP-ribose)_polymerase_family_member_9		Class
http://www.semanticweb.org/fangli/ontologies/2019/2/untitled-ontology-107#Pons		Class
http://www.semanticweb.org/fangli/ontologies/2019/2/untitled-ontology-107#Pontine_tegmentum		Class
http://www.semanticweb.org/fangli/ontologies/2019/2/untitled-ontology-107#Poor_judgment		Class
http://www.semanticweb.org/fangli/ontologies/2019/2/untitled-ontology-107#Posterior_cerebellar_commissure		Class
http://www.semanticweb.org/fangli/ontologies/2019/2/untitled-ontology-107#Posterior_horn_cell		Class
http://www.semanticweb.org/fangli/ontologies/2019/2/untitled-ontology-107#Posterior_hypothalamus		Class
http://www.semanticweb.org/fangli/ontologies/2019/2/untitled-ontology-107#Posterior_pituitary_gland		Class
http://www.semanticweb.org/fangli/ontologies/2019/2/untitled-ontology-107#Posterior_thalamic_nucleus		Class
http://www.semanticweb.org/fangli/ontologies/2019/2/untitled-ontology-107#Potassium_two_pore_domain_channel_subfamily_K_member_4		Class
http://www.semanticweb.org/fangli/ontologies/2019/2/untitled-ontology-107#Potassium_voltage-gated_channel_interacting_protein_1		Class
http://www.semanticweb.org/fangli/ontologies/2019/2/untitled-ontology-107#Potassium_voltage-gated_channel_subfamily_C_member_2		Class
http://www.semanticweb.org/fangli/ontologies/2019/2/untitled-ontology-107#Potassium_voltage-gated_channel_subfamily_D_member_3		Class
http://www.semanticweb.org/fangli/ontologies/2019/2/untitled-ontology-107#Potassium_voltage-gated_channel_subfamily_J_member_3		Class
http://www.semanticweb.org/fangli/ontologies/2019/2/untitled-ontology-107#Potassium_voltage-gated_channel_subfamily_Q_member_5		Class
http://www.semanticweb.org/fangli/ontologies/2019/2/untitled-ontology-107#Preclinical_AD		Class
http://www.semanticweb.org/fangli/ontologies/2019/2/untitled-ontology-107#Prefrontal_cortex		Class
http://www.semanticweb.org/fangli/ontologies/2019/2/untitled-ontology-107#Preoptic_area		Class
http://www.semanticweb.org/fangli/ontologies/2019/2/untitled-ontology-107#Presymptomatic_AD		Class
http://www.semanticweb.org/fangli/ontologies/2019/2/untitled-ontology-107#Pretectal_region		Class
http://www.semanticweb.org/fangli/ontologies/2019/2/untitled-ontology-107#Primary_Progressive_Aphasia		Class
http://www.semanticweb.org/fangli/ontologies/2019/2/untitled-ontology-107#Primary_metabolic_process		Class
http://www.semanticweb.org/fangli/ontologies/2019/2/untitled-ontology-107#Probability		Class
http://www.semanticweb.org/fangli/ontologies/2019/2/untitled-ontology-107#Programmed_cell_death_1		Class
http://www.semanticweb.org/fangli/ontologies/2019/2/untitled-ontology-107#Prolyl_endopeptidase_like		Class
http://www.semanticweb.org/fangli/ontologies/2019/2/untitled-ontology-107#Prosaposin		Class
http://www.semanticweb.org/fangli/ontologies/2019/2/untitled-ontology-107#Prosencephalon		Class
http://www.semanticweb.org/fangli/ontologies/2019/2/untitled-ontology-107#Protein		Class
http://www.semanticweb.org/fangli/ontologies/2019/2/untitled-ontology-107#Protein_folding_chaperone		Class
http://www.semanticweb.org/fangli/ontologies/2019/2/untitled-ontology-107#Protein_kinase_C_and_casein_kinase_substrate_in_neurons_1		Class
http://www.semanticweb.org/fangli/ontologies/2019/2/untitled-ontology-107#Protein_kinase_camp-dependent_type_II_regulatory_subunit_beta		Class
http://www.semanticweb.org/fangli/ontologies/2019/2/untitled-ontology-107#Protein_phosphatase_1_catalytic_subunit_gamma		Class
http://www.semanticweb.org/fangli/ontologies/2019/2/untitled-ontology-107#Protein_phosphatase_1_regulatory_subunit_18		Class
http://www.semanticweb.org/fangli/ontologies/2019/2/untitled-ontology-107#Protein_phosphatase_1_regulatory_subunit_7		Class
http://www.semanticweb.org/fangli/ontologies/2019/2/untitled-ontology-107#Protein_phosphatase_3_catalytic_subunit_alpha		Class
http://www.semanticweb.org/fangli/ontologies/2019/2/untitled-ontology-107#Protein_tag		Class
http://www.semanticweb.org/fangli/ontologies/2019/2/untitled-ontology-107#Protein_tyrosine_phosphatase,_receptor_type_R		Class
http://www.semanticweb.org/fangli/ontologies/2019/2/untitled-ontology-107#Protein_tyrosine_phosphatase,_receptor_type_Z1		Class
http://www.semanticweb.org/fangli/ontologies/2019/2/untitled-ontology-107#Proteolipid_protein_1		Class
http://www.semanticweb.org/fangli/ontologies/2019/2/untitled-ontology-107#Psychotic_symptom		Class
http://www.semanticweb.org/fangli/ontologies/2019/2/untitled-ontology-107#Psychotropic_drug		Class
http://www.semanticweb.org/fangli/ontologies/2019/2/untitled-ontology-107#Pulvinar		Class
http://www.semanticweb.org/fangli/ontologies/2019/2/untitled-ontology-107#Purinergic_receptor_P2Y12		Class
http://www.semanticweb.org/fangli/ontologies/2019/2/untitled-ontology-107#Purinergic_receptor_P2Y13		Class
http://www.semanticweb.org/fangli/ontologies/2019/2/untitled-ontology-107#Purkinje_cell		Class
http://www.semanticweb.org/fangli/ontologies/2019/2/untitled-ontology-107#Putamen		Class
http://www.semanticweb.org/fangli/ontologies/2019/2/untitled-ontology-107#Pyramidal_tract		Class
http://www.semanticweb.org/fangli/ontologies/2019/2/untitled-ontology-107#Pyruvate_dehydrogenase_E1_alpha_1_subunit		Class
http://www.semanticweb.org/fangli/ontologies/2019/2/untitled-ontology-107#Pyruvate_dehydrogenase_E1_beta_subunit		Class
http://www.semanticweb.org/fangli/ontologies/2019/2/untitled-ontology-107#Quetiapine		Class
http://www.semanticweb.org/fangli/ontologies/2019/2/untitled-ontology-107#RAB21,_member_RAS_oncogene_family		Class
http://www.semanticweb.org/fangli/ontologies/2019/2/untitled-ontology-107#RAB27B,_member_RAS_oncogene_family		Class
http://www.semanticweb.org/fangli/ontologies/2019/2/untitled-ontology-107#RAB3A,_member_RAS_oncogene_family		Class
http://www.semanticweb.org/fangli/ontologies/2019/2/untitled-ontology-107#RCAN1		Class
http://www.semanticweb.org/fangli/ontologies/2019/2/untitled-ontology-107#RE1_silencing_transcription_factor		Class
http://www.semanticweb.org/fangli/ontologies/2019/2/untitled-ontology-107#RUN_and_FYVE_domain_containing_3		Class
http://www.semanticweb.org/fangli/ontologies/2019/2/untitled-ontology-107#Rabaptin,_RAB_gtpase_binding_effector_protein_1		Class
http://www.semanticweb.org/fangli/ontologies/2019/2/untitled-ontology-107#Rabaptin,_RAB_gtpase_binding_effector_protein_2		Class
http://www.semanticweb.org/fangli/ontologies/2019/2/untitled-ontology-107#Rabphilin_3A		Class
http://www.semanticweb.org/fangli/ontologies/2019/2/untitled-ontology-107#Raphe_nucleus		Class
http://www.semanticweb.org/fangli/ontologies/2019/2/untitled-ontology-107#Ras_and_Rab_interactor_3		Class
http://www.semanticweb.org/fangli/ontologies/2019/2/untitled-ontology-107#Ras_responsive_element_binding_protein_1		Class
http://www.semanticweb.org/fangli/ontologies/2019/2/untitled-ontology-107#Red_nucleus		Class
http://www.semanticweb.org/fangli/ontologies/2019/2/untitled-ontology-107#Regenerative_drug		Class
http://www.semanticweb.org/fangli/ontologies/2019/2/untitled-ontology-107#Regulating_synaptic_membrane_exocytosis_2		Class
http://www.semanticweb.org/fangli/ontologies/2019/2/untitled-ontology-107#Respiratory_burst		Class
http://www.semanticweb.org/fangli/ontologies/2019/2/untitled-ontology-107#Respiratory_center		Class
http://www.semanticweb.org/fangli/ontologies/2019/2/untitled-ontology-107#Restless_Legs_Syndrome		Class
http://www.semanticweb.org/fangli/ontologies/2019/2/untitled-ontology-107#Ret_proto-oncogene		Class
http://www.semanticweb.org/fangli/ontologies/2019/2/untitled-ontology-107#Reticular_formation		Class
http://www.semanticweb.org/fangli/ontologies/2019/2/untitled-ontology-107#Reticulon_1		Class
http://www.semanticweb.org/fangli/ontologies/2019/2/untitled-ontology-107#Reticulon_3		Class
http://www.semanticweb.org/fangli/ontologies/2019/2/untitled-ontology-107#Reticulon_4		Class
http://www.semanticweb.org/fangli/ontologies/2019/2/untitled-ontology-107#Retinoid_X_receptor_alpha		Class
http://www.semanticweb.org/fangli/ontologies/2019/2/untitled-ontology-107#Rhes		Class
http://www.semanticweb.org/fangli/ontologies/2019/2/untitled-ontology-107#Rhes		Named individual
http://www.semanticweb.org/fangli/ontologies/2019/2/untitled-ontology-107#Rho_gtpase_activating_protein_26		Class
http://www.semanticweb.org/fangli/ontologies/2019/2/untitled-ontology-107#Rhombencephalon		Class
http://www.semanticweb.org/fangli/ontologies/2019/2/untitled-ontology-107#Ribonucleotide_reductase_catalytic_subunit_M1		Class
http://www.semanticweb.org/fangli/ontologies/2019/2/untitled-ontology-107#Ribonucleotide_reductase_regulatory_TP53_inducible_subunit_M2B		Class
http://www.semanticweb.org/fangli/ontologies/2019/2/untitled-ontology-107#Ribosomal_protein_S6_kinase_A2		Class
http://www.semanticweb.org/fangli/ontologies/2019/2/untitled-ontology-107#Risperidone		Class
http://www.semanticweb.org/fangli/ontologies/2019/2/untitled-ontology-107#Rivastigmine		Class
http://www.semanticweb.org/fangli/ontologies/2019/2/untitled-ontology-107#Roundabout_guidance_receptor_1		Class
http://www.semanticweb.org/fangli/ontologies/2019/2/untitled-ontology-107#S100_calcium_binding_protein_A4		Class
http://www.semanticweb.org/fangli/ontologies/2019/2/untitled-ontology-107#S100_calcium_binding_protein_A6		Class
http://www.semanticweb.org/fangli/ontologies/2019/2/untitled-ontology-107#S100_calcium_binding_protein_A8		Class
http://www.semanticweb.org/fangli/ontologies/2019/2/untitled-ontology-107#S100_calcium_binding_protein_A9		Class
http://www.semanticweb.org/fangli/ontologies/2019/2/untitled-ontology-107#SAM_and_SH3_domain_containing_1		Class
http://www.semanticweb.org/fangli/ontologies/2019/2/untitled-ontology-107#SH3_domain_GRB2_like_endophilin_interacting_protein_1		Class
http://www.semanticweb.org/fangli/ontologies/2019/2/untitled-ontology-107#SH3_domain_containing_GRB2_like,_endophilin_B2		Class
http://www.semanticweb.org/fangli/ontologies/2019/2/untitled-ontology-107#SLC24A4/RIN3		Class
http://www.semanticweb.org/fangli/ontologies/2019/2/untitled-ontology-107#SLIT_and_NTRK_like_family_member_4		Class
http://www.semanticweb.org/fangli/ontologies/2019/2/untitled-ontology-107#SMAD_family_member_4		Class
http://www.semanticweb.org/fangli/ontologies/2019/2/untitled-ontology-107#SNCB		Class
http://www.semanticweb.org/fangli/ontologies/2019/2/untitled-ontology-107#SORL1		Class
http://www.semanticweb.org/fangli/ontologies/2019/2/untitled-ontology-107#SPG7,_paraplegin_matrix_AAA_peptidase_subunit		Class
http://www.semanticweb.org/fangli/ontologies/2019/2/untitled-ontology-107#SQSTM1		Class
http://www.semanticweb.org/fangli/ontologies/2019/2/untitled-ontology-107#ST8_alpha-N-acetyl-neuraminide_alpha-2,8-sialyltransferase_3		Class
http://www.semanticweb.org/fangli/ontologies/2019/2/untitled-ontology-107#SUMO_specific_peptidase_1		Class
http://www.semanticweb.org/fangli/ontologies/2019/2/untitled-ontology-107#Scavenger_receptor_class_A_member_3		Class
http://www.semanticweb.org/fangli/ontologies/2019/2/untitled-ontology-107#Secondary_metabolic_process		Class
http://www.semanticweb.org/fangli/ontologies/2019/2/untitled-ontology-107#Secreted_frizzled_related_protein_1		Class
http://www.semanticweb.org/fangli/ontologies/2019/2/untitled-ontology-107#Secretogranin_III		Class
http://www.semanticweb.org/fangli/ontologies/2019/2/untitled-ontology-107#Selective_serotonin_reuptake_inhibitor		Class
http://www.semanticweb.org/fangli/ontologies/2019/2/untitled-ontology-107#Semaphorin_3F		Class
http://www.semanticweb.org/fangli/ontologies/2019/2/untitled-ontology-107#Sensorimotor_cortex		Class
http://www.semanticweb.org/fangli/ontologies/2019/2/untitled-ontology-107#Sepsis-Associated_Encephalopathy		Class
http://www.semanticweb.org/fangli/ontologies/2019/2/untitled-ontology-107#Septal_nuclei		Class
http://www.semanticweb.org/fangli/ontologies/2019/2/untitled-ontology-107#Septin_10		Class
http://www.semanticweb.org/fangli/ontologies/2019/2/untitled-ontology-107#Septin_11		Class
http://www.semanticweb.org/fangli/ontologies/2019/2/untitled-ontology-107#Septin_5		Class
http://www.semanticweb.org/fangli/ontologies/2019/2/untitled-ontology-107#Septum_of_brain		Class
http://www.semanticweb.org/fangli/ontologies/2019/2/untitled-ontology-107#Septum_pellucidum		Class
http://www.semanticweb.org/fangli/ontologies/2019/2/untitled-ontology-107#Serine_and_arginine_rich_splicing_factor_2		Class
http://www.semanticweb.org/fangli/ontologies/2019/2/untitled-ontology-107#Serine_palmitoyltransferase_long_chain_base_subunit_3		Class
http://www.semanticweb.org/fangli/ontologies/2019/2/untitled-ontology-107#Serine_racemase		Class
http://www.semanticweb.org/fangli/ontologies/2019/2/untitled-ontology-107#Serotonin-norepinephrine_reuptake_inhibitor		Class
http://www.semanticweb.org/fangli/ontologies/2019/2/untitled-ontology-107#Serpin_family_A_member_3		Class
http://www.semanticweb.org/fangli/ontologies/2019/2/untitled-ontology-107#Sertraline		Class
http://www.semanticweb.org/fangli/ontologies/2019/2/untitled-ontology-107#Severe_stage_of_dementia_due_to_AD		Class
http://www.semanticweb.org/fangli/ontologies/2019/2/untitled-ontology-107#Sexually_inappropriate_behavior		Class
http://www.semanticweb.org/fangli/ontologies/2019/2/untitled-ontology-107#Short-term_memory_impairment		Class
http://www.semanticweb.org/fangli/ontologies/2019/2/untitled-ontology-107#Short_chain_dehydrogenase/reductase_family_9C_member_7		Class
http://www.semanticweb.org/fangli/ontologies/2019/2/untitled-ontology-107#Sialic_acid_binding_Ig_like_lectin_1		Class
http://www.semanticweb.org/fangli/ontologies/2019/2/untitled-ontology-107#Sialic_acid_binding_Ig_like_lectin_14		Class
http://www.semanticweb.org/fangli/ontologies/2019/2/untitled-ontology-107#Sialic_acid_binding_Ig_like_lectin_8		Class
http://www.semanticweb.org/fangli/ontologies/2019/2/untitled-ontology-107#Sialic_acid_binding_Ig_like_lectin_9		Class
http://www.semanticweb.org/fangli/ontologies/2019/2/untitled-ontology-107#Signal-induced_proliferation-associated_1		Class
http://www.semanticweb.org/fangli/ontologies/2019/2/untitled-ontology-107#Signal_peptidase_complex_subunit_1		Class
http://www.semanticweb.org/fangli/ontologies/2019/2/untitled-ontology-107#Signal_transducer_and_activator_of_transcription_3		Class
http://www.semanticweb.org/fangli/ontologies/2019/2/untitled-ontology-107#Signaling		Class
http://www.semanticweb.org/fangli/ontologies/2019/2/untitled-ontology-107#Signalling		Class
http://www.semanticweb.org/fangli/ontologies/2019/2/untitled-ontology-107#Sleep_Wake_Disorders		Class
http://www.semanticweb.org/fangli/ontologies/2019/2/untitled-ontology-107#Sleep_disorder		Class
http://www.semanticweb.org/fangli/ontologies/2019/2/untitled-ontology-107#Slit_guidance_ligand_2		Class
http://www.semanticweb.org/fangli/ontologies/2019/2/untitled-ontology-107#Slit_guidance_ligand_3		Class
http://www.semanticweb.org/fangli/ontologies/2019/2/untitled-ontology-107#Slower_reaction_time		Class
http://www.semanticweb.org/fangli/ontologies/2019/2/untitled-ontology-107#Small_molecule_metabolic_process		Class
http://www.semanticweb.org/fangli/ontologies/2019/2/untitled-ontology-107#Small_molecule_sensor_activity		Class
http://www.semanticweb.org/fangli/ontologies/2019/2/untitled-ontology-107#Socially_inappropriate_behavior		Class
http://www.semanticweb.org/fangli/ontologies/2019/2/untitled-ontology-107#Sodium_voltage-gated_channel_alpha_subunit_2		Class
http://www.semanticweb.org/fangli/ontologies/2019/2/untitled-ontology-107#Sodium_voltage-gated_channel_alpha_subunit_7		Class
http://www.semanticweb.org/fangli/ontologies/2019/2/untitled-ontology-107#Sodium_voltage-gated_channel_alpha_subunit_8		Class
http://www.semanticweb.org/fangli/ontologies/2019/2/untitled-ontology-107#Sodium_voltage-gated_channel_alpha_subunit_9		Class
http://www.semanticweb.org/fangli/ontologies/2019/2/untitled-ontology-107#Solitary_nucleus		Class
http://www.semanticweb.org/fangli/ontologies/2019/2/untitled-ontology-107#Solute_carrier_family_1_member_2		Class
http://www.semanticweb.org/fangli/ontologies/2019/2/untitled-ontology-107#Solute_carrier_family_22_member_23		Class
http://www.semanticweb.org/fangli/ontologies/2019/2/untitled-ontology-107#Solute_carrier_family_25_member_11		Class
http://www.semanticweb.org/fangli/ontologies/2019/2/untitled-ontology-107#Solute_carrier_family_25_member_45		Class
http://www.semanticweb.org/fangli/ontologies/2019/2/untitled-ontology-107#Solute_carrier_family_2_member_8		Class
http://www.semanticweb.org/fangli/ontologies/2019/2/untitled-ontology-107#Solute_carrier_family_30_member_3		Class
http://www.semanticweb.org/fangli/ontologies/2019/2/untitled-ontology-107#Solute_carrier_family_38_member_2		Class
http://www.semanticweb.org/fangli/ontologies/2019/2/untitled-ontology-107#Solute_carrier_family_4_member_10		Class
http://www.semanticweb.org/fangli/ontologies/2019/2/untitled-ontology-107#Solute_carrier_family_5_member_3		Class
http://www.semanticweb.org/fangli/ontologies/2019/2/untitled-ontology-107#Solute_carrier_family_8_member_A2		Class
http://www.semanticweb.org/fangli/ontologies/2019/2/untitled-ontology-107#Solute_carrier_organic_anion_transporter_family_member_1A2		Class
http://www.semanticweb.org/fangli/ontologies/2019/2/untitled-ontology-107#Somatosensory_cortex		Class
http://www.semanticweb.org/fangli/ontologies/2019/2/untitled-ontology-107#Somatotroph		Class
http://www.semanticweb.org/fangli/ontologies/2019/2/untitled-ontology-107#Sp1_transcription_factor		Class
http://www.semanticweb.org/fangli/ontologies/2019/2/untitled-ontology-107#Sphingosine-1-phosphate_lyase_1		Class
http://www.semanticweb.org/fangli/ontologies/2019/2/untitled-ontology-107#Sphingosine-1-phosphate_phosphatase_1		Class
http://www.semanticweb.org/fangli/ontologies/2019/2/untitled-ontology-107#Sphingosine-1-phosphate_receptor_1		Class
http://www.semanticweb.org/fangli/ontologies/2019/2/untitled-ontology-107#Spi-1_proto-oncogene		Class
http://www.semanticweb.org/fangli/ontologies/2019/2/untitled-ontology-107#Spinal_Cord_Diseases		Class
http://www.semanticweb.org/fangli/ontologies/2019/2/untitled-ontology-107#Spinal_cord		Class
http://www.semanticweb.org/fangli/ontologies/2019/2/untitled-ontology-107#Spinal_cord_dorsal_horn		Class
http://www.semanticweb.org/fangli/ontologies/2019/2/untitled-ontology-107#Spinal_cord_lateral_horn		Class
http://www.semanticweb.org/fangli/ontologies/2019/2/untitled-ontology-107#Spinal_cord_ventral_horn		Class
http://www.semanticweb.org/fangli/ontologies/2019/2/untitled-ontology-107#Spinal_trigeminal_nucleus		Class
http://www.semanticweb.org/fangli/ontologies/2019/2/untitled-ontology-107#Spinothalamic_tract		Class
http://www.semanticweb.org/fangli/ontologies/2019/2/untitled-ontology-107#Spleen_associated_tyrosine_kinase		Class
http://www.semanticweb.org/fangli/ontologies/2019/2/untitled-ontology-107#Sporadic_AD		Class
http://www.semanticweb.org/fangli/ontologies/2019/2/untitled-ontology-107#Star_related_lipid_transfer_domain_containing_10		Class
http://www.semanticweb.org/fangli/ontologies/2019/2/untitled-ontology-107#Staufen_double-stranded_RNA_binding_protein_1		Class
http://www.semanticweb.org/fangli/ontologies/2019/2/untitled-ontology-107#Sterol_regulatory_element_binding_transcription_factor_1		Class
http://www.semanticweb.org/fangli/ontologies/2019/2/untitled-ontology-107#Sterol_regulatory_element_binding_transcription_factor_2		Class
http://www.semanticweb.org/fangli/ontologies/2019/2/untitled-ontology-107#Structural_molecule_activity		Class
http://www.semanticweb.org/fangli/ontologies/2019/2/untitled-ontology-107#Subarachnoid_space		Class
http://www.semanticweb.org/fangli/ontologies/2019/2/untitled-ontology-107#Subcommissural_organ		Class
http://www.semanticweb.org/fangli/ontologies/2019/2/untitled-ontology-107#Subcortical_white_matter_atrophy		Class
http://www.semanticweb.org/fangli/ontologies/2019/2/untitled-ontology-107#Subcortical_white_matter_pallor		Class
http://www.semanticweb.org/fangli/ontologies/2019/2/untitled-ontology-107#Subcortical_white_matter_shrinkage		Class
http://www.semanticweb.org/fangli/ontologies/2019/2/untitled-ontology-107#Subdural_Effusion		Class
http://www.semanticweb.org/fangli/ontologies/2019/2/untitled-ontology-107#Subdural_space		Class
http://www.semanticweb.org/fangli/ontologies/2019/2/untitled-ontology-107#Subjective_cognitive_decline		Class
http://www.semanticweb.org/fangli/ontologies/2019/2/untitled-ontology-107#Substantia_gelatinosa		Class
http://www.semanticweb.org/fangli/ontologies/2019/2/untitled-ontology-107#Substantia_innominata		Class
http://www.semanticweb.org/fangli/ontologies/2019/2/untitled-ontology-107#Substantia_nigra		Class
http://www.semanticweb.org/fangli/ontologies/2019/2/untitled-ontology-107#Subthalamic_nucleus		Class
http://www.semanticweb.org/fangli/ontologies/2019/2/untitled-ontology-107#Subthalamus		Class
http://www.semanticweb.org/fangli/ontologies/2019/2/untitled-ontology-107#Succinate_dehydrogenase_complex_flavoprotein_subunit_A		Class
http://www.semanticweb.org/fangli/ontologies/2019/2/untitled-ontology-107#Sulfotransferase_family_2A_member_1		Class
http://www.semanticweb.org/fangli/ontologies/2019/2/untitled-ontology-107#Sulfotransferase_family_4A_member_1		Class
http://www.semanticweb.org/fangli/ontologies/2019/2/untitled-ontology-107#Sulfur_utilization		Class
http://www.semanticweb.org/fangli/ontologies/2019/2/untitled-ontology-107#Superior_colliculi		Class
http://www.semanticweb.org/fangli/ontologies/2019/2/untitled-ontology-107#Superior_olivary_complex		Class
http://www.semanticweb.org/fangli/ontologies/2019/2/untitled-ontology-107#Suprachiasmatic_nucleus		Class
http://www.semanticweb.org/fangli/ontologies/2019/2/untitled-ontology-107#Suprachiasmatic_nucleus_neurons		Class
http://www.semanticweb.org/fangli/ontologies/2019/2/untitled-ontology-107#Supraoptic_nucleus_neuron		Class
http://www.semanticweb.org/fangli/ontologies/2019/2/untitled-ontology-107#Symptom		Class
http://www.semanticweb.org/fangli/ontologies/2019/2/untitled-ontology-107#Synapse_function		Class
http://www.semanticweb.org/fangli/ontologies/2019/2/untitled-ontology-107#Synapsin_I		Class
http://www.semanticweb.org/fangli/ontologies/2019/2/untitled-ontology-107#Synapsin_II		Class
http://www.semanticweb.org/fangli/ontologies/2019/2/untitled-ontology-107#Synaptic_Ras_gtpase_activating_protein_1		Class
http://www.semanticweb.org/fangli/ontologies/2019/2/untitled-ontology-107#Synaptic_vesicle_glycoprotein_2B		Class
http://www.semanticweb.org/fangli/ontologies/2019/2/untitled-ontology-107#Synaptophysin		Class
http://www.semanticweb.org/fangli/ontologies/2019/2/untitled-ontology-107#Synaptopodin		Class
http://www.semanticweb.org/fangli/ontologies/2019/2/untitled-ontology-107#Synaptosome_associated_protein_25		Class
http://www.semanticweb.org/fangli/ontologies/2019/2/untitled-ontology-107#Synaptosome_associated_protein_91		Class
http://www.semanticweb.org/fangli/ontologies/2019/2/untitled-ontology-107#Synaptotagmin_1		Class
http://www.semanticweb.org/fangli/ontologies/2019/2/untitled-ontology-107#Synaptotagmin_12		Class
http://www.semanticweb.org/fangli/ontologies/2019/2/untitled-ontology-107#Synaptotagmin_13		Class
http://www.semanticweb.org/fangli/ontologies/2019/2/untitled-ontology-107#Syntaxin_1A		Class
http://www.semanticweb.org/fangli/ontologies/2019/2/untitled-ontology-107#Syntaxin_binding_protein_5_like		Class
http://www.semanticweb.org/fangli/ontologies/2019/2/untitled-ontology-107#Syntrophin_beta_1		Class
http://www.semanticweb.org/fangli/ontologies/2019/2/untitled-ontology-107#Synuclein_alpha		Class
http://www.semanticweb.org/fangli/ontologies/2019/2/untitled-ontology-107#TARDBP		Class
http://www.semanticweb.org/fangli/ontologies/2019/2/untitled-ontology-107#TBP		Class
http://www.semanticweb.org/fangli/ontologies/2019/2/untitled-ontology-107#TIMP_metallopeptidase_inhibitor_3		Class
http://www.semanticweb.org/fangli/ontologies/2019/2/untitled-ontology-107#TNF		Class
http://www.semanticweb.org/fangli/ontologies/2019/2/untitled-ontology-107#TNF_receptor_superfamily_member_1A		Class
http://www.semanticweb.org/fangli/ontologies/2019/2/untitled-ontology-107#TRIO_and_F-actin_binding_protein		Class
http://www.semanticweb.org/fangli/ontologies/2019/2/untitled-ontology-107#TRPM7		Class
http://www.semanticweb.org/fangli/ontologies/2019/2/untitled-ontology-107#TTR		Class
http://www.semanticweb.org/fangli/ontologies/2019/2/untitled-ontology-107#TYRO_protein_tyrosine_kinase_binding_protein		Class
http://www.semanticweb.org/fangli/ontologies/2019/2/untitled-ontology-107#Talin_1		Class
http://www.semanticweb.org/fangli/ontologies/2019/2/untitled-ontology-107#Tartrate_metabolic_process		Class
http://www.semanticweb.org/fangli/ontologies/2019/2/untitled-ontology-107#Tau_hyperphosphorylation		Class
http://www.semanticweb.org/fangli/ontologies/2019/2/untitled-ontology-107#Tau_metabolism		Class
http://www.semanticweb.org/fangli/ontologies/2019/2/untitled-ontology-107#Tau_pathology		Class
http://www.semanticweb.org/fangli/ontologies/2019/2/untitled-ontology-107#Tectospinal_fibers		Class
http://www.semanticweb.org/fangli/ontologies/2019/2/untitled-ontology-107#Tectum_mesencephali		Class
http://www.semanticweb.org/fangli/ontologies/2019/2/untitled-ontology-107#Tegmentum_mesencephali		Class
http://www.semanticweb.org/fangli/ontologies/2019/2/untitled-ontology-107#Telencephalic_commissure		Class
http://www.semanticweb.org/fangli/ontologies/2019/2/untitled-ontology-107#Telencephalon		Class
http://www.semanticweb.org/fangli/ontologies/2019/2/untitled-ontology-107#Temazepam		Class
http://www.semanticweb.org/fangli/ontologies/2019/2/untitled-ontology-107#Temporal_lobe		Class
http://www.semanticweb.org/fangli/ontologies/2019/2/untitled-ontology-107#Thalamic_Diseases		Class
http://www.semanticweb.org/fangli/ontologies/2019/2/untitled-ontology-107#Thalamic_nuclei		Class
http://www.semanticweb.org/fangli/ontologies/2019/2/untitled-ontology-107#Thalamus		Class
http://www.semanticweb.org/fangli/ontologies/2019/2/untitled-ontology-107#Thioredoxin_related_transmembrane_protein_3		Class
http://www.semanticweb.org/fangli/ontologies/2019/2/untitled-ontology-107#Third_ventricle		Class
http://www.semanticweb.org/fangli/ontologies/2019/2/untitled-ontology-107#Thymocyte_expressed,_positive_selection_associated_1		Class
http://www.semanticweb.org/fangli/ontologies/2019/2/untitled-ontology-107#Thymopoietin		Class
http://www.semanticweb.org/fangli/ontologies/2019/2/untitled-ontology-107#Thyrotroph		Class
http://www.semanticweb.org/fangli/ontologies/2019/2/untitled-ontology-107#Toll_like_receptor_1		Class
http://www.semanticweb.org/fangli/ontologies/2019/2/untitled-ontology-107#Toll_like_receptor_2		Class
http://www.semanticweb.org/fangli/ontologies/2019/2/untitled-ontology-107#Toll_like_receptor_4		Class
http://www.semanticweb.org/fangli/ontologies/2019/2/untitled-ontology-107#Toll_like_receptor_5		Class
http://www.semanticweb.org/fangli/ontologies/2019/2/untitled-ontology-107#Toxic_conformation_of_tau		Class
http://www.semanticweb.org/fangli/ontologies/2019/2/untitled-ontology-107#Toxin_activity		Class
http://www.semanticweb.org/fangli/ontologies/2019/2/untitled-ontology-107#Transcription_regulator_activity		Class
http://www.semanticweb.org/fangli/ontologies/2019/2/untitled-ontology-107#Transforming_growth_factor_beta_1		Class
http://www.semanticweb.org/fangli/ontologies/2019/2/untitled-ontology-107#Transforming_growth_factor_beta_receptor_2		Class
http://www.semanticweb.org/fangli/ontologies/2019/2/untitled-ontology-107#Transgelin_3		Class
http://www.semanticweb.org/fangli/ontologies/2019/2/untitled-ontology-107#Transient_Global_Amnesia		Class
http://www.semanticweb.org/fangli/ontologies/2019/2/untitled-ontology-107#Translation_regulator_activity		Class
http://www.semanticweb.org/fangli/ontologies/2019/2/untitled-ontology-107#Translocase_of_inner_mitochondrial_membrane_13		Class
http://www.semanticweb.org/fangli/ontologies/2019/2/untitled-ontology-107#Translocase_of_outer_mitochondrial_membrane_70		Class
http://www.semanticweb.org/fangli/ontologies/2019/2/untitled-ontology-107#Transmembrane_BAX_inhibitor_motif_containing_1		Class
http://www.semanticweb.org/fangli/ontologies/2019/2/untitled-ontology-107#Transmembrane_protein_184B		Class
http://www.semanticweb.org/fangli/ontologies/2019/2/untitled-ontology-107#Transmembrane_protein_229B		Class
http://www.semanticweb.org/fangli/ontologies/2019/2/untitled-ontology-107#Transporter_activity		Class
http://www.semanticweb.org/fangli/ontologies/2019/2/untitled-ontology-107#Trapezoid_body		Class
http://www.semanticweb.org/fangli/ontologies/2019/2/untitled-ontology-107#Trazodone		Class
http://www.semanticweb.org/fangli/ontologies/2019/2/untitled-ontology-107#Trigeminal_caudal_nucleus		Class
http://www.semanticweb.org/fangli/ontologies/2019/2/untitled-ontology-107#Trigeminal_motor_nucleus		Class
http://www.semanticweb.org/fangli/ontologies/2019/2/untitled-ontology-107#Trigeminal_nuclei		Class
http://www.semanticweb.org/fangli/ontologies/2019/2/untitled-ontology-107#Triggering_receptor_expressed_on_myeloid_cells_2		Class
http://www.semanticweb.org/fangli/ontologies/2019/2/untitled-ontology-107#Tu_translation_elongation_factor,_mitochondrial		Class
http://www.semanticweb.org/fangli/ontologies/2019/2/untitled-ontology-107#Tuber_cinereum		Class
http://www.semanticweb.org/fangli/ontologies/2019/2/untitled-ontology-107#Tubulin_beta_3_class_III		Class
http://www.semanticweb.org/fangli/ontologies/2019/2/untitled-ontology-107#Tweety_family_member_2		Class
http://www.semanticweb.org/fangli/ontologies/2019/2/untitled-ontology-107#Tyrocidine_metabolic_process		Class
http://www.semanticweb.org/fangli/ontologies/2019/2/untitled-ontology-107#Tyrosyl-trna_synthetase		Class
http://www.semanticweb.org/fangli/ontologies/2019/2/untitled-ontology-107#Tyrosylprotein_sulfotransferase_1		Class
http://www.semanticweb.org/fangli/ontologies/2019/2/untitled-ontology-107#UDP_glycosyltransferase_8		Class
http://www.semanticweb.org/fangli/ontologies/2019/2/untitled-ontology-107#Ubiquinol-cytochrome_c_reductase_core_protein_1		Class
http://www.semanticweb.org/fangli/ontologies/2019/2/untitled-ontology-107#Ubiquitin_conjugating_enzyme_E2_T		Class
http://www.semanticweb.org/fangli/ontologies/2019/2/untitled-ontology-107#Unc-119_lipid_binding_chaperone_B		Class
http://www.semanticweb.org/fangli/ontologies/2019/2/untitled-ontology-107#Unc-13_homolog_A		Class
http://www.semanticweb.org/fangli/ontologies/2019/2/untitled-ontology-107#Unc-5_netrin_receptor_C		Class
http://www.semanticweb.org/fangli/ontologies/2019/2/untitled-ontology-107#Unc-79_homolog,_NALCN_channel_complex_subunit		Class
http://www.semanticweb.org/fangli/ontologies/2019/2/untitled-ontology-107#Uncontrolled_eating		Class
http://www.semanticweb.org/fangli/ontologies/2019/2/untitled-ontology-107#VGF_nerve_growth_factor_inducible		Class
http://www.semanticweb.org/fangli/ontologies/2019/2/untitled-ontology-107#Valosin_containing_protein		Class
http://www.semanticweb.org/fangli/ontologies/2019/2/untitled-ontology-107#Vascular_Dementia		Class
http://www.semanticweb.org/fangli/ontologies/2019/2/untitled-ontology-107#Ventral_striatum		Class
http://www.semanticweb.org/fangli/ontologies/2019/2/untitled-ontology-107#Ventral_tegmental_area		Class
http://www.semanticweb.org/fangli/ontologies/2019/2/untitled-ontology-107#Ventral_thalamic_nucleus		Class
http://www.semanticweb.org/fangli/ontologies/2019/2/untitled-ontology-107#Ventromedial_hypothalamic_nucleus		Class
http://www.semanticweb.org/fangli/ontologies/2019/2/untitled-ontology-107#Versican		Class
http://www.semanticweb.org/fangli/ontologies/2019/2/untitled-ontology-107#Vestibular_nuclei		Class
http://www.semanticweb.org/fangli/ontologies/2019/2/untitled-ontology-107#Visinin_like_1		Class
http://www.semanticweb.org/fangli/ontologies/2019/2/untitled-ontology-107#Visual_cortex		Class
http://www.semanticweb.org/fangli/ontologies/2019/2/untitled-ontology-107#Visual_loss		Class
http://www.semanticweb.org/fangli/ontologies/2019/2/untitled-ontology-107#Vitronectin		Class
http://www.semanticweb.org/fangli/ontologies/2019/2/untitled-ontology-107#Vocally_disruptive_behavior		Class
http://www.semanticweb.org/fangli/ontologies/2019/2/untitled-ontology-107#WDFY_family_member_4		Class
http://www.semanticweb.org/fangli/ontologies/2019/2/untitled-ontology-107#WD_repeat_domain_1		Class
http://www.semanticweb.org/fangli/ontologies/2019/2/untitled-ontology-107#WD_repeat_domain_7		Class
http://www.semanticweb.org/fangli/ontologies/2019/2/untitled-ontology-107#Wandering		Class
http://www.semanticweb.org/fangli/ontologies/2019/2/untitled-ontology-107#Wernicke_area		Class
http://www.semanticweb.org/fangli/ontologies/2019/2/untitled-ontology-107#White_matter		Class
http://www.semanticweb.org/fangli/ontologies/2019/2/untitled-ontology-107#Withdrawal_from_work_or_social_activity		Class
http://www.semanticweb.org/fangli/ontologies/2019/2/untitled-ontology-107#Wnt_family_member_10B		Class
http://www.semanticweb.org/fangli/ontologies/2019/2/untitled-ontology-107#Wnt_signalling		Class
http://www.semanticweb.org/fangli/ontologies/2019/2/untitled-ontology-107#Yes_associated_protein_1		Class
http://www.semanticweb.org/fangli/ontologies/2019/2/untitled-ontology-107#Yip1_interacting_factor_homolog_B,_membrane_trafficking_protein		Class
http://www.semanticweb.org/fangli/ontologies/2019/2/untitled-ontology-107#ZCWPW1		Class
http://www.semanticweb.org/fangli/ontologies/2019/2/untitled-ontology-107#ZW10_interacting_kinetochore_protein		Class
http://www.semanticweb.org/fangli/ontologies/2019/2/untitled-ontology-107#Zinc_finger_and_BTB_domain_containing_16		Class
http://www.semanticweb.org/fangli/ontologies/2019/2/untitled-ontology-107#Zinc_finger_protein_536		Class
http://www.semanticweb.org/fangli/ontologies/2019/2/untitled-ontology-107#Ziprasidone		Class
http://www.semanticweb.org/fangli/ontologies/2019/2/untitled-ontology-107#Zona_incerta		Class
http://www.semanticweb.org/fangli/ontologies/2019/2/untitled-ontology-107#lonafarnib		Named individual
http://www.semanticweb.org/fangli/ontologies/2019/2/untitled-ontology-107#mTOR_signaling		Class
http://www.semanticweb.org/fangli/ontologies/2019/2/untitled-ontology-107#tau_inclusion		Named individual
http://www.semanticweb.org/fangli/ontologies/2019/2/untitled-ontology-107#tau_metabolism		Named individual
http://www.semanticweb.org/fangli/ontologies/2019/2/untitled-ontology-107#tau_sumoylation		Named individual
http://www.semanticweb.org/fangli/ontologies/2019/2/untitled-ontology-107#tau_ubiquitination		Named individual
http://www.semanticweb.org/fangli/ontologies/2019/2/untitled-ontology-107#β-secretase_inhibitor		Class
http://www.semanticweb.org/fangli/ontologies/2019/2/untitled-ontology-107#γ-secretase_inhibitor		Class
